2026-06-24 00:05:41 INFO  c.e.l.ProductoServiceTest - Starting ProductoServiceTest using Java 21.0.11 with PID 42504 (started by apric in /run/media/apric/a0483016-93be-4d8d-b285-30d2ee3fccb7/GitHub/lbMarket/LibreriaMaketCatalogService/libreriaMarketCatalogService)
2026-06-24 00:05:41 DEBUG c.e.l.ProductoServiceTest - Running with Spring Boot v4.0.0, Spring v7.0.1
2026-06-24 00:05:41 INFO  c.e.l.ProductoServiceTest - The following 1 profile is active: "test"
2026-06-24 00:05:41 INFO  o.s.d.r.config.RepositoryConfigurationDelegate - Bootstrapping Spring Data JPA repositories in DEFAULT mode.
2026-06-24 00:05:41 INFO  o.s.d.r.config.RepositoryConfigurationDelegate - Finished Spring Data repository scanning in 97 ms. Found 2 JPA repository interfaces.
2026-06-24 00:05:42 INFO  o.springframework.cloud.context.scope.GenericScope - BeanFactory id=e80de23b-229b-306e-8490-0734d61a73db
2026-06-24 00:05:42 INFO  com.zaxxer.hikari.HikariDataSource - HikariPool-1 - Starting...
2026-06-24 00:05:43 INFO  com.zaxxer.hikari.pool.HikariPool - HikariPool-1 - Added connection com.mysql.cj.jdbc.ConnectionImpl@b859355
2026-06-24 00:05:43 INFO  com.zaxxer.hikari.HikariDataSource - HikariPool-1 - Start completed.
2026-06-24 00:05:43 INFO  org.flywaydb.core.FlywayExecutor - Database: jdbc:mysql://localhost:3306/catalog_db (MySQL 12.3)
2026-06-24 00:05:43 WARN  org.flywaydb.core.internal.database.base.Database - Using MariaDB 12.3 which is newer than the version Flyway has been verified with. The latest verified version of MariaDB is 11.7.
2026-06-24 00:05:43 INFO  org.flywaydb.core.internal.command.DbValidate - Successfully validated 3 migrations (execution time 00:00.024s)
2026-06-24 00:05:43 INFO  org.flywaydb.core.internal.command.DbMigrate - Current version of schema `catalog_db`: 3
2026-06-24 00:05:43 INFO  org.flywaydb.core.internal.command.DbMigrate - Schema `catalog_db` is up to date. No migration necessary.
2026-06-24 00:05:43 INFO  o.s.o.j.persistenceunit.SpringPersistenceUnitInfo - No LoadTimeWeaver setup: ignoring JPA class transformer
2026-06-24 00:05:44 INFO  o.s.orm.jpa.LocalContainerEntityManagerFactoryBean - Initialized JPA EntityManagerFactory for persistence unit 'default'
2026-06-24 00:05:44 WARN  o.s.b.j.a.JpaBaseConfiguration$JpaWebConfiguration - spring.jpa.open-in-view is enabled by default. Therefore, database queries may be performed during view rendering. Explicitly configure spring.jpa.open-in-view to disable this warning
2026-06-24 00:05:44 INFO  o.s.s.c.a.a.c.InitializeUserDetailsBeanManagerConfigurer$InitializeUserDetailsManagerConfigurer - Global AuthenticationManager configured with UserDetailsService bean with name userDetailsService
2026-06-24 00:05:45 INFO  o.s.c.n.e.c.DiscoveryClientOptionalArgsConfiguration - Eureka HTTP Client uses RestClient.
2026-06-24 00:05:45 WARN  o.s.c.l.c.LoadBalancerCacheAutoConfiguration$LoadBalancerCaffeineWarnLogger - Spring Cloud LoadBalancer is currently working with the default cache. While this cache implementation is useful for development and tests, it's recommended to use Caffeine cache in production.You can switch to using Caffeine cache, by adding it and org.springframework.cache.caffeine.CaffeineCacheManager to the classpath.
2026-06-24 00:05:45 INFO  c.e.l.ProductoServiceTest - Started ProductoServiceTest in 4.565 seconds (process running for 5.583)
2026-06-24 00:05:45 INFO  o.s.cloud.netflix.eureka.InstanceInfoFactory - Setting initial instance status as: STARTING
2026-06-24 00:05:45 INFO  o.s.c.n.e.serviceregistry.EurekaServiceRegistry - Unregistering application LMCATALOGMS with eureka with status DOWN
2026-06-24 00:05:45 INFO  o.s.orm.jpa.LocalContainerEntityManagerFactoryBean - Closing JPA EntityManagerFactory for persistence unit 'default'
2026-06-24 00:05:45 INFO  com.zaxxer.hikari.HikariDataSource - HikariPool-1 - Shutdown initiated...
2026-06-24 00:05:45 INFO  com.zaxxer.hikari.HikariDataSource - HikariPool-1 - Shutdown completed.
2026-06-24 00:15:38 INFO  c.e.l.ProductoServiceTest - Starting ProductoServiceTest using Java 21.0.11 with PID 43317 (started by apric in /run/media/apric/a0483016-93be-4d8d-b285-30d2ee3fccb7/GitHub/lbMarket/LibreriaMaketCatalogService/libreriaMarketCatalogService)
2026-06-24 00:15:38 DEBUG c.e.l.ProductoServiceTest - Running with Spring Boot v4.0.0, Spring v7.0.1
2026-06-24 00:15:38 INFO  c.e.l.ProductoServiceTest - The following 1 profile is active: "test"
2026-06-24 00:15:39 INFO  o.s.d.r.config.RepositoryConfigurationDelegate - Bootstrapping Spring Data JPA repositories in DEFAULT mode.
2026-06-24 00:15:39 INFO  o.s.d.r.config.RepositoryConfigurationDelegate - Finished Spring Data repository scanning in 89 ms. Found 2 JPA repository interfaces.
2026-06-24 00:15:40 INFO  o.springframework.cloud.context.scope.GenericScope - BeanFactory id=e80de23b-229b-306e-8490-0734d61a73db
2026-06-24 00:15:40 INFO  com.zaxxer.hikari.HikariDataSource - HikariPool-1 - Starting...
2026-06-24 00:15:41 INFO  com.zaxxer.hikari.pool.HikariPool - HikariPool-1 - Added connection com.mysql.cj.jdbc.ConnectionImpl@24fb752f
2026-06-24 00:15:41 INFO  com.zaxxer.hikari.HikariDataSource - HikariPool-1 - Start completed.
2026-06-24 00:15:41 INFO  org.flywaydb.core.FlywayExecutor - Database: jdbc:mysql://localhost:3306/catalog_db (MySQL 12.3)
2026-06-24 00:15:41 WARN  org.flywaydb.core.internal.database.base.Database - Using MariaDB 12.3 which is newer than the version Flyway has been verified with. The latest verified version of MariaDB is 11.7.
2026-06-24 00:15:41 INFO  org.flywaydb.core.internal.command.DbValidate - Successfully validated 3 migrations (execution time 00:00.022s)
2026-06-24 00:15:41 INFO  org.flywaydb.core.internal.command.DbMigrate - Current version of schema `catalog_db`: 3
2026-06-24 00:15:41 INFO  org.flywaydb.core.internal.command.DbMigrate - Schema `catalog_db` is up to date. No migration necessary.
2026-06-24 00:15:41 INFO  o.s.o.j.persistenceunit.SpringPersistenceUnitInfo - No LoadTimeWeaver setup: ignoring JPA class transformer
2026-06-24 00:15:42 INFO  o.s.orm.jpa.LocalContainerEntityManagerFactoryBean - Initialized JPA EntityManagerFactory for persistence unit 'default'
2026-06-24 00:15:42 WARN  o.s.b.j.a.JpaBaseConfiguration$JpaWebConfiguration - spring.jpa.open-in-view is enabled by default. Therefore, database queries may be performed during view rendering. Explicitly configure spring.jpa.open-in-view to disable this warning
2026-06-24 00:15:42 INFO  o.s.s.c.a.a.c.InitializeUserDetailsBeanManagerConfigurer$InitializeUserDetailsManagerConfigurer - Global AuthenticationManager configured with UserDetailsService bean with name userDetailsService
2026-06-24 00:15:43 INFO  o.s.c.n.e.c.DiscoveryClientOptionalArgsConfiguration - Eureka HTTP Client uses RestClient.
2026-06-24 00:15:43 WARN  o.s.c.l.c.LoadBalancerCacheAutoConfiguration$LoadBalancerCaffeineWarnLogger - Spring Cloud LoadBalancer is currently working with the default cache. While this cache implementation is useful for development and tests, it's recommended to use Caffeine cache in production.You can switch to using Caffeine cache, by adding it and org.springframework.cache.caffeine.CaffeineCacheManager to the classpath.
2026-06-24 00:15:43 INFO  c.e.l.ProductoServiceTest - Started ProductoServiceTest in 4.503 seconds (process running for 5.491)
2026-06-24 00:15:43 INFO  o.s.cloud.netflix.eureka.InstanceInfoFactory - Setting initial instance status as: STARTING
2026-06-24 00:15:43 INFO  o.s.c.n.e.serviceregistry.EurekaServiceRegistry - Unregistering application LMCATALOGMS with eureka with status DOWN
2026-06-24 00:15:43 INFO  o.s.orm.jpa.LocalContainerEntityManagerFactoryBean - Closing JPA EntityManagerFactory for persistence unit 'default'
2026-06-24 00:15:43 INFO  com.zaxxer.hikari.HikariDataSource - HikariPool-1 - Shutdown initiated...
2026-06-24 00:15:43 INFO  com.zaxxer.hikari.HikariDataSource - HikariPool-1 - Shutdown completed.
2026-06-24 00:17:29 INFO  c.e.l.ProductoServiceTest - Starting ProductoServiceTest using Java 21.0.11 with PID 43509 (started by apric in /run/media/apric/a0483016-93be-4d8d-b285-30d2ee3fccb7/GitHub/lbMarket/LibreriaMaketCatalogService/libreriaMarketCatalogService)
2026-06-24 00:17:29 DEBUG c.e.l.ProductoServiceTest - Running with Spring Boot v4.0.0, Spring v7.0.1
2026-06-24 00:17:29 INFO  c.e.l.ProductoServiceTest - The following 1 profile is active: "test"
2026-06-24 00:17:30 INFO  o.s.d.r.config.RepositoryConfigurationDelegate - Bootstrapping Spring Data JPA repositories in DEFAULT mode.
2026-06-24 00:17:30 INFO  o.s.d.r.config.RepositoryConfigurationDelegate - Finished Spring Data repository scanning in 91 ms. Found 2 JPA repository interfaces.
2026-06-24 00:17:30 INFO  o.springframework.cloud.context.scope.GenericScope - BeanFactory id=e80de23b-229b-306e-8490-0734d61a73db
2026-06-24 00:17:31 INFO  com.zaxxer.hikari.HikariDataSource - HikariPool-1 - Starting...
2026-06-24 00:17:31 INFO  com.zaxxer.hikari.pool.HikariPool - HikariPool-1 - Added connection com.mysql.cj.jdbc.ConnectionImpl@3ca9d3b2
2026-06-24 00:17:31 INFO  com.zaxxer.hikari.HikariDataSource - HikariPool-1 - Start completed.
2026-06-24 00:17:31 INFO  org.flywaydb.core.FlywayExecutor - Database: jdbc:mysql://localhost:3306/catalog_db (MySQL 12.3)
2026-06-24 00:17:32 WARN  org.flywaydb.core.internal.database.base.Database - Using MariaDB 12.3 which is newer than the version Flyway has been verified with. The latest verified version of MariaDB is 11.7.
2026-06-24 00:17:32 INFO  org.flywaydb.core.internal.command.DbValidate - Successfully validated 3 migrations (execution time 00:00.023s)
2026-06-24 00:17:32 INFO  org.flywaydb.core.internal.command.DbMigrate - Current version of schema `catalog_db`: 3
2026-06-24 00:17:32 INFO  org.flywaydb.core.internal.command.DbMigrate - Schema `catalog_db` is up to date. No migration necessary.
2026-06-24 00:17:32 INFO  o.s.o.j.persistenceunit.SpringPersistenceUnitInfo - No LoadTimeWeaver setup: ignoring JPA class transformer
2026-06-24 00:17:33 INFO  o.s.orm.jpa.LocalContainerEntityManagerFactoryBean - Initialized JPA EntityManagerFactory for persistence unit 'default'
2026-06-24 00:17:33 WARN  o.s.b.j.a.JpaBaseConfiguration$JpaWebConfiguration - spring.jpa.open-in-view is enabled by default. Therefore, database queries may be performed during view rendering. Explicitly configure spring.jpa.open-in-view to disable this warning
2026-06-24 00:17:33 INFO  o.s.s.c.a.a.c.InitializeUserDetailsBeanManagerConfigurer$InitializeUserDetailsManagerConfigurer - Global AuthenticationManager configured with UserDetailsService bean with name userDetailsService
2026-06-24 00:17:34 INFO  o.s.c.n.e.c.DiscoveryClientOptionalArgsConfiguration - Eureka HTTP Client uses RestClient.
2026-06-24 00:17:34 WARN  o.s.c.l.c.LoadBalancerCacheAutoConfiguration$LoadBalancerCaffeineWarnLogger - Spring Cloud LoadBalancer is currently working with the default cache. While this cache implementation is useful for development and tests, it's recommended to use Caffeine cache in production.You can switch to using Caffeine cache, by adding it and org.springframework.cache.caffeine.CaffeineCacheManager to the classpath.
2026-06-24 00:17:34 INFO  c.e.l.ProductoServiceTest - Started ProductoServiceTest in 4.472 seconds (process running for 5.45)
2026-06-24 00:17:34 INFO  o.s.cloud.netflix.eureka.InstanceInfoFactory - Setting initial instance status as: STARTING
2026-06-24 00:17:34 INFO  o.s.c.n.e.serviceregistry.EurekaServiceRegistry - Unregistering application LMCATALOGMS with eureka with status DOWN
2026-06-24 00:17:34 INFO  o.s.orm.jpa.LocalContainerEntityManagerFactoryBean - Closing JPA EntityManagerFactory for persistence unit 'default'
2026-06-24 00:17:34 INFO  com.zaxxer.hikari.HikariDataSource - HikariPool-1 - Shutdown initiated...
2026-06-24 00:17:34 INFO  com.zaxxer.hikari.HikariDataSource - HikariPool-1 - Shutdown completed.
2026-06-24 00:22:54 INFO  c.e.l.ProductoServiceTest - Starting ProductoServiceTest using Java 21.0.11 with PID 43934 (started by apric in /run/media/apric/a0483016-93be-4d8d-b285-30d2ee3fccb7/GitHub/lbMarket/LibreriaMaketCatalogService/libreriaMarketCatalogService)
2026-06-24 00:22:54 DEBUG c.e.l.ProductoServiceTest - Running with Spring Boot v4.0.0, Spring v7.0.1
2026-06-24 00:22:54 INFO  c.e.l.ProductoServiceTest - The following 1 profile is active: "test"
2026-06-24 00:22:55 INFO  o.s.d.r.config.RepositoryConfigurationDelegate - Bootstrapping Spring Data JPA repositories in DEFAULT mode.
2026-06-24 00:22:55 INFO  o.s.d.r.config.RepositoryConfigurationDelegate - Finished Spring Data repository scanning in 90 ms. Found 2 JPA repository interfaces.
2026-06-24 00:22:55 INFO  o.springframework.cloud.context.scope.GenericScope - BeanFactory id=e80de23b-229b-306e-8490-0734d61a73db
2026-06-24 00:22:56 INFO  com.zaxxer.hikari.HikariDataSource - HikariPool-1 - Starting...
2026-06-24 00:22:56 INFO  com.zaxxer.hikari.pool.HikariPool - HikariPool-1 - Added connection com.mysql.cj.jdbc.ConnectionImpl@118879d2
2026-06-24 00:22:56 INFO  com.zaxxer.hikari.HikariDataSource - HikariPool-1 - Start completed.
2026-06-24 00:22:56 INFO  org.flywaydb.core.FlywayExecutor - Database: jdbc:mysql://localhost:3306/catalog_db (MySQL 12.3)
2026-06-24 00:22:56 WARN  org.flywaydb.core.internal.database.base.Database - Using MariaDB 12.3 which is newer than the version Flyway has been verified with. The latest verified version of MariaDB is 11.7.
2026-06-24 00:22:56 INFO  org.flywaydb.core.internal.command.DbValidate - Successfully validated 3 migrations (execution time 00:00.023s)
2026-06-24 00:22:56 INFO  org.flywaydb.core.internal.command.DbMigrate - Current version of schema `catalog_db`: 3
2026-06-24 00:22:56 INFO  org.flywaydb.core.internal.command.DbMigrate - Schema `catalog_db` is up to date. No migration necessary.
2026-06-24 00:22:56 INFO  o.s.o.j.persistenceunit.SpringPersistenceUnitInfo - No LoadTimeWeaver setup: ignoring JPA class transformer
2026-06-24 00:22:57 INFO  o.s.orm.jpa.LocalContainerEntityManagerFactoryBean - Initialized JPA EntityManagerFactory for persistence unit 'default'
2026-06-24 00:22:57 WARN  o.s.b.j.a.JpaBaseConfiguration$JpaWebConfiguration - spring.jpa.open-in-view is enabled by default. Therefore, database queries may be performed during view rendering. Explicitly configure spring.jpa.open-in-view to disable this warning
2026-06-24 00:22:57 INFO  o.s.s.c.a.a.c.InitializeUserDetailsBeanManagerConfigurer$InitializeUserDetailsManagerConfigurer - Global AuthenticationManager configured with UserDetailsService bean with name userDetailsService
2026-06-24 00:22:58 INFO  o.s.c.n.e.c.DiscoveryClientOptionalArgsConfiguration - Eureka HTTP Client uses RestClient.
2026-06-24 00:22:58 WARN  o.s.c.l.c.LoadBalancerCacheAutoConfiguration$LoadBalancerCaffeineWarnLogger - Spring Cloud LoadBalancer is currently working with the default cache. While this cache implementation is useful for development and tests, it's recommended to use Caffeine cache in production.You can switch to using Caffeine cache, by adding it and org.springframework.cache.caffeine.CaffeineCacheManager to the classpath.
2026-06-24 00:22:58 INFO  c.e.l.ProductoServiceTest - Started ProductoServiceTest in 4.397 seconds (process running for 5.4)
2026-06-24 00:22:58 INFO  o.s.cloud.netflix.eureka.InstanceInfoFactory - Setting initial instance status as: STARTING
2026-06-24 00:22:58 INFO  o.s.c.n.e.serviceregistry.EurekaServiceRegistry - Unregistering application LMCATALOGMS with eureka with status DOWN
2026-06-24 00:22:58 INFO  o.s.orm.jpa.LocalContainerEntityManagerFactoryBean - Closing JPA EntityManagerFactory for persistence unit 'default'
2026-06-24 00:22:58 INFO  com.zaxxer.hikari.HikariDataSource - HikariPool-1 - Shutdown initiated...
2026-06-24 00:22:58 INFO  com.zaxxer.hikari.HikariDataSource - HikariPool-1 - Shutdown completed.
2026-06-24 00:23:09 INFO  c.e.l.ProductoServiceTest - Starting ProductoServiceTest using Java 21.0.11 with PID 44065 (started by apric in /run/media/apric/a0483016-93be-4d8d-b285-30d2ee3fccb7/GitHub/lbMarket/LibreriaMaketCatalogService/libreriaMarketCatalogService)
2026-06-24 00:23:09 DEBUG c.e.l.ProductoServiceTest - Running with Spring Boot v4.0.0, Spring v7.0.1
2026-06-24 00:23:09 INFO  c.e.l.ProductoServiceTest - The following 1 profile is active: "test"
2026-06-24 00:23:10 INFO  o.s.d.r.config.RepositoryConfigurationDelegate - Bootstrapping Spring Data JPA repositories in DEFAULT mode.
2026-06-24 00:23:10 INFO  o.s.d.r.config.RepositoryConfigurationDelegate - Finished Spring Data repository scanning in 91 ms. Found 2 JPA repository interfaces.
2026-06-24 00:23:10 INFO  o.springframework.cloud.context.scope.GenericScope - BeanFactory id=e80de23b-229b-306e-8490-0734d61a73db
2026-06-24 00:23:11 INFO  com.zaxxer.hikari.HikariDataSource - HikariPool-1 - Starting...
2026-06-24 00:23:11 INFO  com.zaxxer.hikari.pool.HikariPool - HikariPool-1 - Added connection com.mysql.cj.jdbc.ConnectionImpl@1fc4b8d6
2026-06-24 00:23:11 INFO  com.zaxxer.hikari.HikariDataSource - HikariPool-1 - Start completed.
2026-06-24 00:23:11 INFO  org.flywaydb.core.FlywayExecutor - Database: jdbc:mysql://localhost:3306/catalog_db (MySQL 12.3)
2026-06-24 00:23:11 WARN  org.flywaydb.core.internal.database.base.Database - Using MariaDB 12.3 which is newer than the version Flyway has been verified with. The latest verified version of MariaDB is 11.7.
2026-06-24 00:23:11 INFO  org.flywaydb.core.internal.command.DbValidate - Successfully validated 3 migrations (execution time 00:00.022s)
2026-06-24 00:23:11 INFO  org.flywaydb.core.internal.command.DbMigrate - Current version of schema `catalog_db`: 3
2026-06-24 00:23:11 INFO  org.flywaydb.core.internal.command.DbMigrate - Schema `catalog_db` is up to date. No migration necessary.
2026-06-24 00:23:12 INFO  o.s.o.j.persistenceunit.SpringPersistenceUnitInfo - No LoadTimeWeaver setup: ignoring JPA class transformer
2026-06-24 00:23:12 INFO  o.s.orm.jpa.LocalContainerEntityManagerFactoryBean - Initialized JPA EntityManagerFactory for persistence unit 'default'
2026-06-24 00:23:12 WARN  o.s.b.j.a.JpaBaseConfiguration$JpaWebConfiguration - spring.jpa.open-in-view is enabled by default. Therefore, database queries may be performed during view rendering. Explicitly configure spring.jpa.open-in-view to disable this warning
2026-06-24 00:23:13 INFO  o.s.s.c.a.a.c.InitializeUserDetailsBeanManagerConfigurer$InitializeUserDetailsManagerConfigurer - Global AuthenticationManager configured with UserDetailsService bean with name userDetailsService
2026-06-24 00:23:13 INFO  o.s.c.n.e.c.DiscoveryClientOptionalArgsConfiguration - Eureka HTTP Client uses RestClient.
2026-06-24 00:23:13 WARN  o.s.c.l.c.LoadBalancerCacheAutoConfiguration$LoadBalancerCaffeineWarnLogger - Spring Cloud LoadBalancer is currently working with the default cache. While this cache implementation is useful for development and tests, it's recommended to use Caffeine cache in production.You can switch to using Caffeine cache, by adding it and org.springframework.cache.caffeine.CaffeineCacheManager to the classpath.
2026-06-24 00:23:13 INFO  c.e.l.ProductoServiceTest - Started ProductoServiceTest in 4.659 seconds (process running for 5.791)
2026-06-24 00:23:14 INFO  o.s.cloud.netflix.eureka.InstanceInfoFactory - Setting initial instance status as: STARTING
2026-06-24 00:23:14 INFO  o.s.c.n.e.serviceregistry.EurekaServiceRegistry - Unregistering application LMCATALOGMS with eureka with status DOWN
2026-06-24 00:23:14 INFO  o.s.orm.jpa.LocalContainerEntityManagerFactoryBean - Closing JPA EntityManagerFactory for persistence unit 'default'
2026-06-24 00:23:14 INFO  com.zaxxer.hikari.HikariDataSource - HikariPool-1 - Shutdown initiated...
2026-06-24 00:23:14 INFO  com.zaxxer.hikari.HikariDataSource - HikariPool-1 - Shutdown completed.
2026-06-24 00:33:49 INFO  c.e.l.ProductoServiceTest - Starting ProductoServiceTest using Java 21.0.11 with PID 44926 (started by apric in /run/media/apric/a0483016-93be-4d8d-b285-30d2ee3fccb7/GitHub/lbMarket/LibreriaMaketCatalogService/libreriaMarketCatalogService)
2026-06-24 00:33:49 DEBUG c.e.l.ProductoServiceTest - Running with Spring Boot v4.0.0, Spring v7.0.1
2026-06-24 00:33:49 INFO  c.e.l.ProductoServiceTest - The following 1 profile is active: "test"
2026-06-24 00:33:49 INFO  o.s.d.r.config.RepositoryConfigurationDelegate - Bootstrapping Spring Data JPA repositories in DEFAULT mode.
2026-06-24 00:33:49 INFO  o.s.d.r.config.RepositoryConfigurationDelegate - Finished Spring Data repository scanning in 90 ms. Found 2 JPA repository interfaces.
2026-06-24 00:33:50 INFO  o.springframework.cloud.context.scope.GenericScope - BeanFactory id=e80de23b-229b-306e-8490-0734d61a73db
2026-06-24 00:33:51 INFO  com.zaxxer.hikari.HikariDataSource - HikariPool-1 - Starting...
2026-06-24 00:33:51 INFO  com.zaxxer.hikari.pool.HikariPool - HikariPool-1 - Added connection com.mysql.cj.jdbc.ConnectionImpl@1fc4b8d6
2026-06-24 00:33:51 INFO  com.zaxxer.hikari.HikariDataSource - HikariPool-1 - Start completed.
2026-06-24 00:33:51 INFO  org.flywaydb.core.FlywayExecutor - Database: jdbc:mysql://localhost:3306/catalog_db (MySQL 12.3)
2026-06-24 00:33:51 WARN  org.flywaydb.core.internal.database.base.Database - Using MariaDB 12.3 which is newer than the version Flyway has been verified with. The latest verified version of MariaDB is 11.7.
2026-06-24 00:33:51 INFO  org.flywaydb.core.internal.command.DbValidate - Successfully validated 3 migrations (execution time 00:00.023s)
2026-06-24 00:33:51 INFO  org.flywaydb.core.internal.command.DbMigrate - Current version of schema `catalog_db`: 3
2026-06-24 00:33:51 INFO  org.flywaydb.core.internal.command.DbMigrate - Schema `catalog_db` is up to date. No migration necessary.
2026-06-24 00:33:51 INFO  o.s.o.j.persistenceunit.SpringPersistenceUnitInfo - No LoadTimeWeaver setup: ignoring JPA class transformer
2026-06-24 00:33:52 INFO  o.s.orm.jpa.LocalContainerEntityManagerFactoryBean - Initialized JPA EntityManagerFactory for persistence unit 'default'
2026-06-24 00:33:52 WARN  o.s.b.j.a.JpaBaseConfiguration$JpaWebConfiguration - spring.jpa.open-in-view is enabled by default. Therefore, database queries may be performed during view rendering. Explicitly configure spring.jpa.open-in-view to disable this warning
2026-06-24 00:33:52 INFO  o.s.s.c.a.a.c.InitializeUserDetailsBeanManagerConfigurer$InitializeUserDetailsManagerConfigurer - Global AuthenticationManager configured with UserDetailsService bean with name userDetailsService
2026-06-24 00:33:53 INFO  o.s.c.n.e.c.DiscoveryClientOptionalArgsConfiguration - Eureka HTTP Client uses RestClient.
2026-06-24 00:33:53 WARN  o.s.c.l.c.LoadBalancerCacheAutoConfiguration$LoadBalancerCaffeineWarnLogger - Spring Cloud LoadBalancer is currently working with the default cache. While this cache implementation is useful for development and tests, it's recommended to use Caffeine cache in production.You can switch to using Caffeine cache, by adding it and org.springframework.cache.caffeine.CaffeineCacheManager to the classpath.
2026-06-24 00:33:53 INFO  c.e.l.ProductoServiceTest - Started ProductoServiceTest in 4.754 seconds (process running for 5.82)
2026-06-24 00:33:53 INFO  o.s.cloud.netflix.eureka.InstanceInfoFactory - Setting initial instance status as: STARTING
2026-06-24 00:33:53 INFO  o.s.c.n.e.serviceregistry.EurekaServiceRegistry - Unregistering application LMCATALOGMS with eureka with status DOWN
2026-06-24 00:33:53 INFO  o.s.orm.jpa.LocalContainerEntityManagerFactoryBean - Closing JPA EntityManagerFactory for persistence unit 'default'
2026-06-24 00:33:53 INFO  com.zaxxer.hikari.HikariDataSource - HikariPool-1 - Shutdown initiated...
2026-06-24 00:33:53 INFO  com.zaxxer.hikari.HikariDataSource - HikariPool-1 - Shutdown completed.
2026-06-24 00:38:29 INFO  c.e.l.ProductoServiceTest - Starting ProductoServiceTest using Java 21.0.11 with PID 45324 (started by apric in /run/media/apric/a0483016-93be-4d8d-b285-30d2ee3fccb7/GitHub/lbMarket/LibreriaMaketCatalogService/libreriaMarketCatalogService)
2026-06-24 00:38:29 DEBUG c.e.l.ProductoServiceTest - Running with Spring Boot v4.0.0, Spring v7.0.1
2026-06-24 00:38:29 INFO  c.e.l.ProductoServiceTest - The following 1 profile is active: "test"
2026-06-24 00:38:30 INFO  o.s.d.r.config.RepositoryConfigurationDelegate - Bootstrapping Spring Data JPA repositories in DEFAULT mode.
2026-06-24 00:38:30 INFO  o.s.d.r.config.RepositoryConfigurationDelegate - Finished Spring Data repository scanning in 93 ms. Found 2 JPA repository interfaces.
2026-06-24 00:38:30 INFO  o.springframework.cloud.context.scope.GenericScope - BeanFactory id=e80de23b-229b-306e-8490-0734d61a73db
2026-06-24 00:38:31 INFO  com.zaxxer.hikari.HikariDataSource - HikariPool-1 - Starting...
2026-06-24 00:38:31 INFO  com.zaxxer.hikari.pool.HikariPool - HikariPool-1 - Added connection com.mysql.cj.jdbc.ConnectionImpl@1d988297
2026-06-24 00:38:31 INFO  com.zaxxer.hikari.HikariDataSource - HikariPool-1 - Start completed.
2026-06-24 00:38:31 INFO  org.flywaydb.core.FlywayExecutor - Database: jdbc:mysql://localhost:3306/catalog_db (MySQL 12.3)
2026-06-24 00:38:31 WARN  org.flywaydb.core.internal.database.base.Database - Using MariaDB 12.3 which is newer than the version Flyway has been verified with. The latest verified version of MariaDB is 11.7.
2026-06-24 00:38:31 INFO  org.flywaydb.core.internal.command.DbValidate - Successfully validated 3 migrations (execution time 00:00.025s)
2026-06-24 00:38:31 INFO  org.flywaydb.core.internal.command.DbMigrate - Current version of schema `catalog_db`: 3
2026-06-24 00:38:31 INFO  org.flywaydb.core.internal.command.DbMigrate - Schema `catalog_db` is up to date. No migration necessary.
2026-06-24 00:38:32 INFO  o.s.o.j.persistenceunit.SpringPersistenceUnitInfo - No LoadTimeWeaver setup: ignoring JPA class transformer
2026-06-24 00:38:32 INFO  o.s.orm.jpa.LocalContainerEntityManagerFactoryBean - Initialized JPA EntityManagerFactory for persistence unit 'default'
2026-06-24 00:38:33 WARN  o.s.b.j.a.JpaBaseConfiguration$JpaWebConfiguration - spring.jpa.open-in-view is enabled by default. Therefore, database queries may be performed during view rendering. Explicitly configure spring.jpa.open-in-view to disable this warning
2026-06-24 00:38:33 INFO  o.s.s.c.a.a.c.InitializeUserDetailsBeanManagerConfigurer$InitializeUserDetailsManagerConfigurer - Global AuthenticationManager configured with UserDetailsService bean with name userDetailsService
2026-06-24 00:38:34 INFO  o.s.c.n.e.c.DiscoveryClientOptionalArgsConfiguration - Eureka HTTP Client uses RestClient.
2026-06-24 00:38:34 WARN  o.s.c.l.c.LoadBalancerCacheAutoConfiguration$LoadBalancerCaffeineWarnLogger - Spring Cloud LoadBalancer is currently working with the default cache. While this cache implementation is useful for development and tests, it's recommended to use Caffeine cache in production.You can switch to using Caffeine cache, by adding it and org.springframework.cache.caffeine.CaffeineCacheManager to the classpath.
2026-06-24 00:38:34 INFO  c.e.l.ProductoServiceTest - Started ProductoServiceTest in 4.579 seconds (process running for 5.601)
2026-06-24 00:38:34 INFO  o.s.cloud.netflix.eureka.InstanceInfoFactory - Setting initial instance status as: STARTING
2026-06-24 00:38:34 INFO  o.s.c.n.e.serviceregistry.EurekaServiceRegistry - Unregistering application LMCATALOGMS with eureka with status DOWN
2026-06-24 00:38:34 INFO  o.s.orm.jpa.LocalContainerEntityManagerFactoryBean - Closing JPA EntityManagerFactory for persistence unit 'default'
2026-06-24 00:38:34 INFO  com.zaxxer.hikari.HikariDataSource - HikariPool-1 - Shutdown initiated...
2026-06-24 00:38:34 INFO  com.zaxxer.hikari.HikariDataSource - HikariPool-1 - Shutdown completed.
2026-06-24 00:41:56 INFO  c.e.l.ProductoServiceTest - Starting ProductoServiceTest using Java 21.0.11 with PID 45705 (started by apric in /run/media/apric/a0483016-93be-4d8d-b285-30d2ee3fccb7/GitHub/lbMarket/LibreriaMaketCatalogService/libreriaMarketCatalogService)
2026-06-24 00:41:56 DEBUG c.e.l.ProductoServiceTest - Running with Spring Boot v4.0.0, Spring v7.0.1
2026-06-24 00:41:56 INFO  c.e.l.ProductoServiceTest - The following 1 profile is active: "test"
2026-06-24 00:41:57 INFO  o.s.d.r.config.RepositoryConfigurationDelegate - Bootstrapping Spring Data JPA repositories in DEFAULT mode.
2026-06-24 00:41:57 INFO  o.s.d.r.config.RepositoryConfigurationDelegate - Finished Spring Data repository scanning in 90 ms. Found 2 JPA repository interfaces.
2026-06-24 00:41:57 INFO  o.springframework.cloud.context.scope.GenericScope - BeanFactory id=e80de23b-229b-306e-8490-0734d61a73db
2026-06-24 00:41:58 INFO  com.zaxxer.hikari.HikariDataSource - HikariPool-1 - Starting...
2026-06-24 00:41:58 INFO  com.zaxxer.hikari.pool.HikariPool - HikariPool-1 - Added connection com.mysql.cj.jdbc.ConnectionImpl@68dbe225
2026-06-24 00:41:58 INFO  com.zaxxer.hikari.HikariDataSource - HikariPool-1 - Start completed.
2026-06-24 00:41:58 INFO  org.flywaydb.core.FlywayExecutor - Database: jdbc:mysql://localhost:3306/catalog_db (MySQL 12.3)
2026-06-24 00:41:58 WARN  org.flywaydb.core.internal.database.base.Database - Using MariaDB 12.3 which is newer than the version Flyway has been verified with. The latest verified version of MariaDB is 11.7.
2026-06-24 00:41:58 INFO  org.flywaydb.core.internal.command.DbValidate - Successfully validated 3 migrations (execution time 00:00.023s)
2026-06-24 00:41:58 INFO  org.flywaydb.core.internal.command.DbMigrate - Current version of schema `catalog_db`: 3
2026-06-24 00:41:58 INFO  org.flywaydb.core.internal.command.DbMigrate - Schema `catalog_db` is up to date. No migration necessary.
2026-06-24 00:41:58 INFO  o.s.o.j.persistenceunit.SpringPersistenceUnitInfo - No LoadTimeWeaver setup: ignoring JPA class transformer
2026-06-24 00:41:59 INFO  o.s.orm.jpa.LocalContainerEntityManagerFactoryBean - Initialized JPA EntityManagerFactory for persistence unit 'default'
2026-06-24 00:41:59 WARN  o.s.b.j.a.JpaBaseConfiguration$JpaWebConfiguration - spring.jpa.open-in-view is enabled by default. Therefore, database queries may be performed during view rendering. Explicitly configure spring.jpa.open-in-view to disable this warning
2026-06-24 00:41:59 INFO  o.s.s.c.a.a.c.InitializeUserDetailsBeanManagerConfigurer$InitializeUserDetailsManagerConfigurer - Global AuthenticationManager configured with UserDetailsService bean with name userDetailsService
2026-06-24 00:42:00 INFO  o.s.c.n.e.c.DiscoveryClientOptionalArgsConfiguration - Eureka HTTP Client uses RestClient.
2026-06-24 00:42:00 WARN  o.s.c.l.c.LoadBalancerCacheAutoConfiguration$LoadBalancerCaffeineWarnLogger - Spring Cloud LoadBalancer is currently working with the default cache. While this cache implementation is useful for development and tests, it's recommended to use Caffeine cache in production.You can switch to using Caffeine cache, by adding it and org.springframework.cache.caffeine.CaffeineCacheManager to the classpath.
2026-06-24 00:42:00 INFO  c.e.l.ProductoServiceTest - Started ProductoServiceTest in 4.327 seconds (process running for 5.523)
2026-06-24 00:42:00 INFO  o.s.cloud.netflix.eureka.InstanceInfoFactory - Setting initial instance status as: STARTING
2026-06-24 00:42:00 INFO  o.s.c.n.e.serviceregistry.EurekaServiceRegistry - Unregistering application LMCATALOGMS with eureka with status DOWN
2026-06-24 00:42:00 INFO  o.s.orm.jpa.LocalContainerEntityManagerFactoryBean - Closing JPA EntityManagerFactory for persistence unit 'default'
2026-06-24 00:42:00 INFO  com.zaxxer.hikari.HikariDataSource - HikariPool-1 - Shutdown initiated...
2026-06-24 00:42:00 INFO  com.zaxxer.hikari.HikariDataSource - HikariPool-1 - Shutdown completed.
2026-06-24 00:43:23 INFO  c.e.l.ProductoServiceTest - Starting ProductoServiceTest using Java 21.0.11 with PID 45916 (started by apric in /run/media/apric/a0483016-93be-4d8d-b285-30d2ee3fccb7/GitHub/lbMarket/LibreriaMaketCatalogService/libreriaMarketCatalogService)
2026-06-24 00:43:23 DEBUG c.e.l.ProductoServiceTest - Running with Spring Boot v4.0.0, Spring v7.0.1
2026-06-24 00:43:23 INFO  c.e.l.ProductoServiceTest - The following 1 profile is active: "test"
2026-06-24 00:43:23 INFO  o.s.d.r.config.RepositoryConfigurationDelegate - Bootstrapping Spring Data JPA repositories in DEFAULT mode.
2026-06-24 00:43:23 INFO  o.s.d.r.config.RepositoryConfigurationDelegate - Finished Spring Data repository scanning in 92 ms. Found 2 JPA repository interfaces.
2026-06-24 00:43:24 INFO  o.springframework.cloud.context.scope.GenericScope - BeanFactory id=e80de23b-229b-306e-8490-0734d61a73db
2026-06-24 00:43:25 INFO  com.zaxxer.hikari.HikariDataSource - HikariPool-1 - Starting...
2026-06-24 00:43:25 INFO  com.zaxxer.hikari.pool.HikariPool - HikariPool-1 - Added connection com.mysql.cj.jdbc.ConnectionImpl@a0e35c3
2026-06-24 00:43:25 INFO  com.zaxxer.hikari.HikariDataSource - HikariPool-1 - Start completed.
2026-06-24 00:43:25 INFO  org.flywaydb.core.FlywayExecutor - Database: jdbc:mysql://localhost:3306/catalog_db (MySQL 12.3)
2026-06-24 00:43:25 WARN  org.flywaydb.core.internal.database.base.Database - Using MariaDB 12.3 which is newer than the version Flyway has been verified with. The latest verified version of MariaDB is 11.7.
2026-06-24 00:43:25 INFO  org.flywaydb.core.internal.command.DbValidate - Successfully validated 3 migrations (execution time 00:00.022s)
2026-06-24 00:43:25 INFO  org.flywaydb.core.internal.command.DbMigrate - Current version of schema `catalog_db`: 3
2026-06-24 00:43:25 INFO  org.flywaydb.core.internal.command.DbMigrate - Schema `catalog_db` is up to date. No migration necessary.
2026-06-24 00:43:25 INFO  o.s.o.j.persistenceunit.SpringPersistenceUnitInfo - No LoadTimeWeaver setup: ignoring JPA class transformer
2026-06-24 00:43:26 INFO  o.s.orm.jpa.LocalContainerEntityManagerFactoryBean - Initialized JPA EntityManagerFactory for persistence unit 'default'
2026-06-24 00:43:26 WARN  o.s.b.j.a.JpaBaseConfiguration$JpaWebConfiguration - spring.jpa.open-in-view is enabled by default. Therefore, database queries may be performed during view rendering. Explicitly configure spring.jpa.open-in-view to disable this warning
2026-06-24 00:43:26 INFO  o.s.s.c.a.a.c.InitializeUserDetailsBeanManagerConfigurer$InitializeUserDetailsManagerConfigurer - Global AuthenticationManager configured with UserDetailsService bean with name userDetailsService
2026-06-24 00:43:27 INFO  o.s.c.n.e.c.DiscoveryClientOptionalArgsConfiguration - Eureka HTTP Client uses RestClient.
2026-06-24 00:43:27 WARN  o.s.c.l.c.LoadBalancerCacheAutoConfiguration$LoadBalancerCaffeineWarnLogger - Spring Cloud LoadBalancer is currently working with the default cache. While this cache implementation is useful for development and tests, it's recommended to use Caffeine cache in production.You can switch to using Caffeine cache, by adding it and org.springframework.cache.caffeine.CaffeineCacheManager to the classpath.
2026-06-24 00:43:27 INFO  c.e.l.ProductoServiceTest - Started ProductoServiceTest in 4.621 seconds (process running for 5.679)
2026-06-24 00:43:27 INFO  o.s.cloud.netflix.eureka.InstanceInfoFactory - Setting initial instance status as: STARTING
2026-06-24 00:43:27 INFO  o.s.c.n.e.serviceregistry.EurekaServiceRegistry - Unregistering application LMCATALOGMS with eureka with status DOWN
2026-06-24 00:43:27 INFO  o.s.orm.jpa.LocalContainerEntityManagerFactoryBean - Closing JPA EntityManagerFactory for persistence unit 'default'
2026-06-24 00:43:27 INFO  com.zaxxer.hikari.HikariDataSource - HikariPool-1 - Shutdown initiated...
2026-06-24 00:43:27 INFO  com.zaxxer.hikari.HikariDataSource - HikariPool-1 - Shutdown completed.
2026-06-24 12:42:50 INFO  c.e.l.ProveedorServiceTest - Starting ProveedorServiceTest using Java 21.0.11 with PID 10005 (started by apric in /run/media/apric/a0483016-93be-4d8d-b285-30d2ee3fccb7/GitHub/lbMarket/LibreriaMaketCatalogService/libreriaMarketCatalogService)
2026-06-24 12:42:50 DEBUG c.e.l.ProveedorServiceTest - Running with Spring Boot v4.0.0, Spring v7.0.1
2026-06-24 12:42:50 INFO  c.e.l.ProveedorServiceTest - The following 1 profile is active: "test"
2026-06-24 12:42:51 INFO  o.s.d.r.config.RepositoryConfigurationDelegate - Bootstrapping Spring Data JPA repositories in DEFAULT mode.
2026-06-24 12:42:51 INFO  o.s.d.r.config.RepositoryConfigurationDelegate - Finished Spring Data repository scanning in 109 ms. Found 2 JPA repository interfaces.
2026-06-24 12:42:52 INFO  o.springframework.cloud.context.scope.GenericScope - BeanFactory id=e80de23b-229b-306e-8490-0734d61a73db
2026-06-24 12:42:52 INFO  com.zaxxer.hikari.HikariDataSource - HikariPool-1 - Starting...
2026-06-24 12:42:53 INFO  com.zaxxer.hikari.pool.HikariPool - HikariPool-1 - Added connection com.mysql.cj.jdbc.ConnectionImpl@63c163e1
2026-06-24 12:42:53 INFO  com.zaxxer.hikari.HikariDataSource - HikariPool-1 - Start completed.
2026-06-24 12:42:53 INFO  org.flywaydb.core.FlywayExecutor - Database: jdbc:mysql://localhost:3306/catalog_db (MySQL 12.3)
2026-06-24 12:42:53 WARN  org.flywaydb.core.internal.database.base.Database - Using MariaDB 12.3 which is newer than the version Flyway has been verified with. The latest verified version of MariaDB is 11.7.
2026-06-24 12:42:53 INFO  org.flywaydb.core.internal.command.DbValidate - Successfully validated 3 migrations (execution time 00:00.034s)
2026-06-24 12:42:53 INFO  org.flywaydb.core.internal.command.DbMigrate - Current version of schema `catalog_db`: 3
2026-06-24 12:42:53 INFO  org.flywaydb.core.internal.command.DbMigrate - Schema `catalog_db` is up to date. No migration necessary.
2026-06-24 12:42:53 INFO  o.s.o.j.persistenceunit.SpringPersistenceUnitInfo - No LoadTimeWeaver setup: ignoring JPA class transformer
2026-06-24 12:42:54 INFO  o.s.orm.jpa.LocalContainerEntityManagerFactoryBean - Initialized JPA EntityManagerFactory for persistence unit 'default'
2026-06-24 12:42:54 INFO  o.s.d.jpa.repository.query.QueryEnhancerFactories - Hibernate is in classpath; If applicable, HQL parser will be used.
2026-06-24 12:42:54 WARN  o.s.b.j.a.JpaBaseConfiguration$JpaWebConfiguration - spring.jpa.open-in-view is enabled by default. Therefore, database queries may be performed during view rendering. Explicitly configure spring.jpa.open-in-view to disable this warning
2026-06-24 12:42:55 INFO  o.s.s.c.a.a.c.InitializeUserDetailsBeanManagerConfigurer$InitializeUserDetailsManagerConfigurer - Global AuthenticationManager configured with UserDetailsService bean with name userDetailsService
2026-06-24 12:42:55 INFO  o.s.c.n.e.c.DiscoveryClientOptionalArgsConfiguration - Eureka HTTP Client uses RestClient.
2026-06-24 12:42:55 WARN  o.s.c.l.c.LoadBalancerCacheAutoConfiguration$LoadBalancerCaffeineWarnLogger - Spring Cloud LoadBalancer is currently working with the default cache. While this cache implementation is useful for development and tests, it's recommended to use Caffeine cache in production.You can switch to using Caffeine cache, by adding it and org.springframework.cache.caffeine.CaffeineCacheManager to the classpath.
2026-06-24 12:42:55 INFO  c.e.l.ProveedorServiceTest - Started ProveedorServiceTest in 5.225 seconds (process running for 6.495)
2026-06-24 12:42:55 INFO  o.s.cloud.netflix.eureka.InstanceInfoFactory - Setting initial instance status as: STARTING
2026-06-24 12:42:55 INFO  o.s.c.n.e.serviceregistry.EurekaServiceRegistry - Unregistering application LMCATALOGMS with eureka with status DOWN
2026-06-24 12:42:55 INFO  o.s.orm.jpa.LocalContainerEntityManagerFactoryBean - Closing JPA EntityManagerFactory for persistence unit 'default'
2026-06-24 12:42:55 INFO  com.zaxxer.hikari.HikariDataSource - HikariPool-1 - Shutdown initiated...
2026-06-24 12:42:55 INFO  com.zaxxer.hikari.HikariDataSource - HikariPool-1 - Shutdown completed.
2026-06-24 12:43:50 INFO  c.e.l.ProveedorServiceTest - Starting ProveedorServiceTest using Java 21.0.11 with PID 10163 (started by apric in /run/media/apric/a0483016-93be-4d8d-b285-30d2ee3fccb7/GitHub/lbMarket/LibreriaMaketCatalogService/libreriaMarketCatalogService)
2026-06-24 12:43:50 DEBUG c.e.l.ProveedorServiceTest - Running with Spring Boot v4.0.0, Spring v7.0.1
2026-06-24 12:43:50 INFO  c.e.l.ProveedorServiceTest - The following 1 profile is active: "test"
2026-06-24 12:43:50 INFO  o.s.d.r.config.RepositoryConfigurationDelegate - Bootstrapping Spring Data JPA repositories in DEFAULT mode.
2026-06-24 12:43:51 INFO  o.s.d.r.config.RepositoryConfigurationDelegate - Finished Spring Data repository scanning in 95 ms. Found 2 JPA repository interfaces.
2026-06-24 12:43:51 INFO  o.springframework.cloud.context.scope.GenericScope - BeanFactory id=e80de23b-229b-306e-8490-0734d61a73db
2026-06-24 12:43:52 INFO  com.zaxxer.hikari.HikariDataSource - HikariPool-1 - Starting...
2026-06-24 12:43:52 INFO  com.zaxxer.hikari.pool.HikariPool - HikariPool-1 - Added connection com.mysql.cj.jdbc.ConnectionImpl@67730dab
2026-06-24 12:43:52 INFO  com.zaxxer.hikari.HikariDataSource - HikariPool-1 - Start completed.
2026-06-24 12:43:52 INFO  org.flywaydb.core.FlywayExecutor - Database: jdbc:mysql://localhost:3306/catalog_db (MySQL 12.3)
2026-06-24 12:43:52 WARN  org.flywaydb.core.internal.database.base.Database - Using MariaDB 12.3 which is newer than the version Flyway has been verified with. The latest verified version of MariaDB is 11.7.
2026-06-24 12:43:52 INFO  org.flywaydb.core.internal.command.DbValidate - Successfully validated 3 migrations (execution time 00:00.031s)
2026-06-24 12:43:52 INFO  org.flywaydb.core.internal.command.DbMigrate - Current version of schema `catalog_db`: 3
2026-06-24 12:43:52 INFO  org.flywaydb.core.internal.command.DbMigrate - Schema `catalog_db` is up to date. No migration necessary.
2026-06-24 12:43:52 INFO  o.s.o.j.persistenceunit.SpringPersistenceUnitInfo - No LoadTimeWeaver setup: ignoring JPA class transformer
2026-06-24 12:43:53 INFO  o.s.orm.jpa.LocalContainerEntityManagerFactoryBean - Initialized JPA EntityManagerFactory for persistence unit 'default'
2026-06-24 12:43:53 INFO  o.s.d.jpa.repository.query.QueryEnhancerFactories - Hibernate is in classpath; If applicable, HQL parser will be used.
2026-06-24 12:43:53 WARN  o.s.b.j.a.JpaBaseConfiguration$JpaWebConfiguration - spring.jpa.open-in-view is enabled by default. Therefore, database queries may be performed during view rendering. Explicitly configure spring.jpa.open-in-view to disable this warning
2026-06-24 12:43:53 INFO  o.s.s.c.a.a.c.InitializeUserDetailsBeanManagerConfigurer$InitializeUserDetailsManagerConfigurer - Global AuthenticationManager configured with UserDetailsService bean with name userDetailsService
2026-06-24 12:43:54 INFO  o.s.c.n.e.c.DiscoveryClientOptionalArgsConfiguration - Eureka HTTP Client uses RestClient.
2026-06-24 12:43:54 WARN  o.s.c.l.c.LoadBalancerCacheAutoConfiguration$LoadBalancerCaffeineWarnLogger - Spring Cloud LoadBalancer is currently working with the default cache. While this cache implementation is useful for development and tests, it's recommended to use Caffeine cache in production.You can switch to using Caffeine cache, by adding it and org.springframework.cache.caffeine.CaffeineCacheManager to the classpath.
2026-06-24 12:43:54 INFO  c.e.l.ProveedorServiceTest - Started ProveedorServiceTest in 4.52 seconds (process running for 5.54)
2026-06-24 12:43:54 INFO  o.s.cloud.netflix.eureka.InstanceInfoFactory - Setting initial instance status as: STARTING
2026-06-24 12:43:54 INFO  o.s.c.n.e.serviceregistry.EurekaServiceRegistry - Unregistering application LMCATALOGMS with eureka with status DOWN
2026-06-24 12:43:54 INFO  o.s.orm.jpa.LocalContainerEntityManagerFactoryBean - Closing JPA EntityManagerFactory for persistence unit 'default'
2026-06-24 12:43:54 INFO  com.zaxxer.hikari.HikariDataSource - HikariPool-1 - Shutdown initiated...
2026-06-24 12:43:54 INFO  com.zaxxer.hikari.HikariDataSource - HikariPool-1 - Shutdown completed.
2026-06-24 12:48:23 INFO  c.e.l.ProveedorServiceTest - Starting ProveedorServiceTest using Java 21.0.11 with PID 10454 (started by apric in /run/media/apric/a0483016-93be-4d8d-b285-30d2ee3fccb7/GitHub/lbMarket/LibreriaMaketCatalogService/libreriaMarketCatalogService)
2026-06-24 12:48:23 DEBUG c.e.l.ProveedorServiceTest - Running with Spring Boot v4.0.0, Spring v7.0.1
2026-06-24 12:48:23 INFO  c.e.l.ProveedorServiceTest - The following 1 profile is active: "test"
2026-06-24 12:48:24 INFO  o.s.d.r.config.RepositoryConfigurationDelegate - Bootstrapping Spring Data JPA repositories in DEFAULT mode.
2026-06-24 12:48:24 INFO  o.s.d.r.config.RepositoryConfigurationDelegate - Finished Spring Data repository scanning in 93 ms. Found 2 JPA repository interfaces.
2026-06-24 12:48:24 INFO  o.springframework.cloud.context.scope.GenericScope - BeanFactory id=e80de23b-229b-306e-8490-0734d61a73db
2026-06-24 12:48:25 INFO  com.zaxxer.hikari.HikariDataSource - HikariPool-1 - Starting...
2026-06-24 12:48:25 INFO  com.zaxxer.hikari.pool.HikariPool - HikariPool-1 - Added connection com.mysql.cj.jdbc.ConnectionImpl@28f3a218
2026-06-24 12:48:25 INFO  com.zaxxer.hikari.HikariDataSource - HikariPool-1 - Start completed.
2026-06-24 12:48:25 INFO  org.flywaydb.core.FlywayExecutor - Database: jdbc:mysql://localhost:3306/catalog_db (MySQL 12.3)
2026-06-24 12:48:25 WARN  org.flywaydb.core.internal.database.base.Database - Using MariaDB 12.3 which is newer than the version Flyway has been verified with. The latest verified version of MariaDB is 11.7.
2026-06-24 12:48:25 INFO  org.flywaydb.core.internal.command.DbValidate - Successfully validated 3 migrations (execution time 00:00.024s)
2026-06-24 12:48:25 INFO  org.flywaydb.core.internal.command.DbMigrate - Current version of schema `catalog_db`: 3
2026-06-24 12:48:25 INFO  org.flywaydb.core.internal.command.DbMigrate - Schema `catalog_db` is up to date. No migration necessary.
2026-06-24 12:48:26 INFO  o.s.o.j.persistenceunit.SpringPersistenceUnitInfo - No LoadTimeWeaver setup: ignoring JPA class transformer
2026-06-24 12:48:26 INFO  o.s.orm.jpa.LocalContainerEntityManagerFactoryBean - Initialized JPA EntityManagerFactory for persistence unit 'default'
2026-06-24 12:48:26 INFO  o.s.d.jpa.repository.query.QueryEnhancerFactories - Hibernate is in classpath; If applicable, HQL parser will be used.
2026-06-24 12:48:27 WARN  o.s.b.j.a.JpaBaseConfiguration$JpaWebConfiguration - spring.jpa.open-in-view is enabled by default. Therefore, database queries may be performed during view rendering. Explicitly configure spring.jpa.open-in-view to disable this warning
2026-06-24 12:48:27 INFO  o.s.s.c.a.a.c.InitializeUserDetailsBeanManagerConfigurer$InitializeUserDetailsManagerConfigurer - Global AuthenticationManager configured with UserDetailsService bean with name userDetailsService
2026-06-24 12:48:28 INFO  o.s.c.n.e.c.DiscoveryClientOptionalArgsConfiguration - Eureka HTTP Client uses RestClient.
2026-06-24 12:48:28 WARN  o.s.c.l.c.LoadBalancerCacheAutoConfiguration$LoadBalancerCaffeineWarnLogger - Spring Cloud LoadBalancer is currently working with the default cache. While this cache implementation is useful for development and tests, it's recommended to use Caffeine cache in production.You can switch to using Caffeine cache, by adding it and org.springframework.cache.caffeine.CaffeineCacheManager to the classpath.
2026-06-24 12:48:28 INFO  c.e.l.ProveedorServiceTest - Started ProveedorServiceTest in 4.543 seconds (process running for 5.593)
2026-06-24 12:48:28 INFO  o.s.cloud.netflix.eureka.InstanceInfoFactory - Setting initial instance status as: STARTING
2026-06-24 12:48:28 INFO  o.s.c.n.e.serviceregistry.EurekaServiceRegistry - Unregistering application LMCATALOGMS with eureka with status DOWN
2026-06-24 12:48:28 INFO  o.s.orm.jpa.LocalContainerEntityManagerFactoryBean - Closing JPA EntityManagerFactory for persistence unit 'default'
2026-06-24 12:48:28 INFO  com.zaxxer.hikari.HikariDataSource - HikariPool-1 - Shutdown initiated...
2026-06-24 12:48:28 INFO  com.zaxxer.hikari.HikariDataSource - HikariPool-1 - Shutdown completed.
2026-06-24 12:56:37 INFO  c.e.l.ProductoServiceTest - Starting ProductoServiceTest using Java 21.0.11 with PID 10884 (started by apric in /run/media/apric/a0483016-93be-4d8d-b285-30d2ee3fccb7/GitHub/lbMarket/LibreriaMaketCatalogService/libreriaMarketCatalogService)
2026-06-24 12:56:37 DEBUG c.e.l.ProductoServiceTest - Running with Spring Boot v4.0.0, Spring v7.0.1
2026-06-24 12:56:37 INFO  c.e.l.ProductoServiceTest - The following 1 profile is active: "test"
2026-06-24 12:56:38 INFO  o.s.d.r.config.RepositoryConfigurationDelegate - Bootstrapping Spring Data JPA repositories in DEFAULT mode.
2026-06-24 12:56:38 INFO  o.s.d.r.config.RepositoryConfigurationDelegate - Finished Spring Data repository scanning in 91 ms. Found 2 JPA repository interfaces.
2026-06-24 12:56:38 INFO  o.springframework.cloud.context.scope.GenericScope - BeanFactory id=e80de23b-229b-306e-8490-0734d61a73db
2026-06-24 12:56:39 INFO  com.zaxxer.hikari.HikariDataSource - HikariPool-1 - Starting...
2026-06-24 12:56:40 INFO  com.zaxxer.hikari.pool.HikariPool - HikariPool-1 - Added connection com.mysql.cj.jdbc.ConnectionImpl@5058fefb
2026-06-24 12:56:40 INFO  com.zaxxer.hikari.HikariDataSource - HikariPool-1 - Start completed.
2026-06-24 12:56:40 INFO  org.flywaydb.core.FlywayExecutor - Database: jdbc:mysql://localhost:3306/catalog_db (MySQL 12.3)
2026-06-24 12:56:40 WARN  org.flywaydb.core.internal.database.base.Database - Using MariaDB 12.3 which is newer than the version Flyway has been verified with. The latest verified version of MariaDB is 11.7.
2026-06-24 12:56:40 INFO  org.flywaydb.core.internal.command.DbValidate - Successfully validated 3 migrations (execution time 00:00.022s)
2026-06-24 12:56:40 INFO  org.flywaydb.core.internal.command.DbMigrate - Current version of schema `catalog_db`: 3
2026-06-24 12:56:40 INFO  org.flywaydb.core.internal.command.DbMigrate - Schema `catalog_db` is up to date. No migration necessary.
2026-06-24 12:56:40 INFO  o.s.o.j.persistenceunit.SpringPersistenceUnitInfo - No LoadTimeWeaver setup: ignoring JPA class transformer
2026-06-24 12:56:41 INFO  o.s.orm.jpa.LocalContainerEntityManagerFactoryBean - Initialized JPA EntityManagerFactory for persistence unit 'default'
2026-06-24 12:56:41 WARN  o.s.b.j.a.JpaBaseConfiguration$JpaWebConfiguration - spring.jpa.open-in-view is enabled by default. Therefore, database queries may be performed during view rendering. Explicitly configure spring.jpa.open-in-view to disable this warning
2026-06-24 12:56:41 INFO  o.s.s.c.a.a.c.InitializeUserDetailsBeanManagerConfigurer$InitializeUserDetailsManagerConfigurer - Global AuthenticationManager configured with UserDetailsService bean with name userDetailsService
2026-06-24 12:56:42 INFO  o.s.c.n.e.c.DiscoveryClientOptionalArgsConfiguration - Eureka HTTP Client uses RestClient.
2026-06-24 12:56:42 WARN  o.s.c.l.c.LoadBalancerCacheAutoConfiguration$LoadBalancerCaffeineWarnLogger - Spring Cloud LoadBalancer is currently working with the default cache. While this cache implementation is useful for development and tests, it's recommended to use Caffeine cache in production.You can switch to using Caffeine cache, by adding it and org.springframework.cache.caffeine.CaffeineCacheManager to the classpath.
2026-06-24 12:56:42 INFO  c.e.l.ProductoServiceTest - Started ProductoServiceTest in 4.625 seconds (process running for 5.681)
2026-06-24 12:56:42 INFO  o.s.cloud.netflix.eureka.InstanceInfoFactory - Setting initial instance status as: STARTING
2026-06-24 12:56:42 INFO  o.s.c.n.e.serviceregistry.EurekaServiceRegistry - Unregistering application LMCATALOGMS with eureka with status DOWN
2026-06-24 12:56:42 INFO  o.s.orm.jpa.LocalContainerEntityManagerFactoryBean - Closing JPA EntityManagerFactory for persistence unit 'default'
2026-06-24 12:56:42 INFO  com.zaxxer.hikari.HikariDataSource - HikariPool-1 - Shutdown initiated...
2026-06-24 12:56:42 INFO  com.zaxxer.hikari.HikariDataSource - HikariPool-1 - Shutdown completed.
2026-06-24 12:58:52 INFO  c.e.l.ProductoServiceTest - Starting ProductoServiceTest using Java 21.0.11 with PID 11086 (started by apric in /run/media/apric/a0483016-93be-4d8d-b285-30d2ee3fccb7/GitHub/lbMarket/LibreriaMaketCatalogService/libreriaMarketCatalogService)
2026-06-24 12:58:52 DEBUG c.e.l.ProductoServiceTest - Running with Spring Boot v4.0.0, Spring v7.0.1
2026-06-24 12:58:52 INFO  c.e.l.ProductoServiceTest - The following 1 profile is active: "test"
2026-06-24 12:58:53 INFO  o.s.d.r.config.RepositoryConfigurationDelegate - Bootstrapping Spring Data JPA repositories in DEFAULT mode.
2026-06-24 12:58:53 INFO  o.s.d.r.config.RepositoryConfigurationDelegate - Finished Spring Data repository scanning in 89 ms. Found 2 JPA repository interfaces.
2026-06-24 12:58:53 INFO  o.springframework.cloud.context.scope.GenericScope - BeanFactory id=e80de23b-229b-306e-8490-0734d61a73db
2026-06-24 12:58:54 INFO  com.zaxxer.hikari.HikariDataSource - HikariPool-1 - Starting...
2026-06-24 12:58:54 INFO  com.zaxxer.hikari.pool.HikariPool - HikariPool-1 - Added connection com.mysql.cj.jdbc.ConnectionImpl@723f8990
2026-06-24 12:58:54 INFO  com.zaxxer.hikari.HikariDataSource - HikariPool-1 - Start completed.
2026-06-24 12:58:54 INFO  org.flywaydb.core.FlywayExecutor - Database: jdbc:mysql://localhost:3306/catalog_db (MySQL 12.3)
2026-06-24 12:58:54 WARN  org.flywaydb.core.internal.database.base.Database - Using MariaDB 12.3 which is newer than the version Flyway has been verified with. The latest verified version of MariaDB is 11.7.
2026-06-24 12:58:54 INFO  org.flywaydb.core.internal.command.DbValidate - Successfully validated 3 migrations (execution time 00:00.023s)
2026-06-24 12:58:54 INFO  org.flywaydb.core.internal.command.DbMigrate - Current version of schema `catalog_db`: 3
2026-06-24 12:58:54 INFO  org.flywaydb.core.internal.command.DbMigrate - Schema `catalog_db` is up to date. No migration necessary.
2026-06-24 12:58:55 INFO  o.s.o.j.persistenceunit.SpringPersistenceUnitInfo - No LoadTimeWeaver setup: ignoring JPA class transformer
2026-06-24 12:58:55 INFO  o.s.orm.jpa.LocalContainerEntityManagerFactoryBean - Initialized JPA EntityManagerFactory for persistence unit 'default'
2026-06-24 12:58:56 WARN  o.s.b.j.a.JpaBaseConfiguration$JpaWebConfiguration - spring.jpa.open-in-view is enabled by default. Therefore, database queries may be performed during view rendering. Explicitly configure spring.jpa.open-in-view to disable this warning
2026-06-24 12:58:56 INFO  o.s.s.c.a.a.c.InitializeUserDetailsBeanManagerConfigurer$InitializeUserDetailsManagerConfigurer - Global AuthenticationManager configured with UserDetailsService bean with name userDetailsService
2026-06-24 12:58:57 INFO  o.s.c.n.e.c.DiscoveryClientOptionalArgsConfiguration - Eureka HTTP Client uses RestClient.
2026-06-24 12:58:57 WARN  o.s.c.l.c.LoadBalancerCacheAutoConfiguration$LoadBalancerCaffeineWarnLogger - Spring Cloud LoadBalancer is currently working with the default cache. While this cache implementation is useful for development and tests, it's recommended to use Caffeine cache in production.You can switch to using Caffeine cache, by adding it and org.springframework.cache.caffeine.CaffeineCacheManager to the classpath.
2026-06-24 12:58:57 INFO  c.e.l.ProductoServiceTest - Started ProductoServiceTest in 4.717 seconds (process running for 5.784)
2026-06-24 12:58:57 INFO  o.s.cloud.netflix.eureka.InstanceInfoFactory - Setting initial instance status as: STARTING
2026-06-24 12:58:57 INFO  o.s.c.n.e.serviceregistry.EurekaServiceRegistry - Unregistering application LMCATALOGMS with eureka with status DOWN
2026-06-24 12:58:57 INFO  o.s.orm.jpa.LocalContainerEntityManagerFactoryBean - Closing JPA EntityManagerFactory for persistence unit 'default'
2026-06-24 12:58:57 INFO  com.zaxxer.hikari.HikariDataSource - HikariPool-1 - Shutdown initiated...
2026-06-24 12:58:57 INFO  com.zaxxer.hikari.HikariDataSource - HikariPool-1 - Shutdown completed.
2026-06-24 12:59:47 INFO  c.e.l.ProductoServiceTest - Starting ProductoServiceTest using Java 21.0.11 with PID 11231 (started by apric in /run/media/apric/a0483016-93be-4d8d-b285-30d2ee3fccb7/GitHub/lbMarket/LibreriaMaketCatalogService/libreriaMarketCatalogService)
2026-06-24 12:59:47 DEBUG c.e.l.ProductoServiceTest - Running with Spring Boot v4.0.0, Spring v7.0.1
2026-06-24 12:59:47 INFO  c.e.l.ProductoServiceTest - The following 1 profile is active: "test"
2026-06-24 12:59:48 INFO  o.s.d.r.config.RepositoryConfigurationDelegate - Bootstrapping Spring Data JPA repositories in DEFAULT mode.
2026-06-24 12:59:48 INFO  o.s.d.r.config.RepositoryConfigurationDelegate - Finished Spring Data repository scanning in 90 ms. Found 2 JPA repository interfaces.
2026-06-24 12:59:48 INFO  o.springframework.cloud.context.scope.GenericScope - BeanFactory id=e80de23b-229b-306e-8490-0734d61a73db
2026-06-24 12:59:49 INFO  com.zaxxer.hikari.HikariDataSource - HikariPool-1 - Starting...
2026-06-24 12:59:50 INFO  com.zaxxer.hikari.pool.HikariPool - HikariPool-1 - Added connection com.mysql.cj.jdbc.ConnectionImpl@723f8990
2026-06-24 12:59:50 INFO  com.zaxxer.hikari.HikariDataSource - HikariPool-1 - Start completed.
2026-06-24 12:59:50 INFO  org.flywaydb.core.FlywayExecutor - Database: jdbc:mysql://localhost:3306/catalog_db (MySQL 12.3)
2026-06-24 12:59:50 WARN  org.flywaydb.core.internal.database.base.Database - Using MariaDB 12.3 which is newer than the version Flyway has been verified with. The latest verified version of MariaDB is 11.7.
2026-06-24 12:59:50 INFO  org.flywaydb.core.internal.command.DbValidate - Successfully validated 3 migrations (execution time 00:00.021s)
2026-06-24 12:59:50 INFO  org.flywaydb.core.internal.command.DbMigrate - Current version of schema `catalog_db`: 3
2026-06-24 12:59:50 INFO  org.flywaydb.core.internal.command.DbMigrate - Schema `catalog_db` is up to date. No migration necessary.
2026-06-24 12:59:50 INFO  o.s.o.j.persistenceunit.SpringPersistenceUnitInfo - No LoadTimeWeaver setup: ignoring JPA class transformer
2026-06-24 12:59:51 INFO  o.s.orm.jpa.LocalContainerEntityManagerFactoryBean - Initialized JPA EntityManagerFactory for persistence unit 'default'
2026-06-24 12:59:51 WARN  o.s.b.j.a.JpaBaseConfiguration$JpaWebConfiguration - spring.jpa.open-in-view is enabled by default. Therefore, database queries may be performed during view rendering. Explicitly configure spring.jpa.open-in-view to disable this warning
2026-06-24 12:59:51 INFO  o.s.s.c.a.a.c.InitializeUserDetailsBeanManagerConfigurer$InitializeUserDetailsManagerConfigurer - Global AuthenticationManager configured with UserDetailsService bean with name userDetailsService
2026-06-24 12:59:52 INFO  o.s.c.n.e.c.DiscoveryClientOptionalArgsConfiguration - Eureka HTTP Client uses RestClient.
2026-06-24 12:59:52 WARN  o.s.c.l.c.LoadBalancerCacheAutoConfiguration$LoadBalancerCaffeineWarnLogger - Spring Cloud LoadBalancer is currently working with the default cache. While this cache implementation is useful for development and tests, it's recommended to use Caffeine cache in production.You can switch to using Caffeine cache, by adding it and org.springframework.cache.caffeine.CaffeineCacheManager to the classpath.
2026-06-24 12:59:52 INFO  c.e.l.ProductoServiceTest - Started ProductoServiceTest in 4.635 seconds (process running for 5.691)
2026-06-24 12:59:52 INFO  o.s.cloud.netflix.eureka.InstanceInfoFactory - Setting initial instance status as: STARTING
2026-06-24 12:59:52 INFO  o.s.c.n.e.serviceregistry.EurekaServiceRegistry - Unregistering application LMCATALOGMS with eureka with status DOWN
2026-06-24 12:59:52 INFO  o.s.orm.jpa.LocalContainerEntityManagerFactoryBean - Closing JPA EntityManagerFactory for persistence unit 'default'
2026-06-24 12:59:52 INFO  com.zaxxer.hikari.HikariDataSource - HikariPool-1 - Shutdown initiated...
2026-06-24 12:59:52 INFO  com.zaxxer.hikari.HikariDataSource - HikariPool-1 - Shutdown completed.
2026-06-24 13:01:24 INFO  c.e.l.ProveedorServiceTest - Starting ProveedorServiceTest using Java 21.0.11 with PID 11390 (started by apric in /run/media/apric/a0483016-93be-4d8d-b285-30d2ee3fccb7/GitHub/lbMarket/LibreriaMaketCatalogService/libreriaMarketCatalogService)
2026-06-24 13:01:24 DEBUG c.e.l.ProveedorServiceTest - Running with Spring Boot v4.0.0, Spring v7.0.1
2026-06-24 13:01:24 INFO  c.e.l.ProveedorServiceTest - The following 1 profile is active: "test"
2026-06-24 13:01:25 INFO  o.s.d.r.config.RepositoryConfigurationDelegate - Bootstrapping Spring Data JPA repositories in DEFAULT mode.
2026-06-24 13:01:25 INFO  o.s.d.r.config.RepositoryConfigurationDelegate - Finished Spring Data repository scanning in 90 ms. Found 2 JPA repository interfaces.
2026-06-24 13:01:25 INFO  o.springframework.cloud.context.scope.GenericScope - BeanFactory id=e80de23b-229b-306e-8490-0734d61a73db
2026-06-24 13:01:26 INFO  com.zaxxer.hikari.HikariDataSource - HikariPool-1 - Starting...
2026-06-24 13:01:26 INFO  com.zaxxer.hikari.pool.HikariPool - HikariPool-1 - Added connection com.mysql.cj.jdbc.ConnectionImpl@ecfff32
2026-06-24 13:01:26 INFO  com.zaxxer.hikari.HikariDataSource - HikariPool-1 - Start completed.
2026-06-24 13:01:26 INFO  org.flywaydb.core.FlywayExecutor - Database: jdbc:mysql://localhost:3306/catalog_db (MySQL 12.3)
2026-06-24 13:01:26 WARN  org.flywaydb.core.internal.database.base.Database - Using MariaDB 12.3 which is newer than the version Flyway has been verified with. The latest verified version of MariaDB is 11.7.
2026-06-24 13:01:26 INFO  org.flywaydb.core.internal.command.DbValidate - Successfully validated 3 migrations (execution time 00:00.029s)
2026-06-24 13:01:26 INFO  org.flywaydb.core.internal.command.DbMigrate - Current version of schema `catalog_db`: 3
2026-06-24 13:01:26 INFO  org.flywaydb.core.internal.command.DbMigrate - Schema `catalog_db` is up to date. No migration necessary.
2026-06-24 13:01:26 INFO  o.s.o.j.persistenceunit.SpringPersistenceUnitInfo - No LoadTimeWeaver setup: ignoring JPA class transformer
2026-06-24 13:01:27 INFO  o.s.orm.jpa.LocalContainerEntityManagerFactoryBean - Initialized JPA EntityManagerFactory for persistence unit 'default'
2026-06-24 13:01:27 INFO  o.s.d.jpa.repository.query.QueryEnhancerFactories - Hibernate is in classpath; If applicable, HQL parser will be used.
2026-06-24 13:01:27 WARN  o.s.b.j.a.JpaBaseConfiguration$JpaWebConfiguration - spring.jpa.open-in-view is enabled by default. Therefore, database queries may be performed during view rendering. Explicitly configure spring.jpa.open-in-view to disable this warning
2026-06-24 13:01:28 INFO  o.s.s.c.a.a.c.InitializeUserDetailsBeanManagerConfigurer$InitializeUserDetailsManagerConfigurer - Global AuthenticationManager configured with UserDetailsService bean with name userDetailsService
2026-06-24 13:01:28 INFO  o.s.c.n.e.c.DiscoveryClientOptionalArgsConfiguration - Eureka HTTP Client uses RestClient.
2026-06-24 13:01:28 WARN  o.s.c.l.c.LoadBalancerCacheAutoConfiguration$LoadBalancerCaffeineWarnLogger - Spring Cloud LoadBalancer is currently working with the default cache. While this cache implementation is useful for development and tests, it's recommended to use Caffeine cache in production.You can switch to using Caffeine cache, by adding it and org.springframework.cache.caffeine.CaffeineCacheManager to the classpath.
2026-06-24 13:01:28 INFO  c.e.l.ProveedorServiceTest - Started ProveedorServiceTest in 4.501 seconds (process running for 5.506)
2026-06-24 13:01:28 INFO  o.s.cloud.netflix.eureka.InstanceInfoFactory - Setting initial instance status as: STARTING
2026-06-24 13:01:28 INFO  o.s.c.n.e.serviceregistry.EurekaServiceRegistry - Unregistering application LMCATALOGMS with eureka with status DOWN
2026-06-24 13:01:28 INFO  o.s.orm.jpa.LocalContainerEntityManagerFactoryBean - Closing JPA EntityManagerFactory for persistence unit 'default'
2026-06-24 13:01:28 INFO  com.zaxxer.hikari.HikariDataSource - HikariPool-1 - Shutdown initiated...
2026-06-24 13:01:28 INFO  com.zaxxer.hikari.HikariDataSource - HikariPool-1 - Shutdown completed.
2026-06-24 13:16:00 INFO  c.e.l.ProveedorServiceTest - Starting ProveedorServiceTest using Java 21.0.11 with PID 12020 (started by apric in /run/media/apric/a0483016-93be-4d8d-b285-30d2ee3fccb7/GitHub/lbMarket/LibreriaMaketCatalogService/libreriaMarketCatalogService)
2026-06-24 13:16:00 DEBUG c.e.l.ProveedorServiceTest - Running with Spring Boot v4.0.0, Spring v7.0.1
2026-06-24 13:16:00 INFO  c.e.l.ProveedorServiceTest - The following 1 profile is active: "test"
2026-06-24 13:16:01 INFO  o.s.d.r.config.RepositoryConfigurationDelegate - Bootstrapping Spring Data JPA repositories in DEFAULT mode.
2026-06-24 13:16:01 INFO  o.s.d.r.config.RepositoryConfigurationDelegate - Finished Spring Data repository scanning in 89 ms. Found 2 JPA repository interfaces.
2026-06-24 13:16:01 INFO  o.springframework.cloud.context.scope.GenericScope - BeanFactory id=e80de23b-229b-306e-8490-0734d61a73db
2026-06-24 13:16:02 INFO  com.zaxxer.hikari.HikariDataSource - HikariPool-1 - Starting...
2026-06-24 13:16:02 INFO  com.zaxxer.hikari.pool.HikariPool - HikariPool-1 - Added connection com.mysql.cj.jdbc.ConnectionImpl@3ca9d3b2
2026-06-24 13:16:02 INFO  com.zaxxer.hikari.HikariDataSource - HikariPool-1 - Start completed.
2026-06-24 13:16:02 INFO  org.flywaydb.core.FlywayExecutor - Database: jdbc:mysql://localhost:3306/catalog_db (MySQL 12.3)
2026-06-24 13:16:02 WARN  org.flywaydb.core.internal.database.base.Database - Using MariaDB 12.3 which is newer than the version Flyway has been verified with. The latest verified version of MariaDB is 11.7.
2026-06-24 13:16:02 INFO  org.flywaydb.core.internal.command.DbValidate - Successfully validated 3 migrations (execution time 00:00.023s)
2026-06-24 13:16:02 INFO  org.flywaydb.core.internal.command.DbMigrate - Current version of schema `catalog_db`: 3
2026-06-24 13:16:02 INFO  org.flywaydb.core.internal.command.DbMigrate - Schema `catalog_db` is up to date. No migration necessary.
2026-06-24 13:16:02 INFO  o.s.o.j.persistenceunit.SpringPersistenceUnitInfo - No LoadTimeWeaver setup: ignoring JPA class transformer
2026-06-24 13:16:03 INFO  o.s.orm.jpa.LocalContainerEntityManagerFactoryBean - Initialized JPA EntityManagerFactory for persistence unit 'default'
2026-06-24 13:16:03 INFO  o.s.d.jpa.repository.query.QueryEnhancerFactories - Hibernate is in classpath; If applicable, HQL parser will be used.
2026-06-24 13:16:03 WARN  o.s.b.j.a.JpaBaseConfiguration$JpaWebConfiguration - spring.jpa.open-in-view is enabled by default. Therefore, database queries may be performed during view rendering. Explicitly configure spring.jpa.open-in-view to disable this warning
2026-06-24 13:16:04 INFO  o.s.s.c.a.a.c.InitializeUserDetailsBeanManagerConfigurer$InitializeUserDetailsManagerConfigurer - Global AuthenticationManager configured with UserDetailsService bean with name userDetailsService
2026-06-24 13:16:04 INFO  o.s.c.n.e.c.DiscoveryClientOptionalArgsConfiguration - Eureka HTTP Client uses RestClient.
2026-06-24 13:16:04 WARN  o.s.c.l.c.LoadBalancerCacheAutoConfiguration$LoadBalancerCaffeineWarnLogger - Spring Cloud LoadBalancer is currently working with the default cache. While this cache implementation is useful for development and tests, it's recommended to use Caffeine cache in production.You can switch to using Caffeine cache, by adding it and org.springframework.cache.caffeine.CaffeineCacheManager to the classpath.
2026-06-24 13:16:04 INFO  c.e.l.ProveedorServiceTest - Started ProveedorServiceTest in 4.431 seconds (process running for 5.435)
2026-06-24 13:16:04 INFO  o.s.cloud.netflix.eureka.InstanceInfoFactory - Setting initial instance status as: STARTING
2026-06-24 13:16:04 INFO  o.s.c.n.e.serviceregistry.EurekaServiceRegistry - Unregistering application LMCATALOGMS with eureka with status DOWN
2026-06-24 13:16:04 INFO  o.s.orm.jpa.LocalContainerEntityManagerFactoryBean - Closing JPA EntityManagerFactory for persistence unit 'default'
2026-06-24 13:16:04 INFO  com.zaxxer.hikari.HikariDataSource - HikariPool-1 - Shutdown initiated...
2026-06-24 13:16:04 INFO  com.zaxxer.hikari.HikariDataSource - HikariPool-1 - Shutdown completed.
2026-06-24 13:21:31 INFO  c.e.l.ProveedorServiceTest - Starting ProveedorServiceTest using Java 21.0.11 with PID 12316 (started by apric in /run/media/apric/a0483016-93be-4d8d-b285-30d2ee3fccb7/GitHub/lbMarket/LibreriaMaketCatalogService/libreriaMarketCatalogService)
2026-06-24 13:21:31 DEBUG c.e.l.ProveedorServiceTest - Running with Spring Boot v4.0.0, Spring v7.0.1
2026-06-24 13:21:31 INFO  c.e.l.ProveedorServiceTest - The following 1 profile is active: "test"
2026-06-24 13:21:32 INFO  o.s.d.r.config.RepositoryConfigurationDelegate - Bootstrapping Spring Data JPA repositories in DEFAULT mode.
2026-06-24 13:21:32 INFO  o.s.d.r.config.RepositoryConfigurationDelegate - Finished Spring Data repository scanning in 89 ms. Found 2 JPA repository interfaces.
2026-06-24 13:21:32 INFO  o.springframework.cloud.context.scope.GenericScope - BeanFactory id=e80de23b-229b-306e-8490-0734d61a73db
2026-06-24 13:21:33 INFO  com.zaxxer.hikari.HikariDataSource - HikariPool-1 - Starting...
2026-06-24 13:21:33 INFO  com.zaxxer.hikari.pool.HikariPool - HikariPool-1 - Added connection com.mysql.cj.jdbc.ConnectionImpl@6fd37997
2026-06-24 13:21:33 INFO  com.zaxxer.hikari.HikariDataSource - HikariPool-1 - Start completed.
2026-06-24 13:21:33 INFO  org.flywaydb.core.FlywayExecutor - Database: jdbc:mysql://localhost:3306/catalog_db (MySQL 12.3)
2026-06-24 13:21:33 WARN  org.flywaydb.core.internal.database.base.Database - Using MariaDB 12.3 which is newer than the version Flyway has been verified with. The latest verified version of MariaDB is 11.7.
2026-06-24 13:21:33 INFO  org.flywaydb.core.internal.command.DbValidate - Successfully validated 3 migrations (execution time 00:00.023s)
2026-06-24 13:21:33 INFO  org.flywaydb.core.internal.command.DbMigrate - Current version of schema `catalog_db`: 3
2026-06-24 13:21:33 INFO  org.flywaydb.core.internal.command.DbMigrate - Schema `catalog_db` is up to date. No migration necessary.
2026-06-24 13:21:34 INFO  o.s.o.j.persistenceunit.SpringPersistenceUnitInfo - No LoadTimeWeaver setup: ignoring JPA class transformer
2026-06-24 13:21:34 INFO  o.s.orm.jpa.LocalContainerEntityManagerFactoryBean - Initialized JPA EntityManagerFactory for persistence unit 'default'
2026-06-24 13:21:34 INFO  o.s.d.jpa.repository.query.QueryEnhancerFactories - Hibernate is in classpath; If applicable, HQL parser will be used.
2026-06-24 13:21:35 WARN  o.s.b.j.a.JpaBaseConfiguration$JpaWebConfiguration - spring.jpa.open-in-view is enabled by default. Therefore, database queries may be performed during view rendering. Explicitly configure spring.jpa.open-in-view to disable this warning
2026-06-24 13:21:35 INFO  o.s.s.c.a.a.c.InitializeUserDetailsBeanManagerConfigurer$InitializeUserDetailsManagerConfigurer - Global AuthenticationManager configured with UserDetailsService bean with name userDetailsService
2026-06-24 13:21:36 INFO  o.s.c.n.e.c.DiscoveryClientOptionalArgsConfiguration - Eureka HTTP Client uses RestClient.
2026-06-24 13:21:36 WARN  o.s.c.l.c.LoadBalancerCacheAutoConfiguration$LoadBalancerCaffeineWarnLogger - Spring Cloud LoadBalancer is currently working with the default cache. While this cache implementation is useful for development and tests, it's recommended to use Caffeine cache in production.You can switch to using Caffeine cache, by adding it and org.springframework.cache.caffeine.CaffeineCacheManager to the classpath.
2026-06-24 13:21:36 INFO  c.e.l.ProveedorServiceTest - Started ProveedorServiceTest in 4.477 seconds (process running for 5.462)
2026-06-24 13:21:36 INFO  o.s.cloud.netflix.eureka.InstanceInfoFactory - Setting initial instance status as: STARTING
2026-06-24 13:21:36 INFO  o.s.c.n.e.serviceregistry.EurekaServiceRegistry - Unregistering application LMCATALOGMS with eureka with status DOWN
2026-06-24 13:21:36 INFO  o.s.orm.jpa.LocalContainerEntityManagerFactoryBean - Closing JPA EntityManagerFactory for persistence unit 'default'
2026-06-24 13:21:36 INFO  com.zaxxer.hikari.HikariDataSource - HikariPool-1 - Shutdown initiated...
2026-06-24 13:21:36 INFO  com.zaxxer.hikari.HikariDataSource - HikariPool-1 - Shutdown completed.
2026-06-24 13:29:41 INFO  c.e.l.ProveedorServiceTest - Starting ProveedorServiceTest using Java 21.0.11 with PID 12723 (started by apric in /run/media/apric/a0483016-93be-4d8d-b285-30d2ee3fccb7/GitHub/lbMarket/LibreriaMaketCatalogService/libreriaMarketCatalogService)
2026-06-24 13:29:41 DEBUG c.e.l.ProveedorServiceTest - Running with Spring Boot v4.0.0, Spring v7.0.1
2026-06-24 13:29:41 INFO  c.e.l.ProveedorServiceTest - The following 1 profile is active: "test"
2026-06-24 13:29:41 INFO  o.s.d.r.config.RepositoryConfigurationDelegate - Bootstrapping Spring Data JPA repositories in DEFAULT mode.
2026-06-24 13:29:41 INFO  o.s.d.r.config.RepositoryConfigurationDelegate - Finished Spring Data repository scanning in 102 ms. Found 2 JPA repository interfaces.
2026-06-24 13:29:42 INFO  o.springframework.cloud.context.scope.GenericScope - BeanFactory id=e80de23b-229b-306e-8490-0734d61a73db
2026-06-24 13:29:42 INFO  com.zaxxer.hikari.HikariDataSource - HikariPool-1 - Starting...
2026-06-24 13:29:43 INFO  com.zaxxer.hikari.pool.HikariPool - HikariPool-1 - Added connection com.mysql.cj.jdbc.ConnectionImpl@590336ed
2026-06-24 13:29:43 INFO  com.zaxxer.hikari.HikariDataSource - HikariPool-1 - Start completed.
2026-06-24 13:29:43 INFO  org.flywaydb.core.FlywayExecutor - Database: jdbc:mysql://localhost:3306/catalog_db (MySQL 12.3)
2026-06-24 13:29:43 WARN  org.flywaydb.core.internal.database.base.Database - Using MariaDB 12.3 which is newer than the version Flyway has been verified with. The latest verified version of MariaDB is 11.7.
2026-06-24 13:29:43 INFO  org.flywaydb.core.internal.command.DbValidate - Successfully validated 3 migrations (execution time 00:00.029s)
2026-06-24 13:29:43 INFO  org.flywaydb.core.internal.command.DbMigrate - Current version of schema `catalog_db`: 3
2026-06-24 13:29:43 INFO  org.flywaydb.core.internal.command.DbMigrate - Schema `catalog_db` is up to date. No migration necessary.
2026-06-24 13:29:43 INFO  o.s.o.j.persistenceunit.SpringPersistenceUnitInfo - No LoadTimeWeaver setup: ignoring JPA class transformer
2026-06-24 13:29:44 INFO  o.s.orm.jpa.LocalContainerEntityManagerFactoryBean - Initialized JPA EntityManagerFactory for persistence unit 'default'
2026-06-24 13:29:44 INFO  o.s.d.jpa.repository.query.QueryEnhancerFactories - Hibernate is in classpath; If applicable, HQL parser will be used.
2026-06-24 13:29:44 WARN  o.s.b.j.a.JpaBaseConfiguration$JpaWebConfiguration - spring.jpa.open-in-view is enabled by default. Therefore, database queries may be performed during view rendering. Explicitly configure spring.jpa.open-in-view to disable this warning
2026-06-24 13:29:44 INFO  o.s.s.c.a.a.c.InitializeUserDetailsBeanManagerConfigurer$InitializeUserDetailsManagerConfigurer - Global AuthenticationManager configured with UserDetailsService bean with name userDetailsService
2026-06-24 13:29:45 INFO  o.s.c.n.e.c.DiscoveryClientOptionalArgsConfiguration - Eureka HTTP Client uses RestClient.
2026-06-24 13:29:45 WARN  o.s.c.l.c.LoadBalancerCacheAutoConfiguration$LoadBalancerCaffeineWarnLogger - Spring Cloud LoadBalancer is currently working with the default cache. While this cache implementation is useful for development and tests, it's recommended to use Caffeine cache in production.You can switch to using Caffeine cache, by adding it and org.springframework.cache.caffeine.CaffeineCacheManager to the classpath.
2026-06-24 13:29:45 INFO  c.e.l.ProveedorServiceTest - Started ProveedorServiceTest in 4.536 seconds (process running for 5.709)
2026-06-24 13:29:45 INFO  o.s.cloud.netflix.eureka.InstanceInfoFactory - Setting initial instance status as: STARTING
2026-06-24 13:29:45 INFO  o.s.c.n.e.serviceregistry.EurekaServiceRegistry - Unregistering application LMCATALOGMS with eureka with status DOWN
2026-06-24 13:29:45 INFO  o.s.orm.jpa.LocalContainerEntityManagerFactoryBean - Closing JPA EntityManagerFactory for persistence unit 'default'
2026-06-24 13:29:45 INFO  com.zaxxer.hikari.HikariDataSource - HikariPool-1 - Shutdown initiated...
2026-06-24 13:29:45 INFO  com.zaxxer.hikari.HikariDataSource - HikariPool-1 - Shutdown completed.
2026-06-24 13:34:32 INFO  c.e.l.ProveedorServiceTest - Starting ProveedorServiceTest using Java 21.0.11 with PID 13018 (started by apric in /run/media/apric/a0483016-93be-4d8d-b285-30d2ee3fccb7/GitHub/lbMarket/LibreriaMaketCatalogService/libreriaMarketCatalogService)
2026-06-24 13:34:32 DEBUG c.e.l.ProveedorServiceTest - Running with Spring Boot v4.0.0, Spring v7.0.1
2026-06-24 13:34:32 INFO  c.e.l.ProveedorServiceTest - The following 1 profile is active: "test"
2026-06-24 13:34:32 INFO  o.s.d.r.config.RepositoryConfigurationDelegate - Bootstrapping Spring Data JPA repositories in DEFAULT mode.
2026-06-24 13:34:32 INFO  o.s.d.r.config.RepositoryConfigurationDelegate - Finished Spring Data repository scanning in 90 ms. Found 2 JPA repository interfaces.
2026-06-24 13:34:33 INFO  o.springframework.cloud.context.scope.GenericScope - BeanFactory id=e80de23b-229b-306e-8490-0734d61a73db
2026-06-24 13:34:33 INFO  com.zaxxer.hikari.HikariDataSource - HikariPool-1 - Starting...
2026-06-24 13:34:34 INFO  com.zaxxer.hikari.pool.HikariPool - HikariPool-1 - Added connection com.mysql.cj.jdbc.ConnectionImpl@466cca41
2026-06-24 13:34:34 INFO  com.zaxxer.hikari.HikariDataSource - HikariPool-1 - Start completed.
2026-06-24 13:34:34 INFO  org.flywaydb.core.FlywayExecutor - Database: jdbc:mysql://localhost:3306/catalog_db (MySQL 12.3)
2026-06-24 13:34:34 WARN  org.flywaydb.core.internal.database.base.Database - Using MariaDB 12.3 which is newer than the version Flyway has been verified with. The latest verified version of MariaDB is 11.7.
2026-06-24 13:34:34 INFO  org.flywaydb.core.internal.command.DbValidate - Successfully validated 3 migrations (execution time 00:00.023s)
2026-06-24 13:34:34 INFO  org.flywaydb.core.internal.command.DbMigrate - Current version of schema `catalog_db`: 3
2026-06-24 13:34:34 INFO  org.flywaydb.core.internal.command.DbMigrate - Schema `catalog_db` is up to date. No migration necessary.
2026-06-24 13:34:34 INFO  o.s.o.j.persistenceunit.SpringPersistenceUnitInfo - No LoadTimeWeaver setup: ignoring JPA class transformer
2026-06-24 13:34:35 INFO  o.s.orm.jpa.LocalContainerEntityManagerFactoryBean - Initialized JPA EntityManagerFactory for persistence unit 'default'
2026-06-24 13:34:35 INFO  o.s.d.jpa.repository.query.QueryEnhancerFactories - Hibernate is in classpath; If applicable, HQL parser will be used.
2026-06-24 13:34:35 WARN  o.s.b.j.a.JpaBaseConfiguration$JpaWebConfiguration - spring.jpa.open-in-view is enabled by default. Therefore, database queries may be performed during view rendering. Explicitly configure spring.jpa.open-in-view to disable this warning
2026-06-24 13:34:35 INFO  o.s.s.c.a.a.c.InitializeUserDetailsBeanManagerConfigurer$InitializeUserDetailsManagerConfigurer - Global AuthenticationManager configured with UserDetailsService bean with name userDetailsService
2026-06-24 13:34:36 INFO  o.s.c.n.e.c.DiscoveryClientOptionalArgsConfiguration - Eureka HTTP Client uses RestClient.
2026-06-24 13:34:36 WARN  o.s.c.l.c.LoadBalancerCacheAutoConfiguration$LoadBalancerCaffeineWarnLogger - Spring Cloud LoadBalancer is currently working with the default cache. While this cache implementation is useful for development and tests, it's recommended to use Caffeine cache in production.You can switch to using Caffeine cache, by adding it and org.springframework.cache.caffeine.CaffeineCacheManager to the classpath.
2026-06-24 13:34:36 INFO  c.e.l.ProveedorServiceTest - Started ProveedorServiceTest in 4.544 seconds (process running for 5.57)
2026-06-24 13:34:36 INFO  o.s.cloud.netflix.eureka.InstanceInfoFactory - Setting initial instance status as: STARTING
2026-06-24 13:34:36 INFO  o.s.c.n.e.serviceregistry.EurekaServiceRegistry - Unregistering application LMCATALOGMS with eureka with status DOWN
2026-06-24 13:34:36 INFO  o.s.orm.jpa.LocalContainerEntityManagerFactoryBean - Closing JPA EntityManagerFactory for persistence unit 'default'
2026-06-24 13:34:36 INFO  com.zaxxer.hikari.HikariDataSource - HikariPool-1 - Shutdown initiated...
2026-06-24 13:34:36 INFO  com.zaxxer.hikari.HikariDataSource - HikariPool-1 - Shutdown completed.
2026-06-24 13:42:38 INFO  c.e.l.ProveedorServiceTest - Starting ProveedorServiceTest using Java 21.0.11 with PID 13438 (started by apric in /run/media/apric/a0483016-93be-4d8d-b285-30d2ee3fccb7/GitHub/lbMarket/LibreriaMaketCatalogService/libreriaMarketCatalogService)
2026-06-24 13:42:38 DEBUG c.e.l.ProveedorServiceTest - Running with Spring Boot v4.0.0, Spring v7.0.1
2026-06-24 13:42:38 INFO  c.e.l.ProveedorServiceTest - The following 1 profile is active: "test"
2026-06-24 13:42:39 INFO  o.s.d.r.config.RepositoryConfigurationDelegate - Bootstrapping Spring Data JPA repositories in DEFAULT mode.
2026-06-24 13:42:39 INFO  o.s.d.r.config.RepositoryConfigurationDelegate - Finished Spring Data repository scanning in 92 ms. Found 2 JPA repository interfaces.
2026-06-24 13:42:39 INFO  o.springframework.cloud.context.scope.GenericScope - BeanFactory id=e80de23b-229b-306e-8490-0734d61a73db
2026-06-24 13:42:40 INFO  com.zaxxer.hikari.HikariDataSource - HikariPool-1 - Starting...
2026-06-24 13:42:40 INFO  com.zaxxer.hikari.pool.HikariPool - HikariPool-1 - Added connection com.mysql.cj.jdbc.ConnectionImpl@3d195d15
2026-06-24 13:42:40 INFO  com.zaxxer.hikari.HikariDataSource - HikariPool-1 - Start completed.
2026-06-24 13:42:40 INFO  org.flywaydb.core.FlywayExecutor - Database: jdbc:mysql://localhost:3306/catalog_db (MySQL 12.3)
2026-06-24 13:42:40 WARN  org.flywaydb.core.internal.database.base.Database - Using MariaDB 12.3 which is newer than the version Flyway has been verified with. The latest verified version of MariaDB is 11.7.
2026-06-24 13:42:40 INFO  org.flywaydb.core.internal.command.DbValidate - Successfully validated 3 migrations (execution time 00:00.025s)
2026-06-24 13:42:40 INFO  org.flywaydb.core.internal.command.DbMigrate - Current version of schema `catalog_db`: 3
2026-06-24 13:42:40 INFO  org.flywaydb.core.internal.command.DbMigrate - Schema `catalog_db` is up to date. No migration necessary.
2026-06-24 13:42:40 INFO  o.s.o.j.persistenceunit.SpringPersistenceUnitInfo - No LoadTimeWeaver setup: ignoring JPA class transformer
2026-06-24 13:42:41 INFO  o.s.orm.jpa.LocalContainerEntityManagerFactoryBean - Initialized JPA EntityManagerFactory for persistence unit 'default'
2026-06-24 13:42:41 INFO  o.s.d.jpa.repository.query.QueryEnhancerFactories - Hibernate is in classpath; If applicable, HQL parser will be used.
2026-06-24 13:42:41 WARN  o.s.b.j.a.JpaBaseConfiguration$JpaWebConfiguration - spring.jpa.open-in-view is enabled by default. Therefore, database queries may be performed during view rendering. Explicitly configure spring.jpa.open-in-view to disable this warning
2026-06-24 13:42:42 INFO  o.s.s.c.a.a.c.InitializeUserDetailsBeanManagerConfigurer$InitializeUserDetailsManagerConfigurer - Global AuthenticationManager configured with UserDetailsService bean with name userDetailsService
2026-06-24 13:42:42 INFO  o.s.c.n.e.c.DiscoveryClientOptionalArgsConfiguration - Eureka HTTP Client uses RestClient.
2026-06-24 13:42:42 WARN  o.s.c.l.c.LoadBalancerCacheAutoConfiguration$LoadBalancerCaffeineWarnLogger - Spring Cloud LoadBalancer is currently working with the default cache. While this cache implementation is useful for development and tests, it's recommended to use Caffeine cache in production.You can switch to using Caffeine cache, by adding it and org.springframework.cache.caffeine.CaffeineCacheManager to the classpath.
2026-06-24 13:42:42 INFO  c.e.l.ProveedorServiceTest - Started ProveedorServiceTest in 4.697 seconds (process running for 5.75)
2026-06-24 13:42:42 INFO  o.s.cloud.netflix.eureka.InstanceInfoFactory - Setting initial instance status as: STARTING
2026-06-24 13:42:42 INFO  o.s.c.n.e.serviceregistry.EurekaServiceRegistry - Unregistering application LMCATALOGMS with eureka with status DOWN
2026-06-24 13:42:42 INFO  o.s.orm.jpa.LocalContainerEntityManagerFactoryBean - Closing JPA EntityManagerFactory for persistence unit 'default'
2026-06-24 13:42:42 INFO  com.zaxxer.hikari.HikariDataSource - HikariPool-1 - Shutdown initiated...
2026-06-24 13:42:42 INFO  com.zaxxer.hikari.HikariDataSource - HikariPool-1 - Shutdown completed.
2026-06-24 13:45:16 INFO  c.e.l.ProveedorServiceTest - Starting ProveedorServiceTest using Java 21.0.11 with PID 13644 (started by apric in /run/media/apric/a0483016-93be-4d8d-b285-30d2ee3fccb7/GitHub/lbMarket/LibreriaMaketCatalogService/libreriaMarketCatalogService)
2026-06-24 13:45:16 DEBUG c.e.l.ProveedorServiceTest - Running with Spring Boot v4.0.0, Spring v7.0.1
2026-06-24 13:45:16 INFO  c.e.l.ProveedorServiceTest - The following 1 profile is active: "test"
2026-06-24 13:45:17 INFO  o.s.d.r.config.RepositoryConfigurationDelegate - Bootstrapping Spring Data JPA repositories in DEFAULT mode.
2026-06-24 13:45:17 INFO  o.s.d.r.config.RepositoryConfigurationDelegate - Finished Spring Data repository scanning in 88 ms. Found 2 JPA repository interfaces.
2026-06-24 13:45:17 INFO  o.springframework.cloud.context.scope.GenericScope - BeanFactory id=e80de23b-229b-306e-8490-0734d61a73db
2026-06-24 13:45:18 INFO  com.zaxxer.hikari.HikariDataSource - HikariPool-1 - Starting...
2026-06-24 13:45:18 INFO  com.zaxxer.hikari.pool.HikariPool - HikariPool-1 - Added connection com.mysql.cj.jdbc.ConnectionImpl@13bf5fd
2026-06-24 13:45:18 INFO  com.zaxxer.hikari.HikariDataSource - HikariPool-1 - Start completed.
2026-06-24 13:45:18 INFO  org.flywaydb.core.FlywayExecutor - Database: jdbc:mysql://localhost:3306/catalog_db (MySQL 12.3)
2026-06-24 13:45:18 WARN  org.flywaydb.core.internal.database.base.Database - Using MariaDB 12.3 which is newer than the version Flyway has been verified with. The latest verified version of MariaDB is 11.7.
2026-06-24 13:45:18 INFO  org.flywaydb.core.internal.command.DbValidate - Successfully validated 3 migrations (execution time 00:00.022s)
2026-06-24 13:45:18 INFO  org.flywaydb.core.internal.command.DbMigrate - Current version of schema `catalog_db`: 3
2026-06-24 13:45:18 INFO  org.flywaydb.core.internal.command.DbMigrate - Schema `catalog_db` is up to date. No migration necessary.
2026-06-24 13:45:18 INFO  o.s.o.j.persistenceunit.SpringPersistenceUnitInfo - No LoadTimeWeaver setup: ignoring JPA class transformer
2026-06-24 13:45:19 INFO  o.s.orm.jpa.LocalContainerEntityManagerFactoryBean - Initialized JPA EntityManagerFactory for persistence unit 'default'
2026-06-24 13:45:19 INFO  o.s.d.jpa.repository.query.QueryEnhancerFactories - Hibernate is in classpath; If applicable, HQL parser will be used.
2026-06-24 13:45:19 WARN  o.s.b.j.a.JpaBaseConfiguration$JpaWebConfiguration - spring.jpa.open-in-view is enabled by default. Therefore, database queries may be performed during view rendering. Explicitly configure spring.jpa.open-in-view to disable this warning
2026-06-24 13:45:20 INFO  o.s.s.c.a.a.c.InitializeUserDetailsBeanManagerConfigurer$InitializeUserDetailsManagerConfigurer - Global AuthenticationManager configured with UserDetailsService bean with name userDetailsService
2026-06-24 13:45:20 INFO  o.s.c.n.e.c.DiscoveryClientOptionalArgsConfiguration - Eureka HTTP Client uses RestClient.
2026-06-24 13:45:20 WARN  o.s.c.l.c.LoadBalancerCacheAutoConfiguration$LoadBalancerCaffeineWarnLogger - Spring Cloud LoadBalancer is currently working with the default cache. While this cache implementation is useful for development and tests, it's recommended to use Caffeine cache in production.You can switch to using Caffeine cache, by adding it and org.springframework.cache.caffeine.CaffeineCacheManager to the classpath.
2026-06-24 13:45:20 INFO  c.e.l.ProveedorServiceTest - Started ProveedorServiceTest in 4.47 seconds (process running for 5.472)
2026-06-24 13:45:20 INFO  o.s.cloud.netflix.eureka.InstanceInfoFactory - Setting initial instance status as: STARTING
2026-06-24 13:45:20 INFO  o.s.c.n.e.serviceregistry.EurekaServiceRegistry - Unregistering application LMCATALOGMS with eureka with status DOWN
2026-06-24 13:45:20 INFO  o.s.orm.jpa.LocalContainerEntityManagerFactoryBean - Closing JPA EntityManagerFactory for persistence unit 'default'
2026-06-24 13:45:20 INFO  com.zaxxer.hikari.HikariDataSource - HikariPool-1 - Shutdown initiated...
2026-06-24 13:45:20 INFO  com.zaxxer.hikari.HikariDataSource - HikariPool-1 - Shutdown completed.
2026-06-24 13:46:16 INFO  c.e.l.ProveedorServiceTest - Starting ProveedorServiceTest using Java 21.0.11 with PID 13792 (started by apric in /run/media/apric/a0483016-93be-4d8d-b285-30d2ee3fccb7/GitHub/lbMarket/LibreriaMaketCatalogService/libreriaMarketCatalogService)
2026-06-24 13:46:16 DEBUG c.e.l.ProveedorServiceTest - Running with Spring Boot v4.0.0, Spring v7.0.1
2026-06-24 13:46:16 INFO  c.e.l.ProveedorServiceTest - The following 1 profile is active: "test"
2026-06-24 13:46:16 INFO  o.s.d.r.config.RepositoryConfigurationDelegate - Bootstrapping Spring Data JPA repositories in DEFAULT mode.
2026-06-24 13:46:16 INFO  o.s.d.r.config.RepositoryConfigurationDelegate - Finished Spring Data repository scanning in 91 ms. Found 2 JPA repository interfaces.
2026-06-24 13:46:17 INFO  o.springframework.cloud.context.scope.GenericScope - BeanFactory id=e80de23b-229b-306e-8490-0734d61a73db
2026-06-24 13:46:17 INFO  com.zaxxer.hikari.HikariDataSource - HikariPool-1 - Starting...
2026-06-24 13:46:18 INFO  com.zaxxer.hikari.pool.HikariPool - HikariPool-1 - Added connection com.mysql.cj.jdbc.ConnectionImpl@32050628
2026-06-24 13:46:18 INFO  com.zaxxer.hikari.HikariDataSource - HikariPool-1 - Start completed.
2026-06-24 13:46:18 INFO  org.flywaydb.core.FlywayExecutor - Database: jdbc:mysql://localhost:3306/catalog_db (MySQL 12.3)
2026-06-24 13:46:18 WARN  org.flywaydb.core.internal.database.base.Database - Using MariaDB 12.3 which is newer than the version Flyway has been verified with. The latest verified version of MariaDB is 11.7.
2026-06-24 13:46:18 INFO  org.flywaydb.core.internal.command.DbValidate - Successfully validated 3 migrations (execution time 00:00.023s)
2026-06-24 13:46:18 INFO  org.flywaydb.core.internal.command.DbMigrate - Current version of schema `catalog_db`: 3
2026-06-24 13:46:18 INFO  org.flywaydb.core.internal.command.DbMigrate - Schema `catalog_db` is up to date. No migration necessary.
2026-06-24 13:46:18 INFO  o.s.o.j.persistenceunit.SpringPersistenceUnitInfo - No LoadTimeWeaver setup: ignoring JPA class transformer
2026-06-24 13:46:19 INFO  o.s.orm.jpa.LocalContainerEntityManagerFactoryBean - Initialized JPA EntityManagerFactory for persistence unit 'default'
2026-06-24 13:46:19 INFO  o.s.d.jpa.repository.query.QueryEnhancerFactories - Hibernate is in classpath; If applicable, HQL parser will be used.
2026-06-24 13:46:19 WARN  o.s.b.j.a.JpaBaseConfiguration$JpaWebConfiguration - spring.jpa.open-in-view is enabled by default. Therefore, database queries may be performed during view rendering. Explicitly configure spring.jpa.open-in-view to disable this warning
2026-06-24 13:46:19 INFO  o.s.s.c.a.a.c.InitializeUserDetailsBeanManagerConfigurer$InitializeUserDetailsManagerConfigurer - Global AuthenticationManager configured with UserDetailsService bean with name userDetailsService
2026-06-24 13:46:20 INFO  o.s.c.n.e.c.DiscoveryClientOptionalArgsConfiguration - Eureka HTTP Client uses RestClient.
2026-06-24 13:46:20 WARN  o.s.c.l.c.LoadBalancerCacheAutoConfiguration$LoadBalancerCaffeineWarnLogger - Spring Cloud LoadBalancer is currently working with the default cache. While this cache implementation is useful for development and tests, it's recommended to use Caffeine cache in production.You can switch to using Caffeine cache, by adding it and org.springframework.cache.caffeine.CaffeineCacheManager to the classpath.
2026-06-24 13:46:20 INFO  c.e.l.ProveedorServiceTest - Started ProveedorServiceTest in 4.524 seconds (process running for 5.519)
2026-06-24 13:46:20 INFO  o.s.cloud.netflix.eureka.InstanceInfoFactory - Setting initial instance status as: STARTING
2026-06-24 13:46:20 INFO  o.s.c.n.e.serviceregistry.EurekaServiceRegistry - Unregistering application LMCATALOGMS with eureka with status DOWN
2026-06-24 13:46:20 INFO  o.s.orm.jpa.LocalContainerEntityManagerFactoryBean - Closing JPA EntityManagerFactory for persistence unit 'default'
2026-06-24 13:46:20 INFO  com.zaxxer.hikari.HikariDataSource - HikariPool-1 - Shutdown initiated...
2026-06-24 13:46:20 INFO  com.zaxxer.hikari.HikariDataSource - HikariPool-1 - Shutdown completed.
2026-06-24 13:46:49 INFO  c.e.l.ProveedorServiceTest - Starting ProveedorServiceTest using Java 21.0.11 with PID 13928 (started by apric in /run/media/apric/a0483016-93be-4d8d-b285-30d2ee3fccb7/GitHub/lbMarket/LibreriaMaketCatalogService/libreriaMarketCatalogService)
2026-06-24 13:46:49 DEBUG c.e.l.ProveedorServiceTest - Running with Spring Boot v4.0.0, Spring v7.0.1
2026-06-24 13:46:49 INFO  c.e.l.ProveedorServiceTest - The following 1 profile is active: "test"
2026-06-24 13:46:50 INFO  o.s.d.r.config.RepositoryConfigurationDelegate - Bootstrapping Spring Data JPA repositories in DEFAULT mode.
2026-06-24 13:46:50 INFO  o.s.d.r.config.RepositoryConfigurationDelegate - Finished Spring Data repository scanning in 90 ms. Found 2 JPA repository interfaces.
2026-06-24 13:46:50 INFO  o.springframework.cloud.context.scope.GenericScope - BeanFactory id=e80de23b-229b-306e-8490-0734d61a73db
2026-06-24 13:46:51 INFO  com.zaxxer.hikari.HikariDataSource - HikariPool-1 - Starting...
2026-06-24 13:46:51 INFO  com.zaxxer.hikari.pool.HikariPool - HikariPool-1 - Added connection com.mysql.cj.jdbc.ConnectionImpl@37aea657
2026-06-24 13:46:51 INFO  com.zaxxer.hikari.HikariDataSource - HikariPool-1 - Start completed.
2026-06-24 13:46:51 INFO  org.flywaydb.core.FlywayExecutor - Database: jdbc:mysql://localhost:3306/catalog_db (MySQL 12.3)
2026-06-24 13:46:51 WARN  org.flywaydb.core.internal.database.base.Database - Using MariaDB 12.3 which is newer than the version Flyway has been verified with. The latest verified version of MariaDB is 11.7.
2026-06-24 13:46:51 INFO  org.flywaydb.core.internal.command.DbValidate - Successfully validated 3 migrations (execution time 00:00.022s)
2026-06-24 13:46:51 INFO  org.flywaydb.core.internal.command.DbMigrate - Current version of schema `catalog_db`: 3
2026-06-24 13:46:51 INFO  org.flywaydb.core.internal.command.DbMigrate - Schema `catalog_db` is up to date. No migration necessary.
2026-06-24 13:46:51 INFO  o.s.o.j.persistenceunit.SpringPersistenceUnitInfo - No LoadTimeWeaver setup: ignoring JPA class transformer
2026-06-24 13:46:52 INFO  o.s.orm.jpa.LocalContainerEntityManagerFactoryBean - Initialized JPA EntityManagerFactory for persistence unit 'default'
2026-06-24 13:46:52 INFO  o.s.d.jpa.repository.query.QueryEnhancerFactories - Hibernate is in classpath; If applicable, HQL parser will be used.
2026-06-24 13:46:52 WARN  o.s.b.j.a.JpaBaseConfiguration$JpaWebConfiguration - spring.jpa.open-in-view is enabled by default. Therefore, database queries may be performed during view rendering. Explicitly configure spring.jpa.open-in-view to disable this warning
2026-06-24 13:46:53 INFO  o.s.s.c.a.a.c.InitializeUserDetailsBeanManagerConfigurer$InitializeUserDetailsManagerConfigurer - Global AuthenticationManager configured with UserDetailsService bean with name userDetailsService
2026-06-24 13:46:53 INFO  o.s.c.n.e.c.DiscoveryClientOptionalArgsConfiguration - Eureka HTTP Client uses RestClient.
2026-06-24 13:46:53 WARN  o.s.c.l.c.LoadBalancerCacheAutoConfiguration$LoadBalancerCaffeineWarnLogger - Spring Cloud LoadBalancer is currently working with the default cache. While this cache implementation is useful for development and tests, it's recommended to use Caffeine cache in production.You can switch to using Caffeine cache, by adding it and org.springframework.cache.caffeine.CaffeineCacheManager to the classpath.
2026-06-24 13:46:53 INFO  c.e.l.ProveedorServiceTest - Started ProveedorServiceTest in 4.69 seconds (process running for 5.677)
2026-06-24 13:46:53 INFO  o.s.cloud.netflix.eureka.InstanceInfoFactory - Setting initial instance status as: STARTING
2026-06-24 13:46:53 INFO  o.s.c.n.e.serviceregistry.EurekaServiceRegistry - Unregistering application LMCATALOGMS with eureka with status DOWN
2026-06-24 13:46:53 INFO  o.s.orm.jpa.LocalContainerEntityManagerFactoryBean - Closing JPA EntityManagerFactory for persistence unit 'default'
2026-06-24 13:46:53 INFO  com.zaxxer.hikari.HikariDataSource - HikariPool-1 - Shutdown initiated...
2026-06-24 13:46:53 INFO  com.zaxxer.hikari.HikariDataSource - HikariPool-1 - Shutdown completed.
2026-06-24 13:48:40 INFO  c.e.l.ProveedorServiceTest - Starting ProveedorServiceTest using Java 21.0.11 with PID 14088 (started by apric in /run/media/apric/a0483016-93be-4d8d-b285-30d2ee3fccb7/GitHub/lbMarket/LibreriaMaketCatalogService/libreriaMarketCatalogService)
2026-06-24 13:48:40 DEBUG c.e.l.ProveedorServiceTest - Running with Spring Boot v4.0.0, Spring v7.0.1
2026-06-24 13:48:40 INFO  c.e.l.ProveedorServiceTest - The following 1 profile is active: "test"
2026-06-24 13:48:40 INFO  o.s.d.r.config.RepositoryConfigurationDelegate - Bootstrapping Spring Data JPA repositories in DEFAULT mode.
2026-06-24 13:48:40 INFO  o.s.d.r.config.RepositoryConfigurationDelegate - Finished Spring Data repository scanning in 101 ms. Found 2 JPA repository interfaces.
2026-06-24 13:48:41 INFO  o.springframework.cloud.context.scope.GenericScope - BeanFactory id=e80de23b-229b-306e-8490-0734d61a73db
2026-06-24 13:48:41 INFO  com.zaxxer.hikari.HikariDataSource - HikariPool-1 - Starting...
2026-06-24 13:48:42 INFO  com.zaxxer.hikari.pool.HikariPool - HikariPool-1 - Added connection com.mysql.cj.jdbc.ConnectionImpl@360d3f47
2026-06-24 13:48:42 INFO  com.zaxxer.hikari.HikariDataSource - HikariPool-1 - Start completed.
2026-06-24 13:48:42 INFO  org.flywaydb.core.FlywayExecutor - Database: jdbc:mysql://localhost:3306/catalog_db (MySQL 12.3)
2026-06-24 13:48:42 WARN  org.flywaydb.core.internal.database.base.Database - Using MariaDB 12.3 which is newer than the version Flyway has been verified with. The latest verified version of MariaDB is 11.7.
2026-06-24 13:48:42 INFO  org.flywaydb.core.internal.command.DbValidate - Successfully validated 3 migrations (execution time 00:00.023s)
2026-06-24 13:48:42 INFO  org.flywaydb.core.internal.command.DbMigrate - Current version of schema `catalog_db`: 3
2026-06-24 13:48:42 INFO  org.flywaydb.core.internal.command.DbMigrate - Schema `catalog_db` is up to date. No migration necessary.
2026-06-24 13:48:42 INFO  o.s.o.j.persistenceunit.SpringPersistenceUnitInfo - No LoadTimeWeaver setup: ignoring JPA class transformer
2026-06-24 13:48:43 INFO  o.s.orm.jpa.LocalContainerEntityManagerFactoryBean - Initialized JPA EntityManagerFactory for persistence unit 'default'
2026-06-24 13:48:43 INFO  o.s.d.jpa.repository.query.QueryEnhancerFactories - Hibernate is in classpath; If applicable, HQL parser will be used.
2026-06-24 13:48:43 WARN  o.s.b.j.a.JpaBaseConfiguration$JpaWebConfiguration - spring.jpa.open-in-view is enabled by default. Therefore, database queries may be performed during view rendering. Explicitly configure spring.jpa.open-in-view to disable this warning
2026-06-24 13:48:43 INFO  o.s.s.c.a.a.c.InitializeUserDetailsBeanManagerConfigurer$InitializeUserDetailsManagerConfigurer - Global AuthenticationManager configured with UserDetailsService bean with name userDetailsService
2026-06-24 13:48:44 INFO  o.s.c.n.e.c.DiscoveryClientOptionalArgsConfiguration - Eureka HTTP Client uses RestClient.
2026-06-24 13:48:44 WARN  o.s.c.l.c.LoadBalancerCacheAutoConfiguration$LoadBalancerCaffeineWarnLogger - Spring Cloud LoadBalancer is currently working with the default cache. While this cache implementation is useful for development and tests, it's recommended to use Caffeine cache in production.You can switch to using Caffeine cache, by adding it and org.springframework.cache.caffeine.CaffeineCacheManager to the classpath.
2026-06-24 13:48:44 INFO  c.e.l.ProveedorServiceTest - Started ProveedorServiceTest in 4.611 seconds (process running for 5.679)
2026-06-24 13:48:44 INFO  o.s.cloud.netflix.eureka.InstanceInfoFactory - Setting initial instance status as: STARTING
2026-06-24 13:48:44 INFO  o.s.c.n.e.serviceregistry.EurekaServiceRegistry - Unregistering application LMCATALOGMS with eureka with status DOWN
2026-06-24 13:48:44 INFO  o.s.orm.jpa.LocalContainerEntityManagerFactoryBean - Closing JPA EntityManagerFactory for persistence unit 'default'
2026-06-24 13:48:44 INFO  com.zaxxer.hikari.HikariDataSource - HikariPool-1 - Shutdown initiated...
2026-06-24 13:48:44 INFO  com.zaxxer.hikari.HikariDataSource - HikariPool-1 - Shutdown completed.
2026-06-24 13:52:44 INFO  c.e.l.ProveedorServiceTest - Starting ProveedorServiceTest using Java 21.0.11 with PID 14352 (started by apric in /run/media/apric/a0483016-93be-4d8d-b285-30d2ee3fccb7/GitHub/lbMarket/LibreriaMaketCatalogService/libreriaMarketCatalogService)
2026-06-24 13:52:44 DEBUG c.e.l.ProveedorServiceTest - Running with Spring Boot v4.0.0, Spring v7.0.1
2026-06-24 13:52:44 INFO  c.e.l.ProveedorServiceTest - The following 1 profile is active: "test"
2026-06-24 13:52:45 INFO  o.s.d.r.config.RepositoryConfigurationDelegate - Bootstrapping Spring Data JPA repositories in DEFAULT mode.
2026-06-24 13:52:45 INFO  o.s.d.r.config.RepositoryConfigurationDelegate - Finished Spring Data repository scanning in 96 ms. Found 2 JPA repository interfaces.
2026-06-24 13:52:45 INFO  o.springframework.cloud.context.scope.GenericScope - BeanFactory id=e80de23b-229b-306e-8490-0734d61a73db
2026-06-24 13:52:46 INFO  com.zaxxer.hikari.HikariDataSource - HikariPool-1 - Starting...
2026-06-24 13:52:46 INFO  com.zaxxer.hikari.pool.HikariPool - HikariPool-1 - Added connection com.mysql.cj.jdbc.ConnectionImpl@68fc1e7f
2026-06-24 13:52:46 INFO  com.zaxxer.hikari.HikariDataSource - HikariPool-1 - Start completed.
2026-06-24 13:52:46 INFO  org.flywaydb.core.FlywayExecutor - Database: jdbc:mysql://localhost:3306/catalog_db (MySQL 12.3)
2026-06-24 13:52:46 WARN  org.flywaydb.core.internal.database.base.Database - Using MariaDB 12.3 which is newer than the version Flyway has been verified with. The latest verified version of MariaDB is 11.7.
2026-06-24 13:52:46 INFO  org.flywaydb.core.internal.command.DbValidate - Successfully validated 3 migrations (execution time 00:00.028s)
2026-06-24 13:52:46 INFO  org.flywaydb.core.internal.command.DbMigrate - Current version of schema `catalog_db`: 3
2026-06-24 13:52:46 INFO  org.flywaydb.core.internal.command.DbMigrate - Schema `catalog_db` is up to date. No migration necessary.
2026-06-24 13:52:46 INFO  o.s.o.j.persistenceunit.SpringPersistenceUnitInfo - No LoadTimeWeaver setup: ignoring JPA class transformer
2026-06-24 13:52:47 INFO  o.s.orm.jpa.LocalContainerEntityManagerFactoryBean - Initialized JPA EntityManagerFactory for persistence unit 'default'
2026-06-24 13:52:47 INFO  o.s.d.jpa.repository.query.QueryEnhancerFactories - Hibernate is in classpath; If applicable, HQL parser will be used.
2026-06-24 13:52:47 WARN  o.s.b.j.a.JpaBaseConfiguration$JpaWebConfiguration - spring.jpa.open-in-view is enabled by default. Therefore, database queries may be performed during view rendering. Explicitly configure spring.jpa.open-in-view to disable this warning
2026-06-24 13:52:47 INFO  o.s.s.c.a.a.c.InitializeUserDetailsBeanManagerConfigurer$InitializeUserDetailsManagerConfigurer - Global AuthenticationManager configured with UserDetailsService bean with name userDetailsService
2026-06-24 13:52:48 INFO  o.s.c.n.e.c.DiscoveryClientOptionalArgsConfiguration - Eureka HTTP Client uses RestClient.
2026-06-24 13:52:48 WARN  o.s.c.l.c.LoadBalancerCacheAutoConfiguration$LoadBalancerCaffeineWarnLogger - Spring Cloud LoadBalancer is currently working with the default cache. While this cache implementation is useful for development and tests, it's recommended to use Caffeine cache in production.You can switch to using Caffeine cache, by adding it and org.springframework.cache.caffeine.CaffeineCacheManager to the classpath.
2026-06-24 13:52:48 INFO  c.e.l.ProveedorServiceTest - Started ProveedorServiceTest in 4.427 seconds (process running for 5.485)
2026-06-24 13:52:48 INFO  o.s.cloud.netflix.eureka.InstanceInfoFactory - Setting initial instance status as: STARTING
2026-06-24 13:52:48 INFO  o.s.c.n.e.serviceregistry.EurekaServiceRegistry - Unregistering application LMCATALOGMS with eureka with status DOWN
2026-06-24 13:52:48 INFO  o.s.orm.jpa.LocalContainerEntityManagerFactoryBean - Closing JPA EntityManagerFactory for persistence unit 'default'
2026-06-24 13:52:48 INFO  com.zaxxer.hikari.HikariDataSource - HikariPool-1 - Shutdown initiated...
2026-06-24 13:52:48 INFO  com.zaxxer.hikari.HikariDataSource - HikariPool-1 - Shutdown completed.
2026-06-24 13:53:01 INFO  c.e.l.ProveedorServiceTest - Starting ProveedorServiceTest using Java 21.0.11 with PID 14478 (started by apric in /run/media/apric/a0483016-93be-4d8d-b285-30d2ee3fccb7/GitHub/lbMarket/LibreriaMaketCatalogService/libreriaMarketCatalogService)
2026-06-24 13:53:01 DEBUG c.e.l.ProveedorServiceTest - Running with Spring Boot v4.0.0, Spring v7.0.1
2026-06-24 13:53:01 INFO  c.e.l.ProveedorServiceTest - The following 1 profile is active: "test"
2026-06-24 13:53:02 INFO  o.s.d.r.config.RepositoryConfigurationDelegate - Bootstrapping Spring Data JPA repositories in DEFAULT mode.
2026-06-24 13:53:02 INFO  o.s.d.r.config.RepositoryConfigurationDelegate - Finished Spring Data repository scanning in 105 ms. Found 2 JPA repository interfaces.
2026-06-24 13:53:02 INFO  o.springframework.cloud.context.scope.GenericScope - BeanFactory id=e80de23b-229b-306e-8490-0734d61a73db
2026-06-24 13:53:03 INFO  com.zaxxer.hikari.HikariDataSource - HikariPool-1 - Starting...
2026-06-24 13:53:04 INFO  com.zaxxer.hikari.pool.HikariPool - HikariPool-1 - Added connection com.mysql.cj.jdbc.ConnectionImpl@41736818
2026-06-24 13:53:04 INFO  com.zaxxer.hikari.HikariDataSource - HikariPool-1 - Start completed.
2026-06-24 13:53:04 INFO  org.flywaydb.core.FlywayExecutor - Database: jdbc:mysql://localhost:3306/catalog_db (MySQL 12.3)
2026-06-24 13:53:04 WARN  org.flywaydb.core.internal.database.base.Database - Using MariaDB 12.3 which is newer than the version Flyway has been verified with. The latest verified version of MariaDB is 11.7.
2026-06-24 13:53:04 INFO  org.flywaydb.core.internal.command.DbValidate - Successfully validated 3 migrations (execution time 00:00.025s)
2026-06-24 13:53:04 INFO  org.flywaydb.core.internal.command.DbMigrate - Current version of schema `catalog_db`: 3
2026-06-24 13:53:04 INFO  org.flywaydb.core.internal.command.DbMigrate - Schema `catalog_db` is up to date. No migration necessary.
2026-06-24 13:53:04 INFO  o.s.o.j.persistenceunit.SpringPersistenceUnitInfo - No LoadTimeWeaver setup: ignoring JPA class transformer
2026-06-24 13:53:05 INFO  o.s.orm.jpa.LocalContainerEntityManagerFactoryBean - Initialized JPA EntityManagerFactory for persistence unit 'default'
2026-06-24 13:53:05 INFO  o.s.d.jpa.repository.query.QueryEnhancerFactories - Hibernate is in classpath; If applicable, HQL parser will be used.
2026-06-24 13:53:05 WARN  o.s.b.j.a.JpaBaseConfiguration$JpaWebConfiguration - spring.jpa.open-in-view is enabled by default. Therefore, database queries may be performed during view rendering. Explicitly configure spring.jpa.open-in-view to disable this warning
2026-06-24 13:53:05 INFO  o.s.s.c.a.a.c.InitializeUserDetailsBeanManagerConfigurer$InitializeUserDetailsManagerConfigurer - Global AuthenticationManager configured with UserDetailsService bean with name userDetailsService
2026-06-24 13:53:06 INFO  o.s.c.n.e.c.DiscoveryClientOptionalArgsConfiguration - Eureka HTTP Client uses RestClient.
2026-06-24 13:53:06 WARN  o.s.c.l.c.LoadBalancerCacheAutoConfiguration$LoadBalancerCaffeineWarnLogger - Spring Cloud LoadBalancer is currently working with the default cache. While this cache implementation is useful for development and tests, it's recommended to use Caffeine cache in production.You can switch to using Caffeine cache, by adding it and org.springframework.cache.caffeine.CaffeineCacheManager to the classpath.
2026-06-24 13:53:06 INFO  c.e.l.ProveedorServiceTest - Started ProveedorServiceTest in 5.327 seconds (process running for 6.902)
2026-06-24 14:00:40 WARN  com.zaxxer.hikari.pool.HikariPool - HikariPool-1 - Thread starvation or clock leap detected (housekeeper delta=7m36s179ms598µs285ns).
2026-06-24 14:00:40 INFO  o.s.cloud.netflix.eureka.InstanceInfoFactory - Setting initial instance status as: STARTING
2026-06-24 14:00:40 INFO  o.s.c.n.e.serviceregistry.EurekaServiceRegistry - Unregistering application LMCATALOGMS with eureka with status DOWN
2026-06-24 14:00:40 INFO  o.s.orm.jpa.LocalContainerEntityManagerFactoryBean - Closing JPA EntityManagerFactory for persistence unit 'default'
2026-06-24 14:00:40 INFO  com.zaxxer.hikari.HikariDataSource - HikariPool-1 - Shutdown initiated...
2026-06-24 14:00:40 INFO  com.zaxxer.hikari.HikariDataSource - HikariPool-1 - Shutdown completed.
2026-06-24 14:10:38 INFO  c.e.l.ProveedorServiceTest - Starting ProveedorServiceTest using Java 21.0.11 with PID 15836 (started by apric in /run/media/apric/a0483016-93be-4d8d-b285-30d2ee3fccb7/GitHub/lbMarket/LibreriaMaketCatalogService/libreriaMarketCatalogService)
2026-06-24 14:10:38 DEBUG c.e.l.ProveedorServiceTest - Running with Spring Boot v4.0.0, Spring v7.0.1
2026-06-24 14:10:38 INFO  c.e.l.ProveedorServiceTest - The following 1 profile is active: "test"
2026-06-24 14:10:38 INFO  o.s.d.r.config.RepositoryConfigurationDelegate - Bootstrapping Spring Data JPA repositories in DEFAULT mode.
2026-06-24 14:10:38 INFO  o.s.d.r.config.RepositoryConfigurationDelegate - Finished Spring Data repository scanning in 89 ms. Found 2 JPA repository interfaces.
2026-06-24 14:10:39 INFO  o.springframework.cloud.context.scope.GenericScope - BeanFactory id=e80de23b-229b-306e-8490-0734d61a73db
2026-06-24 14:10:40 INFO  com.zaxxer.hikari.HikariDataSource - HikariPool-1 - Starting...
2026-06-24 14:10:40 INFO  com.zaxxer.hikari.pool.HikariPool - HikariPool-1 - Added connection com.mysql.cj.jdbc.ConnectionImpl@590336ed
2026-06-24 14:10:40 INFO  com.zaxxer.hikari.HikariDataSource - HikariPool-1 - Start completed.
2026-06-24 14:10:40 INFO  org.flywaydb.core.FlywayExecutor - Database: jdbc:mysql://localhost:3306/catalog_db (MySQL 12.3)
2026-06-24 14:10:40 WARN  org.flywaydb.core.internal.database.base.Database - Using MariaDB 12.3 which is newer than the version Flyway has been verified with. The latest verified version of MariaDB is 11.7.
2026-06-24 14:10:40 INFO  org.flywaydb.core.internal.command.DbValidate - Successfully validated 3 migrations (execution time 00:00.023s)
2026-06-24 14:10:40 INFO  org.flywaydb.core.internal.command.DbMigrate - Current version of schema `catalog_db`: 3
2026-06-24 14:10:40 INFO  org.flywaydb.core.internal.command.DbMigrate - Schema `catalog_db` is up to date. No migration necessary.
2026-06-24 14:10:40 INFO  o.s.o.j.persistenceunit.SpringPersistenceUnitInfo - No LoadTimeWeaver setup: ignoring JPA class transformer
2026-06-24 14:10:41 INFO  o.s.orm.jpa.LocalContainerEntityManagerFactoryBean - Initialized JPA EntityManagerFactory for persistence unit 'default'
2026-06-24 14:10:41 INFO  o.s.d.jpa.repository.query.QueryEnhancerFactories - Hibernate is in classpath; If applicable, HQL parser will be used.
2026-06-24 14:10:41 WARN  o.s.b.j.a.JpaBaseConfiguration$JpaWebConfiguration - spring.jpa.open-in-view is enabled by default. Therefore, database queries may be performed during view rendering. Explicitly configure spring.jpa.open-in-view to disable this warning
2026-06-24 14:10:41 INFO  o.s.s.c.a.a.c.InitializeUserDetailsBeanManagerConfigurer$InitializeUserDetailsManagerConfigurer - Global AuthenticationManager configured with UserDetailsService bean with name userDetailsService
2026-06-24 14:10:42 INFO  o.s.c.n.e.c.DiscoveryClientOptionalArgsConfiguration - Eureka HTTP Client uses RestClient.
2026-06-24 14:10:42 WARN  o.s.c.l.c.LoadBalancerCacheAutoConfiguration$LoadBalancerCaffeineWarnLogger - Spring Cloud LoadBalancer is currently working with the default cache. While this cache implementation is useful for development and tests, it's recommended to use Caffeine cache in production.You can switch to using Caffeine cache, by adding it and org.springframework.cache.caffeine.CaffeineCacheManager to the classpath.
2026-06-24 14:10:42 INFO  c.e.l.ProveedorServiceTest - Started ProveedorServiceTest in 4.482 seconds (process running for 5.554)
2026-06-24 14:10:42 INFO  o.s.cloud.netflix.eureka.InstanceInfoFactory - Setting initial instance status as: STARTING
2026-06-24 14:10:42 INFO  o.s.c.n.e.serviceregistry.EurekaServiceRegistry - Unregistering application LMCATALOGMS with eureka with status DOWN
2026-06-24 14:10:42 INFO  o.s.orm.jpa.LocalContainerEntityManagerFactoryBean - Closing JPA EntityManagerFactory for persistence unit 'default'
2026-06-24 14:10:42 INFO  com.zaxxer.hikari.HikariDataSource - HikariPool-1 - Shutdown initiated...
2026-06-24 14:10:42 INFO  com.zaxxer.hikari.HikariDataSource - HikariPool-1 - Shutdown completed.
2026-06-24 14:17:16 INFO  c.e.l.ProveedorServiceTest - Starting ProveedorServiceTest using Java 21.0.11 with PID 16609 (started by apric in /run/media/apric/a0483016-93be-4d8d-b285-30d2ee3fccb7/GitHub/lbMarket/LibreriaMaketCatalogService/libreriaMarketCatalogService)
2026-06-24 14:17:16 DEBUG c.e.l.ProveedorServiceTest - Running with Spring Boot v4.0.0, Spring v7.0.1
2026-06-24 14:17:16 INFO  c.e.l.ProveedorServiceTest - The following 1 profile is active: "test"
2026-06-24 14:17:16 INFO  o.s.d.r.config.RepositoryConfigurationDelegate - Bootstrapping Spring Data JPA repositories in DEFAULT mode.
2026-06-24 14:17:16 INFO  o.s.d.r.config.RepositoryConfigurationDelegate - Finished Spring Data repository scanning in 91 ms. Found 2 JPA repository interfaces.
2026-06-24 14:17:17 INFO  o.springframework.cloud.context.scope.GenericScope - BeanFactory id=e80de23b-229b-306e-8490-0734d61a73db
2026-06-24 14:17:17 INFO  com.zaxxer.hikari.HikariDataSource - HikariPool-1 - Starting...
2026-06-24 14:17:18 INFO  com.zaxxer.hikari.pool.HikariPool - HikariPool-1 - Added connection com.mysql.cj.jdbc.ConnectionImpl@466cca41
2026-06-24 14:17:18 INFO  com.zaxxer.hikari.HikariDataSource - HikariPool-1 - Start completed.
2026-06-24 14:17:18 INFO  org.flywaydb.core.FlywayExecutor - Database: jdbc:mysql://localhost:3306/catalog_db (MySQL 12.3)
2026-06-24 14:17:18 WARN  org.flywaydb.core.internal.database.base.Database - Using MariaDB 12.3 which is newer than the version Flyway has been verified with. The latest verified version of MariaDB is 11.7.
2026-06-24 14:17:18 INFO  org.flywaydb.core.internal.command.DbValidate - Successfully validated 3 migrations (execution time 00:00.021s)
2026-06-24 14:17:18 INFO  org.flywaydb.core.internal.command.DbMigrate - Current version of schema `catalog_db`: 3
2026-06-24 14:17:18 INFO  org.flywaydb.core.internal.command.DbMigrate - Schema `catalog_db` is up to date. No migration necessary.
2026-06-24 14:17:18 INFO  o.s.o.j.persistenceunit.SpringPersistenceUnitInfo - No LoadTimeWeaver setup: ignoring JPA class transformer
2026-06-24 14:17:19 INFO  o.s.orm.jpa.LocalContainerEntityManagerFactoryBean - Initialized JPA EntityManagerFactory for persistence unit 'default'
2026-06-24 14:17:19 INFO  o.s.d.jpa.repository.query.QueryEnhancerFactories - Hibernate is in classpath; If applicable, HQL parser will be used.
2026-06-24 14:17:19 WARN  o.s.b.j.a.JpaBaseConfiguration$JpaWebConfiguration - spring.jpa.open-in-view is enabled by default. Therefore, database queries may be performed during view rendering. Explicitly configure spring.jpa.open-in-view to disable this warning
2026-06-24 14:17:19 INFO  o.s.s.c.a.a.c.InitializeUserDetailsBeanManagerConfigurer$InitializeUserDetailsManagerConfigurer - Global AuthenticationManager configured with UserDetailsService bean with name userDetailsService
2026-06-24 14:17:20 INFO  o.s.c.n.e.c.DiscoveryClientOptionalArgsConfiguration - Eureka HTTP Client uses RestClient.
2026-06-24 14:17:20 WARN  o.s.c.l.c.LoadBalancerCacheAutoConfiguration$LoadBalancerCaffeineWarnLogger - Spring Cloud LoadBalancer is currently working with the default cache. While this cache implementation is useful for development and tests, it's recommended to use Caffeine cache in production.You can switch to using Caffeine cache, by adding it and org.springframework.cache.caffeine.CaffeineCacheManager to the classpath.
2026-06-24 14:17:20 INFO  c.e.l.ProveedorServiceTest - Started ProveedorServiceTest in 4.449 seconds (process running for 5.453)
2026-06-24 14:17:20 INFO  o.s.cloud.netflix.eureka.InstanceInfoFactory - Setting initial instance status as: STARTING
2026-06-24 14:17:20 INFO  o.s.c.n.e.serviceregistry.EurekaServiceRegistry - Unregistering application LMCATALOGMS with eureka with status DOWN
2026-06-24 14:17:20 INFO  o.s.orm.jpa.LocalContainerEntityManagerFactoryBean - Closing JPA EntityManagerFactory for persistence unit 'default'
2026-06-24 14:17:20 INFO  com.zaxxer.hikari.HikariDataSource - HikariPool-1 - Shutdown initiated...
2026-06-24 14:17:20 INFO  com.zaxxer.hikari.HikariDataSource - HikariPool-1 - Shutdown completed.
2026-06-24 14:23:32 INFO  c.e.l.ProveedorServiceTest - Starting ProveedorServiceTest using Java 21.0.11 with PID 16946 (started by apric in /run/media/apric/a0483016-93be-4d8d-b285-30d2ee3fccb7/GitHub/lbMarket/LibreriaMaketCatalogService/libreriaMarketCatalogService)
2026-06-24 14:23:32 DEBUG c.e.l.ProveedorServiceTest - Running with Spring Boot v4.0.0, Spring v7.0.1
2026-06-24 14:23:32 INFO  c.e.l.ProveedorServiceTest - The following 1 profile is active: "test"
2026-06-24 14:23:33 INFO  o.s.d.r.config.RepositoryConfigurationDelegate - Bootstrapping Spring Data JPA repositories in DEFAULT mode.
2026-06-24 14:23:33 INFO  o.s.d.r.config.RepositoryConfigurationDelegate - Finished Spring Data repository scanning in 91 ms. Found 2 JPA repository interfaces.
2026-06-24 14:23:33 INFO  o.springframework.cloud.context.scope.GenericScope - BeanFactory id=e80de23b-229b-306e-8490-0734d61a73db
2026-06-24 14:23:34 INFO  com.zaxxer.hikari.HikariDataSource - HikariPool-1 - Starting...
2026-06-24 14:23:34 INFO  com.zaxxer.hikari.pool.HikariPool - HikariPool-1 - Added connection com.mysql.cj.jdbc.ConnectionImpl@f6e3b67
2026-06-24 14:23:34 INFO  com.zaxxer.hikari.HikariDataSource - HikariPool-1 - Start completed.
2026-06-24 14:23:34 INFO  org.flywaydb.core.FlywayExecutor - Database: jdbc:mysql://localhost:3306/catalog_db (MySQL 12.3)
2026-06-24 14:23:34 WARN  org.flywaydb.core.internal.database.base.Database - Using MariaDB 12.3 which is newer than the version Flyway has been verified with. The latest verified version of MariaDB is 11.7.
2026-06-24 14:23:34 INFO  org.flywaydb.core.internal.command.DbValidate - Successfully validated 3 migrations (execution time 00:00.023s)
2026-06-24 14:23:34 INFO  org.flywaydb.core.internal.command.DbMigrate - Current version of schema `catalog_db`: 3
2026-06-24 14:23:34 INFO  org.flywaydb.core.internal.command.DbMigrate - Schema `catalog_db` is up to date. No migration necessary.
2026-06-24 14:23:35 INFO  o.s.o.j.persistenceunit.SpringPersistenceUnitInfo - No LoadTimeWeaver setup: ignoring JPA class transformer
2026-06-24 14:23:35 INFO  o.s.orm.jpa.LocalContainerEntityManagerFactoryBean - Initialized JPA EntityManagerFactory for persistence unit 'default'
2026-06-24 14:23:35 INFO  o.s.d.jpa.repository.query.QueryEnhancerFactories - Hibernate is in classpath; If applicable, HQL parser will be used.
2026-06-24 14:23:36 WARN  o.s.b.j.a.JpaBaseConfiguration$JpaWebConfiguration - spring.jpa.open-in-view is enabled by default. Therefore, database queries may be performed during view rendering. Explicitly configure spring.jpa.open-in-view to disable this warning
2026-06-24 14:23:36 INFO  o.s.s.c.a.a.c.InitializeUserDetailsBeanManagerConfigurer$InitializeUserDetailsManagerConfigurer - Global AuthenticationManager configured with UserDetailsService bean with name userDetailsService
2026-06-24 14:23:36 INFO  o.s.c.n.e.c.DiscoveryClientOptionalArgsConfiguration - Eureka HTTP Client uses RestClient.
2026-06-24 14:23:36 WARN  o.s.c.l.c.LoadBalancerCacheAutoConfiguration$LoadBalancerCaffeineWarnLogger - Spring Cloud LoadBalancer is currently working with the default cache. While this cache implementation is useful for development and tests, it's recommended to use Caffeine cache in production.You can switch to using Caffeine cache, by adding it and org.springframework.cache.caffeine.CaffeineCacheManager to the classpath.
2026-06-24 14:23:36 INFO  c.e.l.ProveedorServiceTest - Started ProveedorServiceTest in 4.482 seconds (process running for 5.528)
2026-06-24 14:23:36 WARN  o.springframework.test.context.TestContextManager - Caught exception while invoking 'afterTestMethod' callback on TestExecutionListener [org.springframework.test.context.bean.override.mockito.MockitoResetTestExecutionListener] for test method [void com.example.libreriaMarketCatalogService.service.ProveedorServiceTest.eliminarTest()] and test instance [com.example.libreriaMarketCatalogService.service.ProveedorServiceTest@57f9cc7a]
org.mockito.exceptions.misusing.InvalidUseOfMatchersException: 
Misplaced or misused argument matcher detected here:

-> at com.example.libreriaMarketCatalogService.service.ProveedorServiceTest.setUp(ProveedorServiceTest.java:49)

You cannot use argument matchers outside of verification or stubbing.
Examples of correct usage of argument matchers:
    when(mock.get(anyInt())).thenReturn(null);
    doThrow(new RuntimeException()).when(mock).someVoidMethod(any());
    verify(mock).someMethod(contains("foo"))

This message may appear after an NullPointerException if the last matcher is returning an object 
like any() but the stubbed method signature expect a primitive argument, in this case,
use primitive alternatives.
    when(mock.get(any())); // bad use, will raise NPE
    when(mock.get(anyInt())); // correct usage use

Also, this error might show up because you use argument matchers with methods that cannot be mocked.
Following methods *cannot* be stubbed/verified: final/private/equals()/hashCode().
Mocking methods declared on non-public parent classes is not supported.

	at org.springframework.test.context.bean.override.mockito.MockitoResetTestExecutionListener.resetMocks(MockitoResetTestExecutionListener.java:123)
	at org.springframework.test.context.bean.override.mockito.MockitoResetTestExecutionListener.resetMocks(MockitoResetTestExecutionListener.java:110)
	at org.springframework.test.context.bean.override.mockito.MockitoResetTestExecutionListener.afterTestMethod(MockitoResetTestExecutionListener.java:103)
	at org.springframework.test.context.TestContextManager.afterTestMethod(TestContextManager.java:488)
	at org.springframework.test.context.junit.jupiter.SpringExtension.afterEach(SpringExtension.java:318)
	at org.junit.jupiter.engine.descriptor.CallbackSupport.lambda$invokeAfterCallbacks$1(CallbackSupport.java:49)
	at org.junit.platform.engine.support.hierarchical.ThrowableCollector.execute(ThrowableCollector.java:74)
	at org.junit.jupiter.engine.descriptor.CallbackSupport.lambda$invokeAfterCallbacks$0(CallbackSupport.java:49)
	at org.junit.platform.commons.util.CollectionUtils.forEachInReverseOrder(CollectionUtils.java:209)
	at org.junit.jupiter.engine.descriptor.CallbackSupport.invokeAfterCallbacks(CallbackSupport.java:48)
	at org.junit.jupiter.engine.descriptor.TestMethodTestDescriptor.invokeAfterEachCallbacks(TestMethodTestDescriptor.java:260)
	at org.junit.jupiter.engine.descriptor.TestMethodTestDescriptor.execute(TestMethodTestDescriptor.java:163)
	at org.junit.jupiter.engine.descriptor.TestMethodTestDescriptor.execute(TestMethodTestDescriptor.java:70)
	at org.junit.platform.engine.support.hierarchical.NodeTestTask.lambda$executeRecursively$2(NodeTestTask.java:176)
	at org.junit.platform.engine.support.hierarchical.ThrowableCollector.execute(ThrowableCollector.java:74)
	at org.junit.platform.engine.support.hierarchical.NodeTestTask.lambda$executeRecursively$1(NodeTestTask.java:166)
	at org.junit.platform.engine.support.hierarchical.Node.around(Node.java:138)
	at org.junit.platform.engine.support.hierarchical.NodeTestTask.lambda$executeRecursively$0(NodeTestTask.java:164)
	at org.junit.platform.engine.support.hierarchical.ThrowableCollector.execute(ThrowableCollector.java:74)
	at org.junit.platform.engine.support.hierarchical.NodeTestTask.executeRecursively(NodeTestTask.java:163)
	at org.junit.platform.engine.support.hierarchical.NodeTestTask.execute(NodeTestTask.java:116)
	at java.base/java.util.ArrayList.forEach(ArrayList.java:1596)
	at org.junit.platform.engine.support.hierarchical.SameThreadHierarchicalTestExecutorService.invokeAll(SameThreadHierarchicalTestExecutorService.java:42)
	at org.junit.platform.engine.support.hierarchical.NodeTestTask.lambda$executeRecursively$2(NodeTestTask.java:180)
	at org.junit.platform.engine.support.hierarchical.ThrowableCollector.execute(ThrowableCollector.java:74)
	at org.junit.platform.engine.support.hierarchical.NodeTestTask.lambda$executeRecursively$1(NodeTestTask.java:166)
	at org.junit.platform.engine.support.hierarchical.Node.around(Node.java:138)
	at org.junit.platform.engine.support.hierarchical.NodeTestTask.lambda$executeRecursively$0(NodeTestTask.java:164)
	at org.junit.platform.engine.support.hierarchical.ThrowableCollector.execute(ThrowableCollector.java:74)
	at org.junit.platform.engine.support.hierarchical.NodeTestTask.executeRecursively(NodeTestTask.java:163)
	at org.junit.platform.engine.support.hierarchical.NodeTestTask.execute(NodeTestTask.java:116)
	at java.base/java.util.ArrayList.forEach(ArrayList.java:1596)
	at org.junit.platform.engine.support.hierarchical.SameThreadHierarchicalTestExecutorService.invokeAll(SameThreadHierarchicalTestExecutorService.java:42)
	at org.junit.platform.engine.support.hierarchical.NodeTestTask.lambda$executeRecursively$2(NodeTestTask.java:180)
	at org.junit.platform.engine.support.hierarchical.ThrowableCollector.execute(ThrowableCollector.java:74)
	at org.junit.platform.engine.support.hierarchical.NodeTestTask.lambda$executeRecursively$1(NodeTestTask.java:166)
	at org.junit.platform.engine.support.hierarchical.Node.around(Node.java:138)
	at org.junit.platform.engine.support.hierarchical.NodeTestTask.lambda$executeRecursively$0(NodeTestTask.java:164)
	at org.junit.platform.engine.support.hierarchical.ThrowableCollector.execute(ThrowableCollector.java:74)
	at org.junit.platform.engine.support.hierarchical.NodeTestTask.executeRecursively(NodeTestTask.java:163)
	at org.junit.platform.engine.support.hierarchical.NodeTestTask.execute(NodeTestTask.java:116)
	at org.junit.platform.engine.support.hierarchical.SameThreadHierarchicalTestExecutorService.submit(SameThreadHierarchicalTestExecutorService.java:36)
	at org.junit.platform.engine.support.hierarchical.HierarchicalTestExecutor.execute(HierarchicalTestExecutor.java:52)
	at org.junit.platform.engine.support.hierarchical.HierarchicalTestEngine.execute(HierarchicalTestEngine.java:58)
	at org.junit.platform.launcher.core.EngineExecutionOrchestrator.executeEngine(EngineExecutionOrchestrator.java:246)
	at org.junit.platform.launcher.core.EngineExecutionOrchestrator.failOrExecuteEngine(EngineExecutionOrchestrator.java:218)
	at org.junit.platform.launcher.core.EngineExecutionOrchestrator.execute(EngineExecutionOrchestrator.java:179)
	at org.junit.platform.launcher.core.EngineExecutionOrchestrator.execute(EngineExecutionOrchestrator.java:108)
	at org.junit.platform.launcher.core.EngineExecutionOrchestrator.lambda$execute$0(EngineExecutionOrchestrator.java:66)
	at org.junit.platform.launcher.core.EngineExecutionOrchestrator.withInterceptedStreams(EngineExecutionOrchestrator.java:157)
	at org.junit.platform.launcher.core.EngineExecutionOrchestrator.execute(EngineExecutionOrchestrator.java:65)
	at org.junit.platform.launcher.core.DefaultLauncher.execute(DefaultLauncher.java:125)
	at org.junit.platform.launcher.core.DefaultLauncher.execute(DefaultLauncher.java:114)
	at org.junit.platform.launcher.core.DelegatingLauncher.execute(DelegatingLauncher.java:58)
	at org.junit.platform.launcher.core.InterceptingLauncher.lambda$execute$2(InterceptingLauncher.java:57)
	at org.junit.platform.launcher.core.ClasspathAlignmentCheckingLauncherInterceptor.intercept(ClasspathAlignmentCheckingLauncherInterceptor.java:25)
	at org.junit.platform.launcher.core.InterceptingLauncher.execute(InterceptingLauncher.java:56)
	at org.junit.platform.launcher.core.DelegatingLauncher.execute(DelegatingLauncher.java:58)
	at org.junit.platform.launcher.core.SessionPerRequestLauncher.execute(SessionPerRequestLauncher.java:81)
	at com.intellij.junit6.JUnit6TestRunnerHelper.execute(JUnit6TestRunnerHelper.java:69)
	at com.intellij.junit5.JUnit5IdeaTestRunner.startRunnerWithArgs(JUnit5IdeaTestRunner.java:70)
	at com.intellij.rt.junit.IdeaTestRunner$Repeater$1.execute(IdeaTestRunner.java:38)
	at com.intellij.rt.execution.junit.TestsRepeater.repeat(TestsRepeater.java:11)
	at com.intellij.rt.junit.IdeaTestRunner$Repeater.startRunnerWithArgs(IdeaTestRunner.java:35)
	at com.intellij.rt.junit.JUnitStarter.prepareStreamsAndStart(JUnitStarter.java:225)
	at com.intellij.rt.junit.JUnitStarter.main(JUnitStarter.java:61)
2026-06-24 14:23:36 INFO  o.s.cloud.netflix.eureka.InstanceInfoFactory - Setting initial instance status as: STARTING
2026-06-24 14:23:37 INFO  o.s.c.n.e.serviceregistry.EurekaServiceRegistry - Unregistering application LMCATALOGMS with eureka with status DOWN
2026-06-24 14:23:37 INFO  o.s.orm.jpa.LocalContainerEntityManagerFactoryBean - Closing JPA EntityManagerFactory for persistence unit 'default'
2026-06-24 14:23:37 INFO  com.zaxxer.hikari.HikariDataSource - HikariPool-1 - Shutdown initiated...
2026-06-24 14:23:37 INFO  com.zaxxer.hikari.HikariDataSource - HikariPool-1 - Shutdown completed.
2026-06-24 14:42:13 INFO  c.e.l.ProveedorServiceTest - Starting ProveedorServiceTest using Java 21.0.11 with PID 18054 (started by apric in /run/media/apric/a0483016-93be-4d8d-b285-30d2ee3fccb7/GitHub/lbMarket/LibreriaMaketCatalogService/libreriaMarketCatalogService)
2026-06-24 14:42:13 DEBUG c.e.l.ProveedorServiceTest - Running with Spring Boot v4.0.0, Spring v7.0.1
2026-06-24 14:42:13 INFO  c.e.l.ProveedorServiceTest - The following 1 profile is active: "test"
2026-06-24 14:42:14 INFO  o.s.d.r.config.RepositoryConfigurationDelegate - Bootstrapping Spring Data JPA repositories in DEFAULT mode.
2026-06-24 14:42:14 INFO  o.s.d.r.config.RepositoryConfigurationDelegate - Finished Spring Data repository scanning in 92 ms. Found 2 JPA repository interfaces.
2026-06-24 14:42:14 INFO  o.springframework.cloud.context.scope.GenericScope - BeanFactory id=e80de23b-229b-306e-8490-0734d61a73db
2026-06-24 14:42:15 INFO  com.zaxxer.hikari.HikariDataSource - HikariPool-1 - Starting...
2026-06-24 14:42:15 INFO  com.zaxxer.hikari.pool.HikariPool - HikariPool-1 - Added connection com.mysql.cj.jdbc.ConnectionImpl@13bf5fd
2026-06-24 14:42:15 INFO  com.zaxxer.hikari.HikariDataSource - HikariPool-1 - Start completed.
2026-06-24 14:42:15 INFO  org.flywaydb.core.FlywayExecutor - Database: jdbc:mysql://localhost:3306/catalog_db (MySQL 12.3)
2026-06-24 14:42:15 WARN  org.flywaydb.core.internal.database.base.Database - Using MariaDB 12.3 which is newer than the version Flyway has been verified with. The latest verified version of MariaDB is 11.7.
2026-06-24 14:42:15 INFO  org.flywaydb.core.internal.command.DbValidate - Successfully validated 3 migrations (execution time 00:00.022s)
2026-06-24 14:42:15 INFO  org.flywaydb.core.internal.command.DbMigrate - Current version of schema `catalog_db`: 3
2026-06-24 14:42:15 INFO  org.flywaydb.core.internal.command.DbMigrate - Schema `catalog_db` is up to date. No migration necessary.
2026-06-24 14:42:15 INFO  o.s.o.j.persistenceunit.SpringPersistenceUnitInfo - No LoadTimeWeaver setup: ignoring JPA class transformer
2026-06-24 14:42:16 INFO  o.s.orm.jpa.LocalContainerEntityManagerFactoryBean - Initialized JPA EntityManagerFactory for persistence unit 'default'
2026-06-24 14:42:16 INFO  o.s.d.jpa.repository.query.QueryEnhancerFactories - Hibernate is in classpath; If applicable, HQL parser will be used.
2026-06-24 14:42:16 WARN  o.s.b.j.a.JpaBaseConfiguration$JpaWebConfiguration - spring.jpa.open-in-view is enabled by default. Therefore, database queries may be performed during view rendering. Explicitly configure spring.jpa.open-in-view to disable this warning
2026-06-24 14:42:16 INFO  o.s.s.c.a.a.c.InitializeUserDetailsBeanManagerConfigurer$InitializeUserDetailsManagerConfigurer - Global AuthenticationManager configured with UserDetailsService bean with name userDetailsService
2026-06-24 14:42:17 INFO  o.s.c.n.e.c.DiscoveryClientOptionalArgsConfiguration - Eureka HTTP Client uses RestClient.
2026-06-24 14:42:17 WARN  o.s.c.l.c.LoadBalancerCacheAutoConfiguration$LoadBalancerCaffeineWarnLogger - Spring Cloud LoadBalancer is currently working with the default cache. While this cache implementation is useful for development and tests, it's recommended to use Caffeine cache in production.You can switch to using Caffeine cache, by adding it and org.springframework.cache.caffeine.CaffeineCacheManager to the classpath.
2026-06-24 14:42:17 INFO  c.e.l.ProveedorServiceTest - Started ProveedorServiceTest in 4.407 seconds (process running for 5.526)
2026-06-24 14:42:17 INFO  o.s.cloud.netflix.eureka.InstanceInfoFactory - Setting initial instance status as: STARTING
2026-06-24 14:42:17 INFO  o.s.c.n.e.serviceregistry.EurekaServiceRegistry - Unregistering application LMCATALOGMS with eureka with status DOWN
2026-06-24 14:42:17 INFO  o.s.orm.jpa.LocalContainerEntityManagerFactoryBean - Closing JPA EntityManagerFactory for persistence unit 'default'
2026-06-24 14:42:17 INFO  com.zaxxer.hikari.HikariDataSource - HikariPool-1 - Shutdown initiated...
2026-06-24 14:42:17 INFO  com.zaxxer.hikari.HikariDataSource - HikariPool-1 - Shutdown completed.
2026-06-24 14:43:55 INFO  c.e.l.ProveedorServiceTest - Starting ProveedorServiceTest using Java 21.0.11 with PID 18272 (started by apric in /run/media/apric/a0483016-93be-4d8d-b285-30d2ee3fccb7/GitHub/lbMarket/LibreriaMaketCatalogService/libreriaMarketCatalogService)
2026-06-24 14:43:55 DEBUG c.e.l.ProveedorServiceTest - Running with Spring Boot v4.0.0, Spring v7.0.1
2026-06-24 14:43:55 INFO  c.e.l.ProveedorServiceTest - The following 1 profile is active: "test"
2026-06-24 14:43:56 INFO  o.s.d.r.config.RepositoryConfigurationDelegate - Bootstrapping Spring Data JPA repositories in DEFAULT mode.
2026-06-24 14:43:56 INFO  o.s.d.r.config.RepositoryConfigurationDelegate - Finished Spring Data repository scanning in 104 ms. Found 2 JPA repository interfaces.
2026-06-24 14:43:56 INFO  o.springframework.cloud.context.scope.GenericScope - BeanFactory id=e80de23b-229b-306e-8490-0734d61a73db
2026-06-24 14:43:57 INFO  com.zaxxer.hikari.HikariDataSource - HikariPool-1 - Starting...
2026-06-24 14:43:57 INFO  com.zaxxer.hikari.pool.HikariPool - HikariPool-1 - Added connection com.mysql.cj.jdbc.ConnectionImpl@6bfc5296
2026-06-24 14:43:57 INFO  com.zaxxer.hikari.HikariDataSource - HikariPool-1 - Start completed.
2026-06-24 14:43:57 INFO  org.flywaydb.core.FlywayExecutor - Database: jdbc:mysql://localhost:3306/catalog_db (MySQL 12.3)
2026-06-24 14:43:57 WARN  org.flywaydb.core.internal.database.base.Database - Using MariaDB 12.3 which is newer than the version Flyway has been verified with. The latest verified version of MariaDB is 11.7.
2026-06-24 14:43:57 INFO  org.flywaydb.core.internal.command.DbValidate - Successfully validated 3 migrations (execution time 00:00.024s)
2026-06-24 14:43:57 INFO  org.flywaydb.core.internal.command.DbMigrate - Current version of schema `catalog_db`: 3
2026-06-24 14:43:57 INFO  org.flywaydb.core.internal.command.DbMigrate - Schema `catalog_db` is up to date. No migration necessary.
2026-06-24 14:43:58 INFO  o.s.o.j.persistenceunit.SpringPersistenceUnitInfo - No LoadTimeWeaver setup: ignoring JPA class transformer
2026-06-24 14:43:58 INFO  o.s.orm.jpa.LocalContainerEntityManagerFactoryBean - Initialized JPA EntityManagerFactory for persistence unit 'default'
2026-06-24 14:43:58 INFO  o.s.d.jpa.repository.query.QueryEnhancerFactories - Hibernate is in classpath; If applicable, HQL parser will be used.
2026-06-24 14:43:59 WARN  o.s.b.j.a.JpaBaseConfiguration$JpaWebConfiguration - spring.jpa.open-in-view is enabled by default. Therefore, database queries may be performed during view rendering. Explicitly configure spring.jpa.open-in-view to disable this warning
2026-06-24 14:43:59 INFO  o.s.s.c.a.a.c.InitializeUserDetailsBeanManagerConfigurer$InitializeUserDetailsManagerConfigurer - Global AuthenticationManager configured with UserDetailsService bean with name userDetailsService
2026-06-24 14:44:00 INFO  o.s.c.n.e.c.DiscoveryClientOptionalArgsConfiguration - Eureka HTTP Client uses RestClient.
2026-06-24 14:44:00 WARN  o.s.c.l.c.LoadBalancerCacheAutoConfiguration$LoadBalancerCaffeineWarnLogger - Spring Cloud LoadBalancer is currently working with the default cache. While this cache implementation is useful for development and tests, it's recommended to use Caffeine cache in production.You can switch to using Caffeine cache, by adding it and org.springframework.cache.caffeine.CaffeineCacheManager to the classpath.
2026-06-24 14:44:00 INFO  c.e.l.ProveedorServiceTest - Started ProveedorServiceTest in 5.221 seconds (process running for 6.427)
2026-06-24 14:44:00 INFO  o.s.cloud.netflix.eureka.InstanceInfoFactory - Setting initial instance status as: STARTING
2026-06-24 14:44:00 INFO  o.s.c.n.e.serviceregistry.EurekaServiceRegistry - Unregistering application LMCATALOGMS with eureka with status DOWN
2026-06-24 14:44:00 INFO  o.s.orm.jpa.LocalContainerEntityManagerFactoryBean - Closing JPA EntityManagerFactory for persistence unit 'default'
2026-06-24 14:44:00 INFO  com.zaxxer.hikari.HikariDataSource - HikariPool-1 - Shutdown initiated...
2026-06-24 14:44:00 INFO  com.zaxxer.hikari.HikariDataSource - HikariPool-1 - Shutdown completed.
2026-06-24 14:44:02 INFO  c.e.l.ProveedorServiceTest - Starting ProveedorServiceTest using Java 21.0.11 with PID 18396 (started by apric in /run/media/apric/a0483016-93be-4d8d-b285-30d2ee3fccb7/GitHub/lbMarket/LibreriaMaketCatalogService/libreriaMarketCatalogService)
2026-06-24 14:44:02 DEBUG c.e.l.ProveedorServiceTest - Running with Spring Boot v4.0.0, Spring v7.0.1
2026-06-24 14:44:02 INFO  c.e.l.ProveedorServiceTest - The following 1 profile is active: "test"
2026-06-24 14:44:03 INFO  o.s.d.r.config.RepositoryConfigurationDelegate - Bootstrapping Spring Data JPA repositories in DEFAULT mode.
2026-06-24 14:44:03 INFO  o.s.d.r.config.RepositoryConfigurationDelegate - Finished Spring Data repository scanning in 95 ms. Found 2 JPA repository interfaces.
2026-06-24 14:44:03 INFO  o.springframework.cloud.context.scope.GenericScope - BeanFactory id=e80de23b-229b-306e-8490-0734d61a73db
2026-06-24 14:44:04 INFO  com.zaxxer.hikari.HikariDataSource - HikariPool-1 - Starting...
2026-06-24 14:44:04 INFO  com.zaxxer.hikari.pool.HikariPool - HikariPool-1 - Added connection com.mysql.cj.jdbc.ConnectionImpl@3ca9d3b2
2026-06-24 14:44:04 INFO  com.zaxxer.hikari.HikariDataSource - HikariPool-1 - Start completed.
2026-06-24 14:44:04 INFO  org.flywaydb.core.FlywayExecutor - Database: jdbc:mysql://localhost:3306/catalog_db (MySQL 12.3)
2026-06-24 14:44:04 WARN  org.flywaydb.core.internal.database.base.Database - Using MariaDB 12.3 which is newer than the version Flyway has been verified with. The latest verified version of MariaDB is 11.7.
2026-06-24 14:44:04 INFO  org.flywaydb.core.internal.command.DbValidate - Successfully validated 3 migrations (execution time 00:00.023s)
2026-06-24 14:44:04 INFO  org.flywaydb.core.internal.command.DbMigrate - Current version of schema `catalog_db`: 3
2026-06-24 14:44:04 INFO  org.flywaydb.core.internal.command.DbMigrate - Schema `catalog_db` is up to date. No migration necessary.
2026-06-24 14:44:04 INFO  o.s.o.j.persistenceunit.SpringPersistenceUnitInfo - No LoadTimeWeaver setup: ignoring JPA class transformer
2026-06-24 14:44:05 INFO  o.s.orm.jpa.LocalContainerEntityManagerFactoryBean - Initialized JPA EntityManagerFactory for persistence unit 'default'
2026-06-24 14:44:05 INFO  o.s.d.jpa.repository.query.QueryEnhancerFactories - Hibernate is in classpath; If applicable, HQL parser will be used.
2026-06-24 14:44:05 WARN  o.s.b.j.a.JpaBaseConfiguration$JpaWebConfiguration - spring.jpa.open-in-view is enabled by default. Therefore, database queries may be performed during view rendering. Explicitly configure spring.jpa.open-in-view to disable this warning
2026-06-24 14:44:06 INFO  o.s.s.c.a.a.c.InitializeUserDetailsBeanManagerConfigurer$InitializeUserDetailsManagerConfigurer - Global AuthenticationManager configured with UserDetailsService bean with name userDetailsService
2026-06-24 14:44:06 INFO  o.s.c.n.e.c.DiscoveryClientOptionalArgsConfiguration - Eureka HTTP Client uses RestClient.
2026-06-24 14:44:06 WARN  o.s.c.l.c.LoadBalancerCacheAutoConfiguration$LoadBalancerCaffeineWarnLogger - Spring Cloud LoadBalancer is currently working with the default cache. While this cache implementation is useful for development and tests, it's recommended to use Caffeine cache in production.You can switch to using Caffeine cache, by adding it and org.springframework.cache.caffeine.CaffeineCacheManager to the classpath.
2026-06-24 14:44:06 INFO  c.e.l.ProveedorServiceTest - Started ProveedorServiceTest in 4.517 seconds (process running for 5.632)
2026-06-24 14:44:06 INFO  o.s.cloud.netflix.eureka.InstanceInfoFactory - Setting initial instance status as: STARTING
2026-06-24 14:44:06 INFO  o.s.c.n.e.serviceregistry.EurekaServiceRegistry - Unregistering application LMCATALOGMS with eureka with status DOWN
2026-06-24 14:44:06 INFO  o.s.orm.jpa.LocalContainerEntityManagerFactoryBean - Closing JPA EntityManagerFactory for persistence unit 'default'
2026-06-24 14:44:06 INFO  com.zaxxer.hikari.HikariDataSource - HikariPool-1 - Shutdown initiated...
2026-06-24 14:44:06 INFO  com.zaxxer.hikari.HikariDataSource - HikariPool-1 - Shutdown completed.
2026-06-24 14:47:23 INFO  c.e.l.ProveedorServiceTest - Starting ProveedorServiceTest using Java 21.0.11 with PID 18573 (started by apric in /run/media/apric/a0483016-93be-4d8d-b285-30d2ee3fccb7/GitHub/lbMarket/LibreriaMaketCatalogService/libreriaMarketCatalogService)
2026-06-24 14:47:23 DEBUG c.e.l.ProveedorServiceTest - Running with Spring Boot v4.0.0, Spring v7.0.1
2026-06-24 14:47:23 INFO  c.e.l.ProveedorServiceTest - The following 1 profile is active: "test"
2026-06-24 14:47:24 INFO  o.s.d.r.config.RepositoryConfigurationDelegate - Bootstrapping Spring Data JPA repositories in DEFAULT mode.
2026-06-24 14:47:24 INFO  o.s.d.r.config.RepositoryConfigurationDelegate - Finished Spring Data repository scanning in 93 ms. Found 2 JPA repository interfaces.
2026-06-24 14:47:25 INFO  o.springframework.cloud.context.scope.GenericScope - BeanFactory id=e80de23b-229b-306e-8490-0734d61a73db
2026-06-24 14:47:25 INFO  com.zaxxer.hikari.HikariDataSource - HikariPool-1 - Starting...
2026-06-24 14:47:26 INFO  com.zaxxer.hikari.pool.HikariPool - HikariPool-1 - Added connection com.mysql.cj.jdbc.ConnectionImpl@17b387ef
2026-06-24 14:47:26 INFO  com.zaxxer.hikari.HikariDataSource - HikariPool-1 - Start completed.
2026-06-24 14:47:26 INFO  org.flywaydb.core.FlywayExecutor - Database: jdbc:mysql://localhost:3306/catalog_db (MySQL 12.3)
2026-06-24 14:47:26 WARN  org.flywaydb.core.internal.database.base.Database - Using MariaDB 12.3 which is newer than the version Flyway has been verified with. The latest verified version of MariaDB is 11.7.
2026-06-24 14:47:26 INFO  org.flywaydb.core.internal.command.DbValidate - Successfully validated 3 migrations (execution time 00:00.029s)
2026-06-24 14:47:26 INFO  org.flywaydb.core.internal.command.DbMigrate - Current version of schema `catalog_db`: 3
2026-06-24 14:47:26 INFO  org.flywaydb.core.internal.command.DbMigrate - Schema `catalog_db` is up to date. No migration necessary.
2026-06-24 14:47:26 INFO  o.s.o.j.persistenceunit.SpringPersistenceUnitInfo - No LoadTimeWeaver setup: ignoring JPA class transformer
2026-06-24 14:47:27 INFO  o.s.orm.jpa.LocalContainerEntityManagerFactoryBean - Initialized JPA EntityManagerFactory for persistence unit 'default'
2026-06-24 14:47:27 INFO  o.s.d.jpa.repository.query.QueryEnhancerFactories - Hibernate is in classpath; If applicable, HQL parser will be used.
2026-06-24 14:47:27 WARN  o.s.b.j.a.JpaBaseConfiguration$JpaWebConfiguration - spring.jpa.open-in-view is enabled by default. Therefore, database queries may be performed during view rendering. Explicitly configure spring.jpa.open-in-view to disable this warning
2026-06-24 14:47:27 INFO  o.s.s.c.a.a.c.InitializeUserDetailsBeanManagerConfigurer$InitializeUserDetailsManagerConfigurer - Global AuthenticationManager configured with UserDetailsService bean with name userDetailsService
2026-06-24 14:47:28 INFO  o.s.c.n.e.c.DiscoveryClientOptionalArgsConfiguration - Eureka HTTP Client uses RestClient.
2026-06-24 14:47:28 WARN  o.s.c.l.c.LoadBalancerCacheAutoConfiguration$LoadBalancerCaffeineWarnLogger - Spring Cloud LoadBalancer is currently working with the default cache. While this cache implementation is useful for development and tests, it's recommended to use Caffeine cache in production.You can switch to using Caffeine cache, by adding it and org.springframework.cache.caffeine.CaffeineCacheManager to the classpath.
2026-06-24 14:47:28 INFO  c.e.l.ProveedorServiceTest - Started ProveedorServiceTest in 4.611 seconds (process running for 5.641)
2026-06-24 14:47:28 INFO  o.s.cloud.netflix.eureka.InstanceInfoFactory - Setting initial instance status as: STARTING
2026-06-24 14:47:28 INFO  o.s.c.n.e.serviceregistry.EurekaServiceRegistry - Unregistering application LMCATALOGMS with eureka with status DOWN
2026-06-24 14:47:28 INFO  o.s.orm.jpa.LocalContainerEntityManagerFactoryBean - Closing JPA EntityManagerFactory for persistence unit 'default'
2026-06-24 14:47:28 INFO  com.zaxxer.hikari.HikariDataSource - HikariPool-1 - Shutdown initiated...
2026-06-24 14:47:28 INFO  com.zaxxer.hikari.HikariDataSource - HikariPool-1 - Shutdown completed.
2026-06-24 14:49:05 INFO  c.e.l.ProveedorServiceTest - Starting ProveedorServiceTest using Java 21.0.11 with PID 18811 (started by apric in /run/media/apric/a0483016-93be-4d8d-b285-30d2ee3fccb7/GitHub/lbMarket/LibreriaMaketCatalogService/libreriaMarketCatalogService)
2026-06-24 14:49:05 DEBUG c.e.l.ProveedorServiceTest - Running with Spring Boot v4.0.0, Spring v7.0.1
2026-06-24 14:49:05 INFO  c.e.l.ProveedorServiceTest - The following 1 profile is active: "test"
2026-06-24 14:49:06 INFO  o.s.d.r.config.RepositoryConfigurationDelegate - Bootstrapping Spring Data JPA repositories in DEFAULT mode.
2026-06-24 14:49:06 INFO  o.s.d.r.config.RepositoryConfigurationDelegate - Finished Spring Data repository scanning in 91 ms. Found 2 JPA repository interfaces.
2026-06-24 14:49:06 INFO  o.springframework.cloud.context.scope.GenericScope - BeanFactory id=e80de23b-229b-306e-8490-0734d61a73db
2026-06-24 14:49:07 INFO  com.zaxxer.hikari.HikariDataSource - HikariPool-1 - Starting...
2026-06-24 14:49:07 INFO  com.zaxxer.hikari.pool.HikariPool - HikariPool-1 - Added connection com.mysql.cj.jdbc.ConnectionImpl@489b7559
2026-06-24 14:49:07 INFO  com.zaxxer.hikari.HikariDataSource - HikariPool-1 - Start completed.
2026-06-24 14:49:07 INFO  org.flywaydb.core.FlywayExecutor - Database: jdbc:mysql://localhost:3306/catalog_db (MySQL 12.3)
2026-06-24 14:49:07 WARN  org.flywaydb.core.internal.database.base.Database - Using MariaDB 12.3 which is newer than the version Flyway has been verified with. The latest verified version of MariaDB is 11.7.
2026-06-24 14:49:07 INFO  org.flywaydb.core.internal.command.DbValidate - Successfully validated 3 migrations (execution time 00:00.023s)
2026-06-24 14:49:07 INFO  org.flywaydb.core.internal.command.DbMigrate - Current version of schema `catalog_db`: 3
2026-06-24 14:49:07 INFO  org.flywaydb.core.internal.command.DbMigrate - Schema `catalog_db` is up to date. No migration necessary.
2026-06-24 14:49:08 INFO  o.s.o.j.persistenceunit.SpringPersistenceUnitInfo - No LoadTimeWeaver setup: ignoring JPA class transformer
2026-06-24 14:49:08 INFO  o.s.orm.jpa.LocalContainerEntityManagerFactoryBean - Initialized JPA EntityManagerFactory for persistence unit 'default'
2026-06-24 14:49:08 INFO  o.s.d.jpa.repository.query.QueryEnhancerFactories - Hibernate is in classpath; If applicable, HQL parser will be used.
2026-06-24 14:49:09 WARN  o.s.b.j.a.JpaBaseConfiguration$JpaWebConfiguration - spring.jpa.open-in-view is enabled by default. Therefore, database queries may be performed during view rendering. Explicitly configure spring.jpa.open-in-view to disable this warning
2026-06-24 14:49:09 INFO  o.s.s.c.a.a.c.InitializeUserDetailsBeanManagerConfigurer$InitializeUserDetailsManagerConfigurer - Global AuthenticationManager configured with UserDetailsService bean with name userDetailsService
2026-06-24 14:49:09 INFO  o.s.c.n.e.c.DiscoveryClientOptionalArgsConfiguration - Eureka HTTP Client uses RestClient.
2026-06-24 14:49:09 WARN  o.s.c.l.c.LoadBalancerCacheAutoConfiguration$LoadBalancerCaffeineWarnLogger - Spring Cloud LoadBalancer is currently working with the default cache. While this cache implementation is useful for development and tests, it's recommended to use Caffeine cache in production.You can switch to using Caffeine cache, by adding it and org.springframework.cache.caffeine.CaffeineCacheManager to the classpath.
2026-06-24 14:49:10 INFO  c.e.l.ProveedorServiceTest - Started ProveedorServiceTest in 4.499 seconds (process running for 5.545)
2026-06-24 14:49:10 INFO  o.s.cloud.netflix.eureka.InstanceInfoFactory - Setting initial instance status as: STARTING
2026-06-24 14:49:10 INFO  o.s.c.n.e.serviceregistry.EurekaServiceRegistry - Unregistering application LMCATALOGMS with eureka with status DOWN
2026-06-24 14:49:10 INFO  o.s.orm.jpa.LocalContainerEntityManagerFactoryBean - Closing JPA EntityManagerFactory for persistence unit 'default'
2026-06-24 14:49:10 INFO  com.zaxxer.hikari.HikariDataSource - HikariPool-1 - Shutdown initiated...
2026-06-24 14:49:10 INFO  com.zaxxer.hikari.HikariDataSource - HikariPool-1 - Shutdown completed.
2026-06-24 14:49:31 INFO  c.e.l.ProveedorServiceTest - Starting ProveedorServiceTest using Java 21.0.11 with PID 18932 (started by apric in /run/media/apric/a0483016-93be-4d8d-b285-30d2ee3fccb7/GitHub/lbMarket/LibreriaMaketCatalogService/libreriaMarketCatalogService)
2026-06-24 14:49:31 DEBUG c.e.l.ProveedorServiceTest - Running with Spring Boot v4.0.0, Spring v7.0.1
2026-06-24 14:49:31 INFO  c.e.l.ProveedorServiceTest - The following 1 profile is active: "test"
2026-06-24 14:49:31 INFO  o.s.d.r.config.RepositoryConfigurationDelegate - Bootstrapping Spring Data JPA repositories in DEFAULT mode.
2026-06-24 14:49:31 INFO  o.s.d.r.config.RepositoryConfigurationDelegate - Finished Spring Data repository scanning in 97 ms. Found 2 JPA repository interfaces.
2026-06-24 14:49:32 INFO  o.springframework.cloud.context.scope.GenericScope - BeanFactory id=e80de23b-229b-306e-8490-0734d61a73db
2026-06-24 14:49:32 INFO  com.zaxxer.hikari.HikariDataSource - HikariPool-1 - Starting...
2026-06-24 14:49:33 INFO  com.zaxxer.hikari.pool.HikariPool - HikariPool-1 - Added connection com.mysql.cj.jdbc.ConnectionImpl@7c3ae369
2026-06-24 14:49:33 INFO  com.zaxxer.hikari.HikariDataSource - HikariPool-1 - Start completed.
2026-06-24 14:49:33 INFO  org.flywaydb.core.FlywayExecutor - Database: jdbc:mysql://localhost:3306/catalog_db (MySQL 12.3)
2026-06-24 14:49:33 WARN  org.flywaydb.core.internal.database.base.Database - Using MariaDB 12.3 which is newer than the version Flyway has been verified with. The latest verified version of MariaDB is 11.7.
2026-06-24 14:49:33 INFO  org.flywaydb.core.internal.command.DbValidate - Successfully validated 3 migrations (execution time 00:00.022s)
2026-06-24 14:49:33 INFO  org.flywaydb.core.internal.command.DbMigrate - Current version of schema `catalog_db`: 3
2026-06-24 14:49:33 INFO  org.flywaydb.core.internal.command.DbMigrate - Schema `catalog_db` is up to date. No migration necessary.
2026-06-24 14:49:33 INFO  o.s.o.j.persistenceunit.SpringPersistenceUnitInfo - No LoadTimeWeaver setup: ignoring JPA class transformer
2026-06-24 14:49:34 INFO  o.s.orm.jpa.LocalContainerEntityManagerFactoryBean - Initialized JPA EntityManagerFactory for persistence unit 'default'
2026-06-24 14:49:34 INFO  o.s.d.jpa.repository.query.QueryEnhancerFactories - Hibernate is in classpath; If applicable, HQL parser will be used.
2026-06-24 14:49:34 WARN  o.s.b.j.a.JpaBaseConfiguration$JpaWebConfiguration - spring.jpa.open-in-view is enabled by default. Therefore, database queries may be performed during view rendering. Explicitly configure spring.jpa.open-in-view to disable this warning
2026-06-24 14:49:34 INFO  o.s.s.c.a.a.c.InitializeUserDetailsBeanManagerConfigurer$InitializeUserDetailsManagerConfigurer - Global AuthenticationManager configured with UserDetailsService bean with name userDetailsService
2026-06-24 14:49:35 INFO  o.s.c.n.e.c.DiscoveryClientOptionalArgsConfiguration - Eureka HTTP Client uses RestClient.
2026-06-24 14:49:35 WARN  o.s.c.l.c.LoadBalancerCacheAutoConfiguration$LoadBalancerCaffeineWarnLogger - Spring Cloud LoadBalancer is currently working with the default cache. While this cache implementation is useful for development and tests, it's recommended to use Caffeine cache in production.You can switch to using Caffeine cache, by adding it and org.springframework.cache.caffeine.CaffeineCacheManager to the classpath.
2026-06-24 14:49:35 INFO  c.e.l.ProveedorServiceTest - Started ProveedorServiceTest in 4.628 seconds (process running for 5.634)
2026-06-24 14:49:35 INFO  o.s.cloud.netflix.eureka.InstanceInfoFactory - Setting initial instance status as: STARTING
2026-06-24 14:49:35 INFO  o.s.c.n.e.serviceregistry.EurekaServiceRegistry - Unregistering application LMCATALOGMS with eureka with status DOWN
2026-06-24 14:49:35 INFO  o.s.orm.jpa.LocalContainerEntityManagerFactoryBean - Closing JPA EntityManagerFactory for persistence unit 'default'
2026-06-24 14:49:35 INFO  com.zaxxer.hikari.HikariDataSource - HikariPool-1 - Shutdown initiated...
2026-06-24 14:49:35 INFO  com.zaxxer.hikari.HikariDataSource - HikariPool-1 - Shutdown completed.
2026-06-24 14:50:44 INFO  c.e.l.ProveedorServiceTest - Starting ProveedorServiceTest using Java 21.0.11 with PID 19074 (started by apric in /run/media/apric/a0483016-93be-4d8d-b285-30d2ee3fccb7/GitHub/lbMarket/LibreriaMaketCatalogService/libreriaMarketCatalogService)
2026-06-24 14:50:44 DEBUG c.e.l.ProveedorServiceTest - Running with Spring Boot v4.0.0, Spring v7.0.1
2026-06-24 14:50:44 INFO  c.e.l.ProveedorServiceTest - The following 1 profile is active: "test"
2026-06-24 14:50:44 INFO  o.s.d.r.config.RepositoryConfigurationDelegate - Bootstrapping Spring Data JPA repositories in DEFAULT mode.
2026-06-24 14:50:44 INFO  o.s.d.r.config.RepositoryConfigurationDelegate - Finished Spring Data repository scanning in 92 ms. Found 2 JPA repository interfaces.
2026-06-24 14:50:45 INFO  o.springframework.cloud.context.scope.GenericScope - BeanFactory id=e80de23b-229b-306e-8490-0734d61a73db
2026-06-24 14:50:45 INFO  com.zaxxer.hikari.HikariDataSource - HikariPool-1 - Starting...
2026-06-24 14:50:46 INFO  com.zaxxer.hikari.pool.HikariPool - HikariPool-1 - Added connection com.mysql.cj.jdbc.ConnectionImpl@17b387ef
2026-06-24 14:50:46 INFO  com.zaxxer.hikari.HikariDataSource - HikariPool-1 - Start completed.
2026-06-24 14:50:46 INFO  org.flywaydb.core.FlywayExecutor - Database: jdbc:mysql://localhost:3306/catalog_db (MySQL 12.3)
2026-06-24 14:50:46 WARN  org.flywaydb.core.internal.database.base.Database - Using MariaDB 12.3 which is newer than the version Flyway has been verified with. The latest verified version of MariaDB is 11.7.
2026-06-24 14:50:46 INFO  org.flywaydb.core.internal.command.DbValidate - Successfully validated 3 migrations (execution time 00:00.022s)
2026-06-24 14:50:46 INFO  org.flywaydb.core.internal.command.DbMigrate - Current version of schema `catalog_db`: 3
2026-06-24 14:50:46 INFO  org.flywaydb.core.internal.command.DbMigrate - Schema `catalog_db` is up to date. No migration necessary.
2026-06-24 14:50:46 INFO  o.s.o.j.persistenceunit.SpringPersistenceUnitInfo - No LoadTimeWeaver setup: ignoring JPA class transformer
2026-06-24 14:50:47 INFO  o.s.orm.jpa.LocalContainerEntityManagerFactoryBean - Initialized JPA EntityManagerFactory for persistence unit 'default'
2026-06-24 14:50:47 INFO  o.s.d.jpa.repository.query.QueryEnhancerFactories - Hibernate is in classpath; If applicable, HQL parser will be used.
2026-06-24 14:50:47 WARN  o.s.b.j.a.JpaBaseConfiguration$JpaWebConfiguration - spring.jpa.open-in-view is enabled by default. Therefore, database queries may be performed during view rendering. Explicitly configure spring.jpa.open-in-view to disable this warning
2026-06-24 14:50:47 INFO  o.s.s.c.a.a.c.InitializeUserDetailsBeanManagerConfigurer$InitializeUserDetailsManagerConfigurer - Global AuthenticationManager configured with UserDetailsService bean with name userDetailsService
2026-06-24 14:50:48 INFO  o.s.c.n.e.c.DiscoveryClientOptionalArgsConfiguration - Eureka HTTP Client uses RestClient.
2026-06-24 14:50:48 WARN  o.s.c.l.c.LoadBalancerCacheAutoConfiguration$LoadBalancerCaffeineWarnLogger - Spring Cloud LoadBalancer is currently working with the default cache. While this cache implementation is useful for development and tests, it's recommended to use Caffeine cache in production.You can switch to using Caffeine cache, by adding it and org.springframework.cache.caffeine.CaffeineCacheManager to the classpath.
2026-06-24 14:50:48 INFO  c.e.l.ProveedorServiceTest - Started ProveedorServiceTest in 4.591 seconds (process running for 5.587)
2026-06-24 14:50:48 INFO  o.s.cloud.netflix.eureka.InstanceInfoFactory - Setting initial instance status as: STARTING
2026-06-24 14:50:48 INFO  o.s.c.n.e.serviceregistry.EurekaServiceRegistry - Unregistering application LMCATALOGMS with eureka with status DOWN
2026-06-24 14:50:48 INFO  o.s.orm.jpa.LocalContainerEntityManagerFactoryBean - Closing JPA EntityManagerFactory for persistence unit 'default'
2026-06-24 14:50:48 INFO  com.zaxxer.hikari.HikariDataSource - HikariPool-1 - Shutdown initiated...
2026-06-24 14:50:48 INFO  com.zaxxer.hikari.HikariDataSource - HikariPool-1 - Shutdown completed.
2026-06-24 14:51:45 INFO  c.e.l.ProveedorServiceTest - Starting ProveedorServiceTest using Java 21.0.11 with PID 19253 (started by apric in /run/media/apric/a0483016-93be-4d8d-b285-30d2ee3fccb7/GitHub/lbMarket/LibreriaMaketCatalogService/libreriaMarketCatalogService)
2026-06-24 14:51:45 DEBUG c.e.l.ProveedorServiceTest - Running with Spring Boot v4.0.0, Spring v7.0.1
2026-06-24 14:51:45 INFO  c.e.l.ProveedorServiceTest - The following 1 profile is active: "test"
2026-06-24 14:51:46 INFO  o.s.d.r.config.RepositoryConfigurationDelegate - Bootstrapping Spring Data JPA repositories in DEFAULT mode.
2026-06-24 14:51:46 INFO  o.s.d.r.config.RepositoryConfigurationDelegate - Finished Spring Data repository scanning in 90 ms. Found 2 JPA repository interfaces.
2026-06-24 14:51:46 INFO  o.springframework.cloud.context.scope.GenericScope - BeanFactory id=e80de23b-229b-306e-8490-0734d61a73db
2026-06-24 14:51:47 INFO  com.zaxxer.hikari.HikariDataSource - HikariPool-1 - Starting...
2026-06-24 14:51:47 INFO  com.zaxxer.hikari.pool.HikariPool - HikariPool-1 - Added connection com.mysql.cj.jdbc.ConnectionImpl@37aea657
2026-06-24 14:51:47 INFO  com.zaxxer.hikari.HikariDataSource - HikariPool-1 - Start completed.
2026-06-24 14:51:47 INFO  org.flywaydb.core.FlywayExecutor - Database: jdbc:mysql://localhost:3306/catalog_db (MySQL 12.3)
2026-06-24 14:51:47 WARN  org.flywaydb.core.internal.database.base.Database - Using MariaDB 12.3 which is newer than the version Flyway has been verified with. The latest verified version of MariaDB is 11.7.
2026-06-24 14:51:47 INFO  org.flywaydb.core.internal.command.DbValidate - Successfully validated 3 migrations (execution time 00:00.023s)
2026-06-24 14:51:47 INFO  org.flywaydb.core.internal.command.DbMigrate - Current version of schema `catalog_db`: 3
2026-06-24 14:51:47 INFO  org.flywaydb.core.internal.command.DbMigrate - Schema `catalog_db` is up to date. No migration necessary.
2026-06-24 14:51:47 INFO  o.s.o.j.persistenceunit.SpringPersistenceUnitInfo - No LoadTimeWeaver setup: ignoring JPA class transformer
2026-06-24 14:51:48 INFO  o.s.orm.jpa.LocalContainerEntityManagerFactoryBean - Initialized JPA EntityManagerFactory for persistence unit 'default'
2026-06-24 14:51:48 INFO  o.s.d.jpa.repository.query.QueryEnhancerFactories - Hibernate is in classpath; If applicable, HQL parser will be used.
2026-06-24 14:51:48 WARN  o.s.b.j.a.JpaBaseConfiguration$JpaWebConfiguration - spring.jpa.open-in-view is enabled by default. Therefore, database queries may be performed during view rendering. Explicitly configure spring.jpa.open-in-view to disable this warning
2026-06-24 14:51:49 INFO  o.s.s.c.a.a.c.InitializeUserDetailsBeanManagerConfigurer$InitializeUserDetailsManagerConfigurer - Global AuthenticationManager configured with UserDetailsService bean with name userDetailsService
2026-06-24 14:51:49 INFO  o.s.c.n.e.c.DiscoveryClientOptionalArgsConfiguration - Eureka HTTP Client uses RestClient.
2026-06-24 14:51:49 WARN  o.s.c.l.c.LoadBalancerCacheAutoConfiguration$LoadBalancerCaffeineWarnLogger - Spring Cloud LoadBalancer is currently working with the default cache. While this cache implementation is useful for development and tests, it's recommended to use Caffeine cache in production.You can switch to using Caffeine cache, by adding it and org.springframework.cache.caffeine.CaffeineCacheManager to the classpath.
2026-06-24 14:51:49 INFO  c.e.l.ProveedorServiceTest - Started ProveedorServiceTest in 4.63 seconds (process running for 5.667)
2026-06-24 14:51:49 INFO  o.s.cloud.netflix.eureka.InstanceInfoFactory - Setting initial instance status as: STARTING
2026-06-24 14:51:49 INFO  o.s.c.n.e.serviceregistry.EurekaServiceRegistry - Unregistering application LMCATALOGMS with eureka with status DOWN
2026-06-24 14:51:49 INFO  o.s.orm.jpa.LocalContainerEntityManagerFactoryBean - Closing JPA EntityManagerFactory for persistence unit 'default'
2026-06-24 14:51:49 INFO  com.zaxxer.hikari.HikariDataSource - HikariPool-1 - Shutdown initiated...
2026-06-24 14:51:49 INFO  com.zaxxer.hikari.HikariDataSource - HikariPool-1 - Shutdown completed.
2026-06-24 14:53:24 INFO  c.e.l.ProveedorServiceTest - Starting ProveedorServiceTest using Java 21.0.11 with PID 19396 (started by apric in /run/media/apric/a0483016-93be-4d8d-b285-30d2ee3fccb7/GitHub/lbMarket/LibreriaMaketCatalogService/libreriaMarketCatalogService)
2026-06-24 14:53:24 DEBUG c.e.l.ProveedorServiceTest - Running with Spring Boot v4.0.0, Spring v7.0.1
2026-06-24 14:53:24 INFO  c.e.l.ProveedorServiceTest - The following 1 profile is active: "test"
2026-06-24 14:53:24 INFO  o.s.d.r.config.RepositoryConfigurationDelegate - Bootstrapping Spring Data JPA repositories in DEFAULT mode.
2026-06-24 14:53:24 INFO  o.s.d.r.config.RepositoryConfigurationDelegate - Finished Spring Data repository scanning in 98 ms. Found 2 JPA repository interfaces.
2026-06-24 14:53:25 INFO  o.springframework.cloud.context.scope.GenericScope - BeanFactory id=e80de23b-229b-306e-8490-0734d61a73db
2026-06-24 14:53:25 INFO  com.zaxxer.hikari.HikariDataSource - HikariPool-1 - Starting...
2026-06-24 14:53:26 INFO  com.zaxxer.hikari.pool.HikariPool - HikariPool-1 - Added connection com.mysql.cj.jdbc.ConnectionImpl@1693d505
2026-06-24 14:53:26 INFO  com.zaxxer.hikari.HikariDataSource - HikariPool-1 - Start completed.
2026-06-24 14:53:26 INFO  org.flywaydb.core.FlywayExecutor - Database: jdbc:mysql://localhost:3306/catalog_db (MySQL 12.3)
2026-06-24 14:53:26 WARN  org.flywaydb.core.internal.database.base.Database - Using MariaDB 12.3 which is newer than the version Flyway has been verified with. The latest verified version of MariaDB is 11.7.
2026-06-24 14:53:26 INFO  org.flywaydb.core.internal.command.DbValidate - Successfully validated 3 migrations (execution time 00:00.023s)
2026-06-24 14:53:26 INFO  org.flywaydb.core.internal.command.DbMigrate - Current version of schema `catalog_db`: 3
2026-06-24 14:53:26 INFO  org.flywaydb.core.internal.command.DbMigrate - Schema `catalog_db` is up to date. No migration necessary.
2026-06-24 14:53:26 INFO  o.s.o.j.persistenceunit.SpringPersistenceUnitInfo - No LoadTimeWeaver setup: ignoring JPA class transformer
2026-06-24 14:53:27 INFO  o.s.orm.jpa.LocalContainerEntityManagerFactoryBean - Initialized JPA EntityManagerFactory for persistence unit 'default'
2026-06-24 14:53:27 INFO  o.s.d.jpa.repository.query.QueryEnhancerFactories - Hibernate is in classpath; If applicable, HQL parser will be used.
2026-06-24 14:53:27 WARN  o.s.b.j.a.JpaBaseConfiguration$JpaWebConfiguration - spring.jpa.open-in-view is enabled by default. Therefore, database queries may be performed during view rendering. Explicitly configure spring.jpa.open-in-view to disable this warning
2026-06-24 14:53:27 INFO  o.s.s.c.a.a.c.InitializeUserDetailsBeanManagerConfigurer$InitializeUserDetailsManagerConfigurer - Global AuthenticationManager configured with UserDetailsService bean with name userDetailsService
2026-06-24 14:53:28 INFO  o.s.c.n.e.c.DiscoveryClientOptionalArgsConfiguration - Eureka HTTP Client uses RestClient.
2026-06-24 14:53:28 WARN  o.s.c.l.c.LoadBalancerCacheAutoConfiguration$LoadBalancerCaffeineWarnLogger - Spring Cloud LoadBalancer is currently working with the default cache. While this cache implementation is useful for development and tests, it's recommended to use Caffeine cache in production.You can switch to using Caffeine cache, by adding it and org.springframework.cache.caffeine.CaffeineCacheManager to the classpath.
2026-06-24 14:53:28 INFO  c.e.l.ProveedorServiceTest - Started ProveedorServiceTest in 4.52 seconds (process running for 5.504)
2026-06-24 14:53:28 INFO  o.s.cloud.netflix.eureka.InstanceInfoFactory - Setting initial instance status as: STARTING
2026-06-24 14:53:28 INFO  o.s.c.n.e.serviceregistry.EurekaServiceRegistry - Unregistering application LMCATALOGMS with eureka with status DOWN
2026-06-24 14:53:28 INFO  o.s.orm.jpa.LocalContainerEntityManagerFactoryBean - Closing JPA EntityManagerFactory for persistence unit 'default'
2026-06-24 14:53:28 INFO  com.zaxxer.hikari.HikariDataSource - HikariPool-1 - Shutdown initiated...
2026-06-24 14:53:28 INFO  com.zaxxer.hikari.HikariDataSource - HikariPool-1 - Shutdown completed.
2026-06-24 15:02:34 INFO  c.e.l.ProveedorServiceTest - Starting ProveedorServiceTest using Java 21.0.11 with PID 19726 (started by apric in /run/media/apric/a0483016-93be-4d8d-b285-30d2ee3fccb7/GitHub/lbMarket/LibreriaMaketCatalogService/libreriaMarketCatalogService)
2026-06-24 15:02:34 DEBUG c.e.l.ProveedorServiceTest - Running with Spring Boot v4.0.0, Spring v7.0.1
2026-06-24 15:02:34 INFO  c.e.l.ProveedorServiceTest - The following 1 profile is active: "test"
2026-06-24 15:02:35 INFO  o.s.d.r.config.RepositoryConfigurationDelegate - Bootstrapping Spring Data JPA repositories in DEFAULT mode.
2026-06-24 15:02:35 INFO  o.s.d.r.config.RepositoryConfigurationDelegate - Finished Spring Data repository scanning in 90 ms. Found 2 JPA repository interfaces.
2026-06-24 15:02:35 INFO  o.springframework.cloud.context.scope.GenericScope - BeanFactory id=e80de23b-229b-306e-8490-0734d61a73db
2026-06-24 15:02:36 INFO  com.zaxxer.hikari.HikariDataSource - HikariPool-1 - Starting...
2026-06-24 15:02:36 INFO  com.zaxxer.hikari.pool.HikariPool - HikariPool-1 - Added connection com.mysql.cj.jdbc.ConnectionImpl@13bf5fd
2026-06-24 15:02:36 INFO  com.zaxxer.hikari.HikariDataSource - HikariPool-1 - Start completed.
2026-06-24 15:02:36 INFO  org.flywaydb.core.FlywayExecutor - Database: jdbc:mysql://localhost:3306/catalog_db (MySQL 12.3)
2026-06-24 15:02:36 WARN  org.flywaydb.core.internal.database.base.Database - Using MariaDB 12.3 which is newer than the version Flyway has been verified with. The latest verified version of MariaDB is 11.7.
2026-06-24 15:02:37 INFO  org.flywaydb.core.internal.command.DbValidate - Successfully validated 3 migrations (execution time 00:00.022s)
2026-06-24 15:02:37 INFO  org.flywaydb.core.internal.command.DbMigrate - Current version of schema `catalog_db`: 3
2026-06-24 15:02:37 INFO  org.flywaydb.core.internal.command.DbMigrate - Schema `catalog_db` is up to date. No migration necessary.
2026-06-24 15:02:37 INFO  o.s.o.j.persistenceunit.SpringPersistenceUnitInfo - No LoadTimeWeaver setup: ignoring JPA class transformer
2026-06-24 15:02:37 INFO  o.s.orm.jpa.LocalContainerEntityManagerFactoryBean - Initialized JPA EntityManagerFactory for persistence unit 'default'
2026-06-24 15:02:38 INFO  o.s.d.jpa.repository.query.QueryEnhancerFactories - Hibernate is in classpath; If applicable, HQL parser will be used.
2026-06-24 15:02:38 WARN  o.s.b.j.a.JpaBaseConfiguration$JpaWebConfiguration - spring.jpa.open-in-view is enabled by default. Therefore, database queries may be performed during view rendering. Explicitly configure spring.jpa.open-in-view to disable this warning
2026-06-24 15:02:38 INFO  o.s.s.c.a.a.c.InitializeUserDetailsBeanManagerConfigurer$InitializeUserDetailsManagerConfigurer - Global AuthenticationManager configured with UserDetailsService bean with name userDetailsService
2026-06-24 15:02:39 INFO  o.s.c.n.e.c.DiscoveryClientOptionalArgsConfiguration - Eureka HTTP Client uses RestClient.
2026-06-24 15:02:39 WARN  o.s.c.l.c.LoadBalancerCacheAutoConfiguration$LoadBalancerCaffeineWarnLogger - Spring Cloud LoadBalancer is currently working with the default cache. While this cache implementation is useful for development and tests, it's recommended to use Caffeine cache in production.You can switch to using Caffeine cache, by adding it and org.springframework.cache.caffeine.CaffeineCacheManager to the classpath.
2026-06-24 15:02:39 INFO  c.e.l.ProveedorServiceTest - Started ProveedorServiceTest in 4.393 seconds (process running for 5.44)
2026-06-24 15:02:39 INFO  o.s.cloud.netflix.eureka.InstanceInfoFactory - Setting initial instance status as: STARTING
2026-06-24 15:02:39 INFO  o.s.c.n.e.serviceregistry.EurekaServiceRegistry - Unregistering application LMCATALOGMS with eureka with status DOWN
2026-06-24 15:02:39 INFO  o.s.orm.jpa.LocalContainerEntityManagerFactoryBean - Closing JPA EntityManagerFactory for persistence unit 'default'
2026-06-24 15:02:39 INFO  com.zaxxer.hikari.HikariDataSource - HikariPool-1 - Shutdown initiated...
2026-06-24 15:02:39 INFO  com.zaxxer.hikari.HikariDataSource - HikariPool-1 - Shutdown completed.
2026-06-24 15:04:04 INFO  c.e.l.ProveedorServiceTest - Starting ProveedorServiceTest using Java 21.0.11 with PID 19884 (started by apric in /run/media/apric/a0483016-93be-4d8d-b285-30d2ee3fccb7/GitHub/lbMarket/LibreriaMaketCatalogService/libreriaMarketCatalogService)
2026-06-24 15:04:04 DEBUG c.e.l.ProveedorServiceTest - Running with Spring Boot v4.0.0, Spring v7.0.1
2026-06-24 15:04:04 INFO  c.e.l.ProveedorServiceTest - The following 1 profile is active: "test"
2026-06-24 15:04:05 INFO  o.s.d.r.config.RepositoryConfigurationDelegate - Bootstrapping Spring Data JPA repositories in DEFAULT mode.
2026-06-24 15:04:05 INFO  o.s.d.r.config.RepositoryConfigurationDelegate - Finished Spring Data repository scanning in 91 ms. Found 2 JPA repository interfaces.
2026-06-24 15:04:05 INFO  o.springframework.cloud.context.scope.GenericScope - BeanFactory id=e80de23b-229b-306e-8490-0734d61a73db
2026-06-24 15:04:06 INFO  com.zaxxer.hikari.HikariDataSource - HikariPool-1 - Starting...
2026-06-24 15:04:06 INFO  com.zaxxer.hikari.pool.HikariPool - HikariPool-1 - Added connection com.mysql.cj.jdbc.ConnectionImpl@2eafb4e7
2026-06-24 15:04:06 INFO  com.zaxxer.hikari.HikariDataSource - HikariPool-1 - Start completed.
2026-06-24 15:04:07 INFO  org.flywaydb.core.FlywayExecutor - Database: jdbc:mysql://localhost:3306/catalog_db (MySQL 12.3)
2026-06-24 15:04:07 WARN  org.flywaydb.core.internal.database.base.Database - Using MariaDB 12.3 which is newer than the version Flyway has been verified with. The latest verified version of MariaDB is 11.7.
2026-06-24 15:04:07 INFO  org.flywaydb.core.internal.command.DbValidate - Successfully validated 3 migrations (execution time 00:00.021s)
2026-06-24 15:04:07 INFO  org.flywaydb.core.internal.command.DbMigrate - Current version of schema `catalog_db`: 3
2026-06-24 15:04:07 INFO  org.flywaydb.core.internal.command.DbMigrate - Schema `catalog_db` is up to date. No migration necessary.
2026-06-24 15:04:07 INFO  o.s.o.j.persistenceunit.SpringPersistenceUnitInfo - No LoadTimeWeaver setup: ignoring JPA class transformer
2026-06-24 15:04:08 INFO  o.s.orm.jpa.LocalContainerEntityManagerFactoryBean - Initialized JPA EntityManagerFactory for persistence unit 'default'
2026-06-24 15:04:08 INFO  o.s.d.jpa.repository.query.QueryEnhancerFactories - Hibernate is in classpath; If applicable, HQL parser will be used.
2026-06-24 15:04:08 WARN  o.s.b.j.a.JpaBaseConfiguration$JpaWebConfiguration - spring.jpa.open-in-view is enabled by default. Therefore, database queries may be performed during view rendering. Explicitly configure spring.jpa.open-in-view to disable this warning
2026-06-24 15:04:08 INFO  o.s.s.c.a.a.c.InitializeUserDetailsBeanManagerConfigurer$InitializeUserDetailsManagerConfigurer - Global AuthenticationManager configured with UserDetailsService bean with name userDetailsService
2026-06-24 15:04:09 INFO  o.s.c.n.e.c.DiscoveryClientOptionalArgsConfiguration - Eureka HTTP Client uses RestClient.
2026-06-24 15:04:09 WARN  o.s.c.l.c.LoadBalancerCacheAutoConfiguration$LoadBalancerCaffeineWarnLogger - Spring Cloud LoadBalancer is currently working with the default cache. While this cache implementation is useful for development and tests, it's recommended to use Caffeine cache in production.You can switch to using Caffeine cache, by adding it and org.springframework.cache.caffeine.CaffeineCacheManager to the classpath.
2026-06-24 15:04:09 INFO  c.e.l.ProveedorServiceTest - Started ProveedorServiceTest in 4.508 seconds (process running for 5.487)
2026-06-24 15:04:09 INFO  o.s.cloud.netflix.eureka.InstanceInfoFactory - Setting initial instance status as: STARTING
2026-06-24 15:04:09 INFO  o.s.c.n.e.serviceregistry.EurekaServiceRegistry - Unregistering application LMCATALOGMS with eureka with status DOWN
2026-06-24 15:04:09 INFO  o.s.orm.jpa.LocalContainerEntityManagerFactoryBean - Closing JPA EntityManagerFactory for persistence unit 'default'
2026-06-24 15:04:09 INFO  com.zaxxer.hikari.HikariDataSource - HikariPool-1 - Shutdown initiated...
2026-06-24 15:04:09 INFO  com.zaxxer.hikari.HikariDataSource - HikariPool-1 - Shutdown completed.
2026-06-24 15:05:56 INFO  c.e.l.ProveedorServiceTest - Starting ProveedorServiceTest using Java 21.0.11 with PID 20058 (started by apric in /run/media/apric/a0483016-93be-4d8d-b285-30d2ee3fccb7/GitHub/lbMarket/LibreriaMaketCatalogService/libreriaMarketCatalogService)
2026-06-24 15:05:56 DEBUG c.e.l.ProveedorServiceTest - Running with Spring Boot v4.0.0, Spring v7.0.1
2026-06-24 15:05:56 INFO  c.e.l.ProveedorServiceTest - The following 1 profile is active: "test"
2026-06-24 15:05:56 INFO  o.s.d.r.config.RepositoryConfigurationDelegate - Bootstrapping Spring Data JPA repositories in DEFAULT mode.
2026-06-24 15:05:56 INFO  o.s.d.r.config.RepositoryConfigurationDelegate - Finished Spring Data repository scanning in 92 ms. Found 2 JPA repository interfaces.
2026-06-24 15:05:57 INFO  o.springframework.cloud.context.scope.GenericScope - BeanFactory id=e80de23b-229b-306e-8490-0734d61a73db
2026-06-24 15:05:58 INFO  com.zaxxer.hikari.HikariDataSource - HikariPool-1 - Starting...
2026-06-24 15:05:58 INFO  com.zaxxer.hikari.pool.HikariPool - HikariPool-1 - Added connection com.mysql.cj.jdbc.ConnectionImpl@4028aab2
2026-06-24 15:05:58 INFO  com.zaxxer.hikari.HikariDataSource - HikariPool-1 - Start completed.
2026-06-24 15:05:58 INFO  org.flywaydb.core.FlywayExecutor - Database: jdbc:mysql://localhost:3306/catalog_db (MySQL 12.3)
2026-06-24 15:05:58 WARN  org.flywaydb.core.internal.database.base.Database - Using MariaDB 12.3 which is newer than the version Flyway has been verified with. The latest verified version of MariaDB is 11.7.
2026-06-24 15:05:58 INFO  org.flywaydb.core.internal.command.DbValidate - Successfully validated 3 migrations (execution time 00:00.031s)
2026-06-24 15:05:58 INFO  org.flywaydb.core.internal.command.DbMigrate - Current version of schema `catalog_db`: 3
2026-06-24 15:05:58 INFO  org.flywaydb.core.internal.command.DbMigrate - Schema `catalog_db` is up to date. No migration necessary.
2026-06-24 15:05:58 INFO  o.s.o.j.persistenceunit.SpringPersistenceUnitInfo - No LoadTimeWeaver setup: ignoring JPA class transformer
2026-06-24 15:05:59 INFO  o.s.orm.jpa.LocalContainerEntityManagerFactoryBean - Initialized JPA EntityManagerFactory for persistence unit 'default'
2026-06-24 15:05:59 INFO  o.s.d.jpa.repository.query.QueryEnhancerFactories - Hibernate is in classpath; If applicable, HQL parser will be used.
2026-06-24 15:05:59 WARN  o.s.b.j.a.JpaBaseConfiguration$JpaWebConfiguration - spring.jpa.open-in-view is enabled by default. Therefore, database queries may be performed during view rendering. Explicitly configure spring.jpa.open-in-view to disable this warning
2026-06-24 15:05:59 INFO  o.s.s.c.a.a.c.InitializeUserDetailsBeanManagerConfigurer$InitializeUserDetailsManagerConfigurer - Global AuthenticationManager configured with UserDetailsService bean with name userDetailsService
2026-06-24 15:06:00 INFO  o.s.c.n.e.c.DiscoveryClientOptionalArgsConfiguration - Eureka HTTP Client uses RestClient.
2026-06-24 15:06:00 WARN  o.s.c.l.c.LoadBalancerCacheAutoConfiguration$LoadBalancerCaffeineWarnLogger - Spring Cloud LoadBalancer is currently working with the default cache. While this cache implementation is useful for development and tests, it's recommended to use Caffeine cache in production.You can switch to using Caffeine cache, by adding it and org.springframework.cache.caffeine.CaffeineCacheManager to the classpath.
2026-06-24 15:06:00 INFO  c.e.l.ProveedorServiceTest - Started ProveedorServiceTest in 4.567 seconds (process running for 5.56)
2026-06-24 15:06:00 INFO  o.s.cloud.netflix.eureka.InstanceInfoFactory - Setting initial instance status as: STARTING
2026-06-24 15:06:00 INFO  o.s.c.n.e.serviceregistry.EurekaServiceRegistry - Unregistering application LMCATALOGMS with eureka with status DOWN
2026-06-24 15:06:00 INFO  o.s.orm.jpa.LocalContainerEntityManagerFactoryBean - Closing JPA EntityManagerFactory for persistence unit 'default'
2026-06-24 15:06:00 INFO  com.zaxxer.hikari.HikariDataSource - HikariPool-1 - Shutdown initiated...
2026-06-24 15:06:00 INFO  com.zaxxer.hikari.HikariDataSource - HikariPool-1 - Shutdown completed.
2026-06-24 15:07:09 INFO  c.e.l.ProveedorServiceTest - Starting ProveedorServiceTest using Java 21.0.11 with PID 20205 (started by apric in /run/media/apric/a0483016-93be-4d8d-b285-30d2ee3fccb7/GitHub/lbMarket/LibreriaMaketCatalogService/libreriaMarketCatalogService)
2026-06-24 15:07:09 DEBUG c.e.l.ProveedorServiceTest - Running with Spring Boot v4.0.0, Spring v7.0.1
2026-06-24 15:07:09 INFO  c.e.l.ProveedorServiceTest - The following 1 profile is active: "test"
2026-06-24 15:07:09 INFO  o.s.d.r.config.RepositoryConfigurationDelegate - Bootstrapping Spring Data JPA repositories in DEFAULT mode.
2026-06-24 15:07:09 INFO  o.s.d.r.config.RepositoryConfigurationDelegate - Finished Spring Data repository scanning in 96 ms. Found 2 JPA repository interfaces.
2026-06-24 15:07:10 INFO  o.springframework.cloud.context.scope.GenericScope - BeanFactory id=e80de23b-229b-306e-8490-0734d61a73db
2026-06-24 15:07:10 INFO  com.zaxxer.hikari.HikariDataSource - HikariPool-1 - Starting...
2026-06-24 15:07:11 INFO  com.zaxxer.hikari.pool.HikariPool - HikariPool-1 - Added connection com.mysql.cj.jdbc.ConnectionImpl@32050628
2026-06-24 15:07:11 INFO  com.zaxxer.hikari.HikariDataSource - HikariPool-1 - Start completed.
2026-06-24 15:07:11 INFO  org.flywaydb.core.FlywayExecutor - Database: jdbc:mysql://localhost:3306/catalog_db (MySQL 12.3)
2026-06-24 15:07:11 WARN  org.flywaydb.core.internal.database.base.Database - Using MariaDB 12.3 which is newer than the version Flyway has been verified with. The latest verified version of MariaDB is 11.7.
2026-06-24 15:07:11 INFO  org.flywaydb.core.internal.command.DbValidate - Successfully validated 3 migrations (execution time 00:00.028s)
2026-06-24 15:07:11 INFO  org.flywaydb.core.internal.command.DbMigrate - Current version of schema `catalog_db`: 3
2026-06-24 15:07:11 INFO  org.flywaydb.core.internal.command.DbMigrate - Schema `catalog_db` is up to date. No migration necessary.
2026-06-24 15:07:11 INFO  o.s.o.j.persistenceunit.SpringPersistenceUnitInfo - No LoadTimeWeaver setup: ignoring JPA class transformer
2026-06-24 15:07:12 INFO  o.s.orm.jpa.LocalContainerEntityManagerFactoryBean - Initialized JPA EntityManagerFactory for persistence unit 'default'
2026-06-24 15:07:12 INFO  o.s.d.jpa.repository.query.QueryEnhancerFactories - Hibernate is in classpath; If applicable, HQL parser will be used.
2026-06-24 15:07:12 WARN  o.s.b.j.a.JpaBaseConfiguration$JpaWebConfiguration - spring.jpa.open-in-view is enabled by default. Therefore, database queries may be performed during view rendering. Explicitly configure spring.jpa.open-in-view to disable this warning
2026-06-24 15:07:12 INFO  o.s.s.c.a.a.c.InitializeUserDetailsBeanManagerConfigurer$InitializeUserDetailsManagerConfigurer - Global AuthenticationManager configured with UserDetailsService bean with name userDetailsService
2026-06-24 15:07:13 INFO  o.s.c.n.e.c.DiscoveryClientOptionalArgsConfiguration - Eureka HTTP Client uses RestClient.
2026-06-24 15:07:13 WARN  o.s.c.l.c.LoadBalancerCacheAutoConfiguration$LoadBalancerCaffeineWarnLogger - Spring Cloud LoadBalancer is currently working with the default cache. While this cache implementation is useful for development and tests, it's recommended to use Caffeine cache in production.You can switch to using Caffeine cache, by adding it and org.springframework.cache.caffeine.CaffeineCacheManager to the classpath.
2026-06-24 15:07:13 INFO  c.e.l.ProveedorServiceTest - Started ProveedorServiceTest in 4.505 seconds (process running for 5.57)
2026-06-24 15:07:13 INFO  o.s.cloud.netflix.eureka.InstanceInfoFactory - Setting initial instance status as: STARTING
2026-06-24 15:07:13 INFO  o.s.c.n.e.serviceregistry.EurekaServiceRegistry - Unregistering application LMCATALOGMS with eureka with status DOWN
2026-06-24 15:07:13 INFO  o.s.orm.jpa.LocalContainerEntityManagerFactoryBean - Closing JPA EntityManagerFactory for persistence unit 'default'
2026-06-24 15:07:13 INFO  com.zaxxer.hikari.HikariDataSource - HikariPool-1 - Shutdown initiated...
2026-06-24 15:07:13 INFO  com.zaxxer.hikari.HikariDataSource - HikariPool-1 - Shutdown completed.
2026-06-24 15:21:02 INFO  c.e.l.ProveedorServiceTest - Starting ProveedorServiceTest using Java 21.0.11 with PID 20529 (started by apric in /run/media/apric/a0483016-93be-4d8d-b285-30d2ee3fccb7/GitHub/lbMarket/LibreriaMaketCatalogService/libreriaMarketCatalogService)
2026-06-24 15:21:02 DEBUG c.e.l.ProveedorServiceTest - Running with Spring Boot v4.0.0, Spring v7.0.1
2026-06-24 15:21:02 INFO  c.e.l.ProveedorServiceTest - The following 1 profile is active: "test"
2026-06-24 15:21:02 INFO  o.s.d.r.config.RepositoryConfigurationDelegate - Bootstrapping Spring Data JPA repositories in DEFAULT mode.
2026-06-24 15:21:02 INFO  o.s.d.r.config.RepositoryConfigurationDelegate - Finished Spring Data repository scanning in 93 ms. Found 2 JPA repository interfaces.
2026-06-24 15:21:03 INFO  o.springframework.cloud.context.scope.GenericScope - BeanFactory id=e80de23b-229b-306e-8490-0734d61a73db
2026-06-24 15:21:03 INFO  com.zaxxer.hikari.HikariDataSource - HikariPool-1 - Starting...
2026-06-24 15:21:04 INFO  com.zaxxer.hikari.pool.HikariPool - HikariPool-1 - Added connection com.mysql.cj.jdbc.ConnectionImpl@15405ba1
2026-06-24 15:21:04 INFO  com.zaxxer.hikari.HikariDataSource - HikariPool-1 - Start completed.
2026-06-24 15:21:04 INFO  org.flywaydb.core.FlywayExecutor - Database: jdbc:mysql://localhost:3306/catalog_db (MySQL 12.3)
2026-06-24 15:21:04 WARN  org.flywaydb.core.internal.database.base.Database - Using MariaDB 12.3 which is newer than the version Flyway has been verified with. The latest verified version of MariaDB is 11.7.
2026-06-24 15:21:04 INFO  org.flywaydb.core.internal.command.DbValidate - Successfully validated 3 migrations (execution time 00:00.022s)
2026-06-24 15:21:04 INFO  org.flywaydb.core.internal.command.DbMigrate - Current version of schema `catalog_db`: 3
2026-06-24 15:21:04 INFO  org.flywaydb.core.internal.command.DbMigrate - Schema `catalog_db` is up to date. No migration necessary.
2026-06-24 15:21:04 INFO  o.s.o.j.persistenceunit.SpringPersistenceUnitInfo - No LoadTimeWeaver setup: ignoring JPA class transformer
2026-06-24 15:21:05 INFO  o.s.orm.jpa.LocalContainerEntityManagerFactoryBean - Initialized JPA EntityManagerFactory for persistence unit 'default'
2026-06-24 15:21:05 INFO  o.s.d.jpa.repository.query.QueryEnhancerFactories - Hibernate is in classpath; If applicable, HQL parser will be used.
2026-06-24 15:21:05 WARN  o.s.b.j.a.JpaBaseConfiguration$JpaWebConfiguration - spring.jpa.open-in-view is enabled by default. Therefore, database queries may be performed during view rendering. Explicitly configure spring.jpa.open-in-view to disable this warning
2026-06-24 15:21:05 INFO  o.s.s.c.a.a.c.InitializeUserDetailsBeanManagerConfigurer$InitializeUserDetailsManagerConfigurer - Global AuthenticationManager configured with UserDetailsService bean with name userDetailsService
2026-06-24 15:21:06 INFO  o.s.c.n.e.c.DiscoveryClientOptionalArgsConfiguration - Eureka HTTP Client uses RestClient.
2026-06-24 15:21:06 WARN  o.s.c.l.c.LoadBalancerCacheAutoConfiguration$LoadBalancerCaffeineWarnLogger - Spring Cloud LoadBalancer is currently working with the default cache. While this cache implementation is useful for development and tests, it's recommended to use Caffeine cache in production.You can switch to using Caffeine cache, by adding it and org.springframework.cache.caffeine.CaffeineCacheManager to the classpath.
2026-06-24 15:21:06 INFO  c.e.l.ProveedorServiceTest - Started ProveedorServiceTest in 4.48 seconds (process running for 5.47)
2026-06-24 15:21:06 INFO  o.s.cloud.netflix.eureka.InstanceInfoFactory - Setting initial instance status as: STARTING
2026-06-24 15:21:06 INFO  o.s.c.n.e.serviceregistry.EurekaServiceRegistry - Unregistering application LMCATALOGMS with eureka with status DOWN
2026-06-24 15:21:06 INFO  o.s.orm.jpa.LocalContainerEntityManagerFactoryBean - Closing JPA EntityManagerFactory for persistence unit 'default'
2026-06-24 15:21:06 INFO  com.zaxxer.hikari.HikariDataSource - HikariPool-1 - Shutdown initiated...
2026-06-24 15:21:06 INFO  com.zaxxer.hikari.HikariDataSource - HikariPool-1 - Shutdown completed.
2026-06-24 15:21:18 INFO  c.e.l.ProveedorServiceTest - Starting ProveedorServiceTest using Java 21.0.11 with PID 20658 (started by apric in /run/media/apric/a0483016-93be-4d8d-b285-30d2ee3fccb7/GitHub/lbMarket/LibreriaMaketCatalogService/libreriaMarketCatalogService)
2026-06-24 15:21:18 DEBUG c.e.l.ProveedorServiceTest - Running with Spring Boot v4.0.0, Spring v7.0.1
2026-06-24 15:21:18 INFO  c.e.l.ProveedorServiceTest - The following 1 profile is active: "test"
2026-06-24 15:21:19 INFO  o.s.d.r.config.RepositoryConfigurationDelegate - Bootstrapping Spring Data JPA repositories in DEFAULT mode.
2026-06-24 15:21:19 INFO  o.s.d.r.config.RepositoryConfigurationDelegate - Finished Spring Data repository scanning in 96 ms. Found 2 JPA repository interfaces.
2026-06-24 15:21:19 INFO  o.springframework.cloud.context.scope.GenericScope - BeanFactory id=e80de23b-229b-306e-8490-0734d61a73db
2026-06-24 15:21:20 INFO  com.zaxxer.hikari.HikariDataSource - HikariPool-1 - Starting...
2026-06-24 15:21:20 INFO  com.zaxxer.hikari.pool.HikariPool - HikariPool-1 - Added connection com.mysql.cj.jdbc.ConnectionImpl@466cca41
2026-06-24 15:21:20 INFO  com.zaxxer.hikari.HikariDataSource - HikariPool-1 - Start completed.
2026-06-24 15:21:21 INFO  org.flywaydb.core.FlywayExecutor - Database: jdbc:mysql://localhost:3306/catalog_db (MySQL 12.3)
2026-06-24 15:21:21 WARN  org.flywaydb.core.internal.database.base.Database - Using MariaDB 12.3 which is newer than the version Flyway has been verified with. The latest verified version of MariaDB is 11.7.
2026-06-24 15:21:21 INFO  org.flywaydb.core.internal.command.DbValidate - Successfully validated 3 migrations (execution time 00:00.023s)
2026-06-24 15:21:21 INFO  org.flywaydb.core.internal.command.DbMigrate - Current version of schema `catalog_db`: 3
2026-06-24 15:21:21 INFO  org.flywaydb.core.internal.command.DbMigrate - Schema `catalog_db` is up to date. No migration necessary.
2026-06-24 15:21:21 INFO  o.s.o.j.persistenceunit.SpringPersistenceUnitInfo - No LoadTimeWeaver setup: ignoring JPA class transformer
2026-06-24 15:21:22 INFO  o.s.orm.jpa.LocalContainerEntityManagerFactoryBean - Initialized JPA EntityManagerFactory for persistence unit 'default'
2026-06-24 15:21:22 INFO  o.s.d.jpa.repository.query.QueryEnhancerFactories - Hibernate is in classpath; If applicable, HQL parser will be used.
2026-06-24 15:21:22 WARN  o.s.b.j.a.JpaBaseConfiguration$JpaWebConfiguration - spring.jpa.open-in-view is enabled by default. Therefore, database queries may be performed during view rendering. Explicitly configure spring.jpa.open-in-view to disable this warning
2026-06-24 15:21:22 INFO  o.s.s.c.a.a.c.InitializeUserDetailsBeanManagerConfigurer$InitializeUserDetailsManagerConfigurer - Global AuthenticationManager configured with UserDetailsService bean with name userDetailsService
2026-06-24 15:21:23 INFO  o.s.c.n.e.c.DiscoveryClientOptionalArgsConfiguration - Eureka HTTP Client uses RestClient.
2026-06-24 15:21:23 WARN  o.s.c.l.c.LoadBalancerCacheAutoConfiguration$LoadBalancerCaffeineWarnLogger - Spring Cloud LoadBalancer is currently working with the default cache. While this cache implementation is useful for development and tests, it's recommended to use Caffeine cache in production.You can switch to using Caffeine cache, by adding it and org.springframework.cache.caffeine.CaffeineCacheManager to the classpath.
2026-06-24 15:21:23 INFO  c.e.l.ProveedorServiceTest - Started ProveedorServiceTest in 4.565 seconds (process running for 5.619)
2026-06-24 15:21:23 INFO  o.s.cloud.netflix.eureka.InstanceInfoFactory - Setting initial instance status as: STARTING
2026-06-24 15:21:23 INFO  o.s.c.n.e.serviceregistry.EurekaServiceRegistry - Unregistering application LMCATALOGMS with eureka with status DOWN
2026-06-24 15:21:23 INFO  o.s.orm.jpa.LocalContainerEntityManagerFactoryBean - Closing JPA EntityManagerFactory for persistence unit 'default'
2026-06-24 15:21:23 INFO  com.zaxxer.hikari.HikariDataSource - HikariPool-1 - Shutdown initiated...
2026-06-24 15:21:23 INFO  com.zaxxer.hikari.HikariDataSource - HikariPool-1 - Shutdown completed.
2026-06-24 15:23:17 INFO  c.e.l.ProveedorServiceTest - Starting ProveedorServiceTest using Java 21.0.11 with PID 20848 (started by apric in /run/media/apric/a0483016-93be-4d8d-b285-30d2ee3fccb7/GitHub/lbMarket/LibreriaMaketCatalogService/libreriaMarketCatalogService)
2026-06-24 15:23:17 DEBUG c.e.l.ProveedorServiceTest - Running with Spring Boot v4.0.0, Spring v7.0.1
2026-06-24 15:23:17 INFO  c.e.l.ProveedorServiceTest - The following 1 profile is active: "test"
2026-06-24 15:23:18 INFO  o.s.d.r.config.RepositoryConfigurationDelegate - Bootstrapping Spring Data JPA repositories in DEFAULT mode.
2026-06-24 15:23:18 INFO  o.s.d.r.config.RepositoryConfigurationDelegate - Finished Spring Data repository scanning in 98 ms. Found 2 JPA repository interfaces.
2026-06-24 15:23:18 INFO  o.springframework.cloud.context.scope.GenericScope - BeanFactory id=e80de23b-229b-306e-8490-0734d61a73db
2026-06-24 15:23:19 INFO  com.zaxxer.hikari.HikariDataSource - HikariPool-1 - Starting...
2026-06-24 15:23:19 INFO  com.zaxxer.hikari.pool.HikariPool - HikariPool-1 - Added connection com.mysql.cj.jdbc.ConnectionImpl@7a79d99c
2026-06-24 15:23:19 INFO  com.zaxxer.hikari.HikariDataSource - HikariPool-1 - Start completed.
2026-06-24 15:23:19 INFO  org.flywaydb.core.FlywayExecutor - Database: jdbc:mysql://localhost:3306/catalog_db (MySQL 12.3)
2026-06-24 15:23:19 WARN  org.flywaydb.core.internal.database.base.Database - Using MariaDB 12.3 which is newer than the version Flyway has been verified with. The latest verified version of MariaDB is 11.7.
2026-06-24 15:23:19 INFO  org.flywaydb.core.internal.command.DbValidate - Successfully validated 3 migrations (execution time 00:00.022s)
2026-06-24 15:23:19 INFO  org.flywaydb.core.internal.command.DbMigrate - Current version of schema `catalog_db`: 3
2026-06-24 15:23:19 INFO  org.flywaydb.core.internal.command.DbMigrate - Schema `catalog_db` is up to date. No migration necessary.
2026-06-24 15:23:20 INFO  o.s.o.j.persistenceunit.SpringPersistenceUnitInfo - No LoadTimeWeaver setup: ignoring JPA class transformer
2026-06-24 15:23:20 INFO  o.s.orm.jpa.LocalContainerEntityManagerFactoryBean - Initialized JPA EntityManagerFactory for persistence unit 'default'
2026-06-24 15:23:20 INFO  o.s.d.jpa.repository.query.QueryEnhancerFactories - Hibernate is in classpath; If applicable, HQL parser will be used.
2026-06-24 15:23:21 WARN  o.s.b.j.a.JpaBaseConfiguration$JpaWebConfiguration - spring.jpa.open-in-view is enabled by default. Therefore, database queries may be performed during view rendering. Explicitly configure spring.jpa.open-in-view to disable this warning
2026-06-24 15:23:21 INFO  o.s.s.c.a.a.c.InitializeUserDetailsBeanManagerConfigurer$InitializeUserDetailsManagerConfigurer - Global AuthenticationManager configured with UserDetailsService bean with name userDetailsService
2026-06-24 15:23:21 INFO  o.s.c.n.e.c.DiscoveryClientOptionalArgsConfiguration - Eureka HTTP Client uses RestClient.
2026-06-24 15:23:21 WARN  o.s.c.l.c.LoadBalancerCacheAutoConfiguration$LoadBalancerCaffeineWarnLogger - Spring Cloud LoadBalancer is currently working with the default cache. While this cache implementation is useful for development and tests, it's recommended to use Caffeine cache in production.You can switch to using Caffeine cache, by adding it and org.springframework.cache.caffeine.CaffeineCacheManager to the classpath.
2026-06-24 15:23:22 INFO  c.e.l.ProveedorServiceTest - Started ProveedorServiceTest in 4.599 seconds (process running for 5.571)
2026-06-24 15:23:22 INFO  o.s.cloud.netflix.eureka.InstanceInfoFactory - Setting initial instance status as: STARTING
2026-06-24 15:23:22 INFO  o.s.c.n.e.serviceregistry.EurekaServiceRegistry - Unregistering application LMCATALOGMS with eureka with status DOWN
2026-06-24 15:23:22 INFO  o.s.orm.jpa.LocalContainerEntityManagerFactoryBean - Closing JPA EntityManagerFactory for persistence unit 'default'
2026-06-24 15:23:22 INFO  com.zaxxer.hikari.HikariDataSource - HikariPool-1 - Shutdown initiated...
2026-06-24 15:23:22 INFO  com.zaxxer.hikari.HikariDataSource - HikariPool-1 - Shutdown completed.
2026-06-24 15:29:19 INFO  c.e.l.ProveedorServiceTest - Starting ProveedorServiceTest using Java 21.0.11 with PID 21322 (started by apric in /run/media/apric/a0483016-93be-4d8d-b285-30d2ee3fccb7/GitHub/lbMarket/LibreriaMaketCatalogService/libreriaMarketCatalogService)
2026-06-24 15:29:19 DEBUG c.e.l.ProveedorServiceTest - Running with Spring Boot v4.0.0, Spring v7.0.1
2026-06-24 15:29:19 INFO  c.e.l.ProveedorServiceTest - The following 1 profile is active: "test"
2026-06-24 15:29:20 INFO  o.s.d.r.config.RepositoryConfigurationDelegate - Bootstrapping Spring Data JPA repositories in DEFAULT mode.
2026-06-24 15:29:20 INFO  o.s.d.r.config.RepositoryConfigurationDelegate - Finished Spring Data repository scanning in 100 ms. Found 2 JPA repository interfaces.
2026-06-24 15:29:20 INFO  o.springframework.cloud.context.scope.GenericScope - BeanFactory id=e80de23b-229b-306e-8490-0734d61a73db
2026-06-24 15:29:21 INFO  c.e.l.ProveedorServiceTest - Starting ProveedorServiceTest using Java 21.0.11 with PID 21395 (started by apric in /run/media/apric/a0483016-93be-4d8d-b285-30d2ee3fccb7/GitHub/lbMarket/LibreriaMaketCatalogService/libreriaMarketCatalogService)
2026-06-24 15:29:21 DEBUG c.e.l.ProveedorServiceTest - Running with Spring Boot v4.0.0, Spring v7.0.1
2026-06-24 15:29:21 INFO  c.e.l.ProveedorServiceTest - The following 1 profile is active: "test"
2026-06-24 15:29:22 INFO  o.s.d.r.config.RepositoryConfigurationDelegate - Bootstrapping Spring Data JPA repositories in DEFAULT mode.
2026-06-24 15:29:22 INFO  com.zaxxer.hikari.HikariDataSource - HikariPool-1 - Starting...
2026-06-24 15:29:22 INFO  o.s.d.r.config.RepositoryConfigurationDelegate - Finished Spring Data repository scanning in 101 ms. Found 2 JPA repository interfaces.
2026-06-24 15:29:22 INFO  com.zaxxer.hikari.pool.HikariPool - HikariPool-1 - Added connection com.mysql.cj.jdbc.ConnectionImpl@3d00e981
2026-06-24 15:29:22 INFO  com.zaxxer.hikari.HikariDataSource - HikariPool-1 - Start completed.
2026-06-24 15:29:22 INFO  org.flywaydb.core.FlywayExecutor - Database: jdbc:mysql://localhost:3306/catalog_db (MySQL 12.3)
2026-06-24 15:29:22 WARN  org.flywaydb.core.internal.database.base.Database - Using MariaDB 12.3 which is newer than the version Flyway has been verified with. The latest verified version of MariaDB is 11.7.
2026-06-24 15:29:22 INFO  o.springframework.cloud.context.scope.GenericScope - BeanFactory id=e80de23b-229b-306e-8490-0734d61a73db
2026-06-24 15:29:22 INFO  org.flywaydb.core.internal.command.DbValidate - Successfully validated 3 migrations (execution time 00:00.044s)
2026-06-24 15:29:22 INFO  org.flywaydb.core.internal.command.DbMigrate - Current version of schema `catalog_db`: 3
2026-06-24 15:29:22 INFO  org.flywaydb.core.internal.command.DbMigrate - Schema `catalog_db` is up to date. No migration necessary.
2026-06-24 15:29:22 INFO  o.s.o.j.persistenceunit.SpringPersistenceUnitInfo - No LoadTimeWeaver setup: ignoring JPA class transformer
2026-06-24 15:29:23 INFO  com.zaxxer.hikari.HikariDataSource - HikariPool-1 - Starting...
2026-06-24 15:29:23 INFO  o.s.orm.jpa.LocalContainerEntityManagerFactoryBean - Initialized JPA EntityManagerFactory for persistence unit 'default'
2026-06-24 15:29:24 INFO  o.s.d.jpa.repository.query.QueryEnhancerFactories - Hibernate is in classpath; If applicable, HQL parser will be used.
2026-06-24 15:29:24 INFO  com.zaxxer.hikari.pool.HikariPool - HikariPool-1 - Added connection com.mysql.cj.jdbc.ConnectionImpl@4004bfba
2026-06-24 15:29:24 INFO  com.zaxxer.hikari.HikariDataSource - HikariPool-1 - Start completed.
2026-06-24 15:29:24 INFO  org.flywaydb.core.FlywayExecutor - Database: jdbc:mysql://localhost:3306/catalog_db (MySQL 12.3)
2026-06-24 15:29:24 WARN  org.flywaydb.core.internal.database.base.Database - Using MariaDB 12.3 which is newer than the version Flyway has been verified with. The latest verified version of MariaDB is 11.7.
2026-06-24 15:29:24 INFO  org.flywaydb.core.internal.command.DbValidate - Successfully validated 3 migrations (execution time 00:00.030s)
2026-06-24 15:29:24 INFO  org.flywaydb.core.internal.command.DbMigrate - Current version of schema `catalog_db`: 3
2026-06-24 15:29:24 INFO  org.flywaydb.core.internal.command.DbMigrate - Schema `catalog_db` is up to date. No migration necessary.
2026-06-24 15:29:24 WARN  o.s.b.j.a.JpaBaseConfiguration$JpaWebConfiguration - spring.jpa.open-in-view is enabled by default. Therefore, database queries may be performed during view rendering. Explicitly configure spring.jpa.open-in-view to disable this warning
2026-06-24 15:29:24 INFO  o.s.o.j.persistenceunit.SpringPersistenceUnitInfo - No LoadTimeWeaver setup: ignoring JPA class transformer
2026-06-24 15:29:24 INFO  o.s.s.c.a.a.c.InitializeUserDetailsBeanManagerConfigurer$InitializeUserDetailsManagerConfigurer - Global AuthenticationManager configured with UserDetailsService bean with name userDetailsService
2026-06-24 15:29:25 INFO  o.s.c.n.e.c.DiscoveryClientOptionalArgsConfiguration - Eureka HTTP Client uses RestClient.
2026-06-24 15:29:25 INFO  o.s.orm.jpa.LocalContainerEntityManagerFactoryBean - Initialized JPA EntityManagerFactory for persistence unit 'default'
2026-06-24 15:29:25 WARN  o.s.c.l.c.LoadBalancerCacheAutoConfiguration$LoadBalancerCaffeineWarnLogger - Spring Cloud LoadBalancer is currently working with the default cache. While this cache implementation is useful for development and tests, it's recommended to use Caffeine cache in production.You can switch to using Caffeine cache, by adding it and org.springframework.cache.caffeine.CaffeineCacheManager to the classpath.
2026-06-24 15:29:25 INFO  c.e.l.ProveedorServiceTest - Started ProveedorServiceTest in 6.571 seconds (process running for 7.73)
2026-06-24 15:29:25 INFO  o.s.d.jpa.repository.query.QueryEnhancerFactories - Hibernate is in classpath; If applicable, HQL parser will be used.
2026-06-24 15:29:25 INFO  o.s.cloud.netflix.eureka.InstanceInfoFactory - Setting initial instance status as: STARTING
2026-06-24 15:29:25 INFO  o.s.c.n.e.serviceregistry.EurekaServiceRegistry - Unregistering application LMCATALOGMS with eureka with status DOWN
2026-06-24 15:29:25 INFO  o.s.orm.jpa.LocalContainerEntityManagerFactoryBean - Closing JPA EntityManagerFactory for persistence unit 'default'
2026-06-24 15:29:25 INFO  com.zaxxer.hikari.HikariDataSource - HikariPool-1 - Shutdown initiated...
2026-06-24 15:29:25 INFO  com.zaxxer.hikari.HikariDataSource - HikariPool-1 - Shutdown completed.
2026-06-24 15:29:25 WARN  o.s.b.j.a.JpaBaseConfiguration$JpaWebConfiguration - spring.jpa.open-in-view is enabled by default. Therefore, database queries may be performed during view rendering. Explicitly configure spring.jpa.open-in-view to disable this warning
2026-06-24 15:29:25 INFO  o.s.s.c.a.a.c.InitializeUserDetailsBeanManagerConfigurer$InitializeUserDetailsManagerConfigurer - Global AuthenticationManager configured with UserDetailsService bean with name userDetailsService
2026-06-24 15:29:26 INFO  o.s.c.n.e.c.DiscoveryClientOptionalArgsConfiguration - Eureka HTTP Client uses RestClient.
2026-06-24 15:29:26 WARN  o.s.c.l.c.LoadBalancerCacheAutoConfiguration$LoadBalancerCaffeineWarnLogger - Spring Cloud LoadBalancer is currently working with the default cache. While this cache implementation is useful for development and tests, it's recommended to use Caffeine cache in production.You can switch to using Caffeine cache, by adding it and org.springframework.cache.caffeine.CaffeineCacheManager to the classpath.
2026-06-24 15:29:26 INFO  c.e.l.ProveedorServiceTest - Started ProveedorServiceTest in 6.199 seconds (process running for 7.76)
2026-06-24 15:29:26 INFO  o.s.cloud.netflix.eureka.InstanceInfoFactory - Setting initial instance status as: STARTING
2026-06-24 15:29:26 INFO  o.s.c.n.e.serviceregistry.EurekaServiceRegistry - Unregistering application LMCATALOGMS with eureka with status DOWN
2026-06-24 15:29:26 INFO  o.s.orm.jpa.LocalContainerEntityManagerFactoryBean - Closing JPA EntityManagerFactory for persistence unit 'default'
2026-06-24 15:29:26 INFO  com.zaxxer.hikari.HikariDataSource - HikariPool-1 - Shutdown initiated...
2026-06-24 15:29:26 INFO  com.zaxxer.hikari.HikariDataSource - HikariPool-1 - Shutdown completed.
2026-06-24 15:29:56 INFO  c.e.l.ProveedorServiceTest - Starting ProveedorServiceTest using Java 21.0.11 with PID 21585 (started by apric in /run/media/apric/a0483016-93be-4d8d-b285-30d2ee3fccb7/GitHub/lbMarket/LibreriaMaketCatalogService/libreriaMarketCatalogService)
2026-06-24 15:29:56 DEBUG c.e.l.ProveedorServiceTest - Running with Spring Boot v4.0.0, Spring v7.0.1
2026-06-24 15:29:56 INFO  c.e.l.ProveedorServiceTest - The following 1 profile is active: "test"
2026-06-24 15:29:57 INFO  o.s.d.r.config.RepositoryConfigurationDelegate - Bootstrapping Spring Data JPA repositories in DEFAULT mode.
2026-06-24 15:29:57 INFO  o.s.d.r.config.RepositoryConfigurationDelegate - Finished Spring Data repository scanning in 95 ms. Found 2 JPA repository interfaces.
2026-06-24 15:29:57 INFO  o.springframework.cloud.context.scope.GenericScope - BeanFactory id=e80de23b-229b-306e-8490-0734d61a73db
2026-06-24 15:29:58 INFO  com.zaxxer.hikari.HikariDataSource - HikariPool-1 - Starting...
2026-06-24 15:29:58 INFO  com.zaxxer.hikari.pool.HikariPool - HikariPool-1 - Added connection com.mysql.cj.jdbc.ConnectionImpl@360d3f47
2026-06-24 15:29:58 INFO  com.zaxxer.hikari.HikariDataSource - HikariPool-1 - Start completed.
2026-06-24 15:29:58 INFO  org.flywaydb.core.FlywayExecutor - Database: jdbc:mysql://localhost:3306/catalog_db (MySQL 12.3)
2026-06-24 15:29:58 WARN  org.flywaydb.core.internal.database.base.Database - Using MariaDB 12.3 which is newer than the version Flyway has been verified with. The latest verified version of MariaDB is 11.7.
2026-06-24 15:29:58 INFO  org.flywaydb.core.internal.command.DbValidate - Successfully validated 3 migrations (execution time 00:00.030s)
2026-06-24 15:29:58 INFO  org.flywaydb.core.internal.command.DbMigrate - Current version of schema `catalog_db`: 3
2026-06-24 15:29:58 INFO  org.flywaydb.core.internal.command.DbMigrate - Schema `catalog_db` is up to date. No migration necessary.
2026-06-24 15:29:59 INFO  o.s.o.j.persistenceunit.SpringPersistenceUnitInfo - No LoadTimeWeaver setup: ignoring JPA class transformer
2026-06-24 15:29:59 INFO  o.s.orm.jpa.LocalContainerEntityManagerFactoryBean - Initialized JPA EntityManagerFactory for persistence unit 'default'
2026-06-24 15:29:59 INFO  o.s.d.jpa.repository.query.QueryEnhancerFactories - Hibernate is in classpath; If applicable, HQL parser will be used.
2026-06-24 15:30:00 WARN  o.s.b.j.a.JpaBaseConfiguration$JpaWebConfiguration - spring.jpa.open-in-view is enabled by default. Therefore, database queries may be performed during view rendering. Explicitly configure spring.jpa.open-in-view to disable this warning
2026-06-24 15:30:00 INFO  o.s.s.c.a.a.c.InitializeUserDetailsBeanManagerConfigurer$InitializeUserDetailsManagerConfigurer - Global AuthenticationManager configured with UserDetailsService bean with name userDetailsService
2026-06-24 15:30:00 INFO  o.s.c.n.e.c.DiscoveryClientOptionalArgsConfiguration - Eureka HTTP Client uses RestClient.
2026-06-24 15:30:00 WARN  o.s.c.l.c.LoadBalancerCacheAutoConfiguration$LoadBalancerCaffeineWarnLogger - Spring Cloud LoadBalancer is currently working with the default cache. While this cache implementation is useful for development and tests, it's recommended to use Caffeine cache in production.You can switch to using Caffeine cache, by adding it and org.springframework.cache.caffeine.CaffeineCacheManager to the classpath.
2026-06-24 15:30:01 INFO  c.e.l.ProveedorServiceTest - Started ProveedorServiceTest in 4.514 seconds (process running for 5.485)
2026-06-24 15:30:01 INFO  o.s.cloud.netflix.eureka.InstanceInfoFactory - Setting initial instance status as: STARTING
2026-06-24 15:30:01 INFO  o.s.c.n.e.serviceregistry.EurekaServiceRegistry - Unregistering application LMCATALOGMS with eureka with status DOWN
2026-06-24 15:30:01 INFO  o.s.orm.jpa.LocalContainerEntityManagerFactoryBean - Closing JPA EntityManagerFactory for persistence unit 'default'
2026-06-24 15:30:01 INFO  com.zaxxer.hikari.HikariDataSource - HikariPool-1 - Shutdown initiated...
2026-06-24 15:30:01 INFO  com.zaxxer.hikari.HikariDataSource - HikariPool-1 - Shutdown completed.
2026-06-24 17:34:55 INFO  c.e.l.ProveedorServiceTest - Starting ProveedorServiceTest using Java 21.0.11 with PID 23519 (started by apric in /run/media/apric/a0483016-93be-4d8d-b285-30d2ee3fccb7/GitHub/lbMarket/LibreriaMaketCatalogService/libreriaMarketCatalogService)
2026-06-24 17:34:55 DEBUG c.e.l.ProveedorServiceTest - Running with Spring Boot v4.0.0, Spring v7.0.1
2026-06-24 17:34:55 INFO  c.e.l.ProveedorServiceTest - The following 1 profile is active: "test"
2026-06-24 17:34:56 INFO  o.s.d.r.config.RepositoryConfigurationDelegate - Bootstrapping Spring Data JPA repositories in DEFAULT mode.
2026-06-24 17:34:56 INFO  o.s.d.r.config.RepositoryConfigurationDelegate - Finished Spring Data repository scanning in 96 ms. Found 2 JPA repository interfaces.
2026-06-24 17:34:56 INFO  o.springframework.cloud.context.scope.GenericScope - BeanFactory id=e80de23b-229b-306e-8490-0734d61a73db
2026-06-24 17:34:57 INFO  com.zaxxer.hikari.HikariDataSource - HikariPool-1 - Starting...
2026-06-24 17:34:57 INFO  com.zaxxer.hikari.pool.HikariPool - HikariPool-1 - Added connection com.mysql.cj.jdbc.ConnectionImpl@17b387ef
2026-06-24 17:34:57 INFO  com.zaxxer.hikari.HikariDataSource - HikariPool-1 - Start completed.
2026-06-24 17:34:57 INFO  org.flywaydb.core.FlywayExecutor - Database: jdbc:mysql://localhost:3306/catalog_db (MySQL 12.3)
2026-06-24 17:34:57 WARN  org.flywaydb.core.internal.database.base.Database - Using MariaDB 12.3 which is newer than the version Flyway has been verified with. The latest verified version of MariaDB is 11.7.
2026-06-24 17:34:57 INFO  org.flywaydb.core.internal.command.DbValidate - Successfully validated 3 migrations (execution time 00:00.023s)
2026-06-24 17:34:57 INFO  org.flywaydb.core.internal.command.DbMigrate - Current version of schema `catalog_db`: 3
2026-06-24 17:34:57 INFO  org.flywaydb.core.internal.command.DbMigrate - Schema `catalog_db` is up to date. No migration necessary.
2026-06-24 17:34:57 INFO  o.s.o.j.persistenceunit.SpringPersistenceUnitInfo - No LoadTimeWeaver setup: ignoring JPA class transformer
2026-06-24 17:34:58 INFO  o.s.orm.jpa.LocalContainerEntityManagerFactoryBean - Initialized JPA EntityManagerFactory for persistence unit 'default'
2026-06-24 17:34:58 INFO  o.s.d.jpa.repository.query.QueryEnhancerFactories - Hibernate is in classpath; If applicable, HQL parser will be used.
2026-06-24 17:34:58 WARN  o.s.b.j.a.JpaBaseConfiguration$JpaWebConfiguration - spring.jpa.open-in-view is enabled by default. Therefore, database queries may be performed during view rendering. Explicitly configure spring.jpa.open-in-view to disable this warning
2026-06-24 17:34:59 INFO  o.s.s.c.a.a.c.InitializeUserDetailsBeanManagerConfigurer$InitializeUserDetailsManagerConfigurer - Global AuthenticationManager configured with UserDetailsService bean with name userDetailsService
2026-06-24 17:34:59 INFO  o.s.c.n.e.c.DiscoveryClientOptionalArgsConfiguration - Eureka HTTP Client uses RestClient.
2026-06-24 17:34:59 WARN  o.s.c.l.c.LoadBalancerCacheAutoConfiguration$LoadBalancerCaffeineWarnLogger - Spring Cloud LoadBalancer is currently working with the default cache. While this cache implementation is useful for development and tests, it's recommended to use Caffeine cache in production.You can switch to using Caffeine cache, by adding it and org.springframework.cache.caffeine.CaffeineCacheManager to the classpath.
2026-06-24 17:34:59 INFO  c.e.l.ProveedorServiceTest - Started ProveedorServiceTest in 4.651 seconds (process running for 5.728)
2026-06-24 17:34:59 INFO  o.s.cloud.netflix.eureka.InstanceInfoFactory - Setting initial instance status as: STARTING
2026-06-24 17:34:59 INFO  o.s.c.n.e.serviceregistry.EurekaServiceRegistry - Unregistering application LMCATALOGMS with eureka with status DOWN
2026-06-24 17:34:59 INFO  o.s.orm.jpa.LocalContainerEntityManagerFactoryBean - Closing JPA EntityManagerFactory for persistence unit 'default'
2026-06-24 17:34:59 INFO  com.zaxxer.hikari.HikariDataSource - HikariPool-1 - Shutdown initiated...
2026-06-24 17:34:59 INFO  com.zaxxer.hikari.HikariDataSource - HikariPool-1 - Shutdown completed.
2026-06-24 17:36:57 INFO  c.e.l.ProveedorServiceTest - Starting ProveedorServiceTest using Java 21.0.11 with PID 23724 (started by apric in /run/media/apric/a0483016-93be-4d8d-b285-30d2ee3fccb7/GitHub/lbMarket/LibreriaMaketCatalogService/libreriaMarketCatalogService)
2026-06-24 17:36:57 DEBUG c.e.l.ProveedorServiceTest - Running with Spring Boot v4.0.0, Spring v7.0.1
2026-06-24 17:36:57 INFO  c.e.l.ProveedorServiceTest - The following 1 profile is active: "test"
2026-06-24 17:36:58 INFO  o.s.d.r.config.RepositoryConfigurationDelegate - Bootstrapping Spring Data JPA repositories in DEFAULT mode.
2026-06-24 17:36:58 INFO  o.s.d.r.config.RepositoryConfigurationDelegate - Finished Spring Data repository scanning in 92 ms. Found 2 JPA repository interfaces.
2026-06-24 17:36:58 INFO  o.springframework.cloud.context.scope.GenericScope - BeanFactory id=e80de23b-229b-306e-8490-0734d61a73db
2026-06-24 17:36:59 INFO  com.zaxxer.hikari.HikariDataSource - HikariPool-1 - Starting...
2026-06-24 17:36:59 INFO  com.zaxxer.hikari.pool.HikariPool - HikariPool-1 - Added connection com.mysql.cj.jdbc.ConnectionImpl@17b387ef
2026-06-24 17:36:59 INFO  com.zaxxer.hikari.HikariDataSource - HikariPool-1 - Start completed.
2026-06-24 17:36:59 INFO  org.flywaydb.core.FlywayExecutor - Database: jdbc:mysql://localhost:3306/catalog_db (MySQL 12.3)
2026-06-24 17:36:59 WARN  org.flywaydb.core.internal.database.base.Database - Using MariaDB 12.3 which is newer than the version Flyway has been verified with. The latest verified version of MariaDB is 11.7.
2026-06-24 17:36:59 INFO  org.flywaydb.core.internal.command.DbValidate - Successfully validated 3 migrations (execution time 00:00.023s)
2026-06-24 17:36:59 INFO  org.flywaydb.core.internal.command.DbMigrate - Current version of schema `catalog_db`: 3
2026-06-24 17:36:59 INFO  org.flywaydb.core.internal.command.DbMigrate - Schema `catalog_db` is up to date. No migration necessary.
2026-06-24 17:37:00 INFO  o.s.o.j.persistenceunit.SpringPersistenceUnitInfo - No LoadTimeWeaver setup: ignoring JPA class transformer
2026-06-24 17:37:00 INFO  o.s.orm.jpa.LocalContainerEntityManagerFactoryBean - Initialized JPA EntityManagerFactory for persistence unit 'default'
2026-06-24 17:37:00 INFO  o.s.d.jpa.repository.query.QueryEnhancerFactories - Hibernate is in classpath; If applicable, HQL parser will be used.
2026-06-24 17:37:01 WARN  o.s.b.j.a.JpaBaseConfiguration$JpaWebConfiguration - spring.jpa.open-in-view is enabled by default. Therefore, database queries may be performed during view rendering. Explicitly configure spring.jpa.open-in-view to disable this warning
2026-06-24 17:37:01 INFO  o.s.s.c.a.a.c.InitializeUserDetailsBeanManagerConfigurer$InitializeUserDetailsManagerConfigurer - Global AuthenticationManager configured with UserDetailsService bean with name userDetailsService
2026-06-24 17:37:01 INFO  o.s.c.n.e.c.DiscoveryClientOptionalArgsConfiguration - Eureka HTTP Client uses RestClient.
2026-06-24 17:37:01 WARN  o.s.c.l.c.LoadBalancerCacheAutoConfiguration$LoadBalancerCaffeineWarnLogger - Spring Cloud LoadBalancer is currently working with the default cache. While this cache implementation is useful for development and tests, it's recommended to use Caffeine cache in production.You can switch to using Caffeine cache, by adding it and org.springframework.cache.caffeine.CaffeineCacheManager to the classpath.
2026-06-24 17:37:02 INFO  c.e.l.ProveedorServiceTest - Started ProveedorServiceTest in 4.573 seconds (process running for 5.686)
2026-06-24 17:37:02 INFO  o.s.cloud.netflix.eureka.InstanceInfoFactory - Setting initial instance status as: STARTING
2026-06-24 17:37:02 INFO  o.s.c.n.e.serviceregistry.EurekaServiceRegistry - Unregistering application LMCATALOGMS with eureka with status DOWN
2026-06-24 17:37:02 INFO  o.s.orm.jpa.LocalContainerEntityManagerFactoryBean - Closing JPA EntityManagerFactory for persistence unit 'default'
2026-06-24 17:37:02 INFO  com.zaxxer.hikari.HikariDataSource - HikariPool-1 - Shutdown initiated...
2026-06-24 17:37:02 INFO  com.zaxxer.hikari.HikariDataSource - HikariPool-1 - Shutdown completed.
2026-06-24 17:37:34 INFO  c.e.l.ProveedorServiceTest - Starting ProveedorServiceTest using Java 21.0.11 with PID 23852 (started by apric in /run/media/apric/a0483016-93be-4d8d-b285-30d2ee3fccb7/GitHub/lbMarket/LibreriaMaketCatalogService/libreriaMarketCatalogService)
2026-06-24 17:37:34 DEBUG c.e.l.ProveedorServiceTest - Running with Spring Boot v4.0.0, Spring v7.0.1
2026-06-24 17:37:34 INFO  c.e.l.ProveedorServiceTest - The following 1 profile is active: "test"
2026-06-24 17:37:34 INFO  o.s.d.r.config.RepositoryConfigurationDelegate - Bootstrapping Spring Data JPA repositories in DEFAULT mode.
2026-06-24 17:37:34 INFO  o.s.d.r.config.RepositoryConfigurationDelegate - Finished Spring Data repository scanning in 96 ms. Found 2 JPA repository interfaces.
2026-06-24 17:37:35 INFO  o.springframework.cloud.context.scope.GenericScope - BeanFactory id=e80de23b-229b-306e-8490-0734d61a73db
2026-06-24 17:37:36 INFO  com.zaxxer.hikari.HikariDataSource - HikariPool-1 - Starting...
2026-06-24 17:37:36 INFO  com.zaxxer.hikari.pool.HikariPool - HikariPool-1 - Added connection com.mysql.cj.jdbc.ConnectionImpl@4131261
2026-06-24 17:37:36 INFO  com.zaxxer.hikari.HikariDataSource - HikariPool-1 - Start completed.
2026-06-24 17:37:36 INFO  org.flywaydb.core.FlywayExecutor - Database: jdbc:mysql://localhost:3306/catalog_db (MySQL 12.3)
2026-06-24 17:37:36 WARN  org.flywaydb.core.internal.database.base.Database - Using MariaDB 12.3 which is newer than the version Flyway has been verified with. The latest verified version of MariaDB is 11.7.
2026-06-24 17:37:36 INFO  org.flywaydb.core.internal.command.DbValidate - Successfully validated 3 migrations (execution time 00:00.022s)
2026-06-24 17:37:36 INFO  org.flywaydb.core.internal.command.DbMigrate - Current version of schema `catalog_db`: 3
2026-06-24 17:37:36 INFO  org.flywaydb.core.internal.command.DbMigrate - Schema `catalog_db` is up to date. No migration necessary.
2026-06-24 17:37:36 INFO  o.s.o.j.persistenceunit.SpringPersistenceUnitInfo - No LoadTimeWeaver setup: ignoring JPA class transformer
2026-06-24 17:37:37 INFO  o.s.orm.jpa.LocalContainerEntityManagerFactoryBean - Initialized JPA EntityManagerFactory for persistence unit 'default'
2026-06-24 17:37:37 INFO  o.s.d.jpa.repository.query.QueryEnhancerFactories - Hibernate is in classpath; If applicable, HQL parser will be used.
2026-06-24 17:37:37 WARN  o.s.b.j.a.JpaBaseConfiguration$JpaWebConfiguration - spring.jpa.open-in-view is enabled by default. Therefore, database queries may be performed during view rendering. Explicitly configure spring.jpa.open-in-view to disable this warning
2026-06-24 17:37:38 INFO  o.s.s.c.a.a.c.InitializeUserDetailsBeanManagerConfigurer$InitializeUserDetailsManagerConfigurer - Global AuthenticationManager configured with UserDetailsService bean with name userDetailsService
2026-06-24 17:37:38 INFO  o.s.c.n.e.c.DiscoveryClientOptionalArgsConfiguration - Eureka HTTP Client uses RestClient.
2026-06-24 17:37:38 WARN  o.s.c.l.c.LoadBalancerCacheAutoConfiguration$LoadBalancerCaffeineWarnLogger - Spring Cloud LoadBalancer is currently working with the default cache. While this cache implementation is useful for development and tests, it's recommended to use Caffeine cache in production.You can switch to using Caffeine cache, by adding it and org.springframework.cache.caffeine.CaffeineCacheManager to the classpath.
2026-06-24 17:37:38 INFO  c.e.l.ProveedorServiceTest - Started ProveedorServiceTest in 4.777 seconds (process running for 5.85)
2026-06-24 17:37:38 INFO  o.s.cloud.netflix.eureka.InstanceInfoFactory - Setting initial instance status as: STARTING
2026-06-24 17:37:38 INFO  o.s.c.n.e.serviceregistry.EurekaServiceRegistry - Unregistering application LMCATALOGMS with eureka with status DOWN
2026-06-24 17:37:38 INFO  o.s.orm.jpa.LocalContainerEntityManagerFactoryBean - Closing JPA EntityManagerFactory for persistence unit 'default'
2026-06-24 17:37:38 INFO  com.zaxxer.hikari.HikariDataSource - HikariPool-1 - Shutdown initiated...
2026-06-24 17:37:38 INFO  com.zaxxer.hikari.HikariDataSource - HikariPool-1 - Shutdown completed.
2026-06-24 17:37:52 INFO  c.e.l.ProductoServiceTest - Starting ProductoServiceTest using Java 21.0.11 with PID 23976 (started by apric in /run/media/apric/a0483016-93be-4d8d-b285-30d2ee3fccb7/GitHub/lbMarket/LibreriaMaketCatalogService/libreriaMarketCatalogService)
2026-06-24 17:37:52 DEBUG c.e.l.ProductoServiceTest - Running with Spring Boot v4.0.0, Spring v7.0.1
2026-06-24 17:37:52 INFO  c.e.l.ProductoServiceTest - The following 1 profile is active: "test"
2026-06-24 17:37:52 INFO  o.s.d.r.config.RepositoryConfigurationDelegate - Bootstrapping Spring Data JPA repositories in DEFAULT mode.
2026-06-24 17:37:52 INFO  o.s.d.r.config.RepositoryConfigurationDelegate - Finished Spring Data repository scanning in 96 ms. Found 2 JPA repository interfaces.
2026-06-24 17:37:53 INFO  o.springframework.cloud.context.scope.GenericScope - BeanFactory id=e80de23b-229b-306e-8490-0734d61a73db
2026-06-24 17:37:54 INFO  com.zaxxer.hikari.HikariDataSource - HikariPool-1 - Starting...
2026-06-24 17:37:54 INFO  com.zaxxer.hikari.pool.HikariPool - HikariPool-1 - Added connection com.mysql.cj.jdbc.ConnectionImpl@492d38a2
2026-06-24 17:37:54 INFO  com.zaxxer.hikari.HikariDataSource - HikariPool-1 - Start completed.
2026-06-24 17:37:54 INFO  org.flywaydb.core.FlywayExecutor - Database: jdbc:mysql://localhost:3306/catalog_db (MySQL 12.3)
2026-06-24 17:37:54 WARN  org.flywaydb.core.internal.database.base.Database - Using MariaDB 12.3 which is newer than the version Flyway has been verified with. The latest verified version of MariaDB is 11.7.
2026-06-24 17:37:54 INFO  org.flywaydb.core.internal.command.DbValidate - Successfully validated 3 migrations (execution time 00:00.023s)
2026-06-24 17:37:54 INFO  org.flywaydb.core.internal.command.DbMigrate - Current version of schema `catalog_db`: 3
2026-06-24 17:37:54 INFO  org.flywaydb.core.internal.command.DbMigrate - Schema `catalog_db` is up to date. No migration necessary.
2026-06-24 17:37:54 INFO  o.s.o.j.persistenceunit.SpringPersistenceUnitInfo - No LoadTimeWeaver setup: ignoring JPA class transformer
2026-06-24 17:37:55 INFO  o.s.orm.jpa.LocalContainerEntityManagerFactoryBean - Initialized JPA EntityManagerFactory for persistence unit 'default'
2026-06-24 17:37:55 WARN  o.s.b.j.a.JpaBaseConfiguration$JpaWebConfiguration - spring.jpa.open-in-view is enabled by default. Therefore, database queries may be performed during view rendering. Explicitly configure spring.jpa.open-in-view to disable this warning
2026-06-24 17:37:55 INFO  o.s.s.c.a.a.c.InitializeUserDetailsBeanManagerConfigurer$InitializeUserDetailsManagerConfigurer - Global AuthenticationManager configured with UserDetailsService bean with name userDetailsService
2026-06-24 17:37:56 INFO  o.s.c.n.e.c.DiscoveryClientOptionalArgsConfiguration - Eureka HTTP Client uses RestClient.
2026-06-24 17:37:56 WARN  o.s.c.l.c.LoadBalancerCacheAutoConfiguration$LoadBalancerCaffeineWarnLogger - Spring Cloud LoadBalancer is currently working with the default cache. While this cache implementation is useful for development and tests, it's recommended to use Caffeine cache in production.You can switch to using Caffeine cache, by adding it and org.springframework.cache.caffeine.CaffeineCacheManager to the classpath.
2026-06-24 17:37:56 INFO  c.e.l.ProductoServiceTest - Started ProductoServiceTest in 4.759 seconds (process running for 5.879)
2026-06-24 17:37:56 INFO  o.s.cloud.netflix.eureka.InstanceInfoFactory - Setting initial instance status as: STARTING
2026-06-24 17:37:56 INFO  o.s.c.n.e.serviceregistry.EurekaServiceRegistry - Unregistering application LMCATALOGMS with eureka with status DOWN
2026-06-24 17:37:56 INFO  o.s.orm.jpa.LocalContainerEntityManagerFactoryBean - Closing JPA EntityManagerFactory for persistence unit 'default'
2026-06-24 17:37:56 INFO  com.zaxxer.hikari.HikariDataSource - HikariPool-1 - Shutdown initiated...
2026-06-24 17:37:56 INFO  com.zaxxer.hikari.HikariDataSource - HikariPool-1 - Shutdown completed.
2026-06-24 17:56:17 INFO  c.e.l.ProductoControllerTest - Starting ProductoControllerTest using Java 21.0.11 with PID 24866 (started by apric in /run/media/apric/a0483016-93be-4d8d-b285-30d2ee3fccb7/GitHub/lbMarket/LibreriaMaketCatalogService/libreriaMarketCatalogService)
2026-06-24 17:56:17 DEBUG c.e.l.ProductoControllerTest - Running with Spring Boot v4.0.0, Spring v7.0.1
2026-06-24 17:56:17 INFO  c.e.l.ProductoControllerTest - The following 1 profile is active: "test"
2026-06-24 17:56:18 WARN  o.s.w.context.support.GenericWebApplicationContext - Exception encountered during context initialization - cancelling refresh attempt: org.springframework.beans.factory.UnsatisfiedDependencyException: Error creating bean with name 'productoControllerV2': Unsatisfied dependency expressed through field 'assembler': No qualifying bean of type 'com.example.libreriaMarketCatalogService.assemblers.ProductoModelAssembler' available: expected at least 1 bean which qualifies as autowire candidate. Dependency annotations: {@org.springframework.beans.factory.annotation.Autowired(required=true)}
2026-06-24 17:56:18 INFO  o.s.b.a.logging.ConditionEvaluationReportLogger - 

Error starting ApplicationContext. To display the condition evaluation report re-run your application with 'debug' enabled.
2026-06-24 17:56:18 ERROR o.s.b.diagnostics.LoggingFailureAnalysisReporter - 

***************************
APPLICATION FAILED TO START
***************************

Description:

Field assembler in com.example.libreriaMarketCatalogService.controller.ProductoControllerV2 required a bean of type 'com.example.libreriaMarketCatalogService.assemblers.ProductoModelAssembler' that could not be found.

The injection point has the following annotations:
	- @org.springframework.beans.factory.annotation.Autowired(required=true)


Action:

Consider defining a bean of type 'com.example.libreriaMarketCatalogService.assemblers.ProductoModelAssembler' in your configuration.

2026-06-24 17:56:18 WARN  o.springframework.test.context.TestContextManager - Caught exception while allowing TestExecutionListener [org.springframework.test.context.bean.override.BeanOverrideTestExecutionListener] to prepare test instance [com.example.libreriaMarketCatalogService.controller.ProductoControllerTest@3e98b933]
java.lang.IllegalStateException: Failed to load ApplicationContext for [WebMergedContextConfiguration@466fedfa testClass = com.example.libreriaMarketCatalogService.controller.ProductoControllerTest, locations = [], classes = [com.example.libreriaMarketCatalogService.LibreriaMarketCatalogServiceApplication], contextInitializerClasses = [], activeProfiles = [], propertySourceDescriptors = [], propertySourceProperties = ["org.springframework.boot.webmvc.test.autoconfigure.WebMvcTestContextBootstrapper=true"], contextCustomizers = [[ImportsContextCustomizer@1a7d0c9f key = [org.springframework.boot.hateoas.autoconfigure.HypermediaAutoConfiguration, org.springframework.boot.security.autoconfigure.web.servlet.ServletWebSecurityAutoConfiguration, org.springframework.boot.jackson2.autoconfigure.Jackson2AutoConfiguration, org.springframework.boot.autoconfigure.task.TaskExecutionAutoConfiguration, org.springframework.boot.webmvc.test.autoconfigure.MockMvcWebDriverAutoConfiguration, org.springframework.boot.security.autoconfigure.SecurityAutoConfiguration, org.springframework.boot.autoconfigure.context.MessageSourceAutoConfiguration, org.springframework.boot.security.autoconfigure.web.servlet.SecurityFilterAutoConfiguration, org.springframework.boot.data.autoconfigure.web.DataWebAutoConfiguration, org.springframework.boot.webmvc.autoconfigure.error.ErrorMvcAutoConfiguration, org.springframework.boot.validation.autoconfigure.ValidationAutoConfiguration, org.springframework.boot.webmvc.autoconfigure.WebMvcAutoConfiguration, org.springframework.boot.security.test.autoconfigure.webmvc.SecurityMockMvcAutoConfiguration, org.springframework.boot.http.converter.autoconfigure.HttpMessageConvertersAutoConfiguration, org.springframework.boot.jackson.autoconfigure.JacksonAutoConfiguration, org.springframework.boot.webmvc.test.autoconfigure.MockMvcWebClientAutoConfiguration, org.springframework.boot.servlet.autoconfigure.HttpEncodingAutoConfiguration, org.springframework.boot.security.autoconfigure.UserDetailsServiceAutoConfiguration, org.springframework.boot.webmvc.test.autoconfigure.MockMvcAutoConfiguration]], org.springframework.boot.test.context.PropertyMappingContextCustomizer@2d298995, org.springframework.boot.test.context.filter.ExcludeFilterContextCustomizer@50687efb, org.springframework.boot.test.context.filter.annotation.TypeExcludeFiltersContextCustomizer@1ad0deb8, org.springframework.boot.test.json.DuplicateJsonObjectContextCustomizerFactory$DuplicateJsonObjectContextCustomizer@61edc883, org.springframework.boot.test.autoconfigure.OnFailureConditionReportContextCustomizerFactory$OnFailureConditionReportContextCustomizer@6928f576, org.springframework.boot.test.autoconfigure.OverrideAutoConfigurationContextCustomizerFactory$DisableAutoConfigurationContextCustomizer@3574e198, org.springframework.test.context.bean.override.BeanOverrideContextCustomizer@5749bd4d, org.springframework.test.context.support.DynamicPropertiesContextCustomizer@0, org.springframework.boot.webmvc.test.autoconfigure.WebDriverContextCustomizer@70925b45, org.springframework.boot.web.server.context.SpringBootTestRandomPortContextCustomizerFactory$Customizer@55e7a35c, org.springframework.boot.test.context.SpringBootTestAnnotation@41ce2db], resourceBasePath = "src/main/webapp", contextLoader = org.springframework.boot.test.context.SpringBootContextLoader, parent = null]
	at org.springframework.test.context.cache.DefaultCacheAwareContextLoaderDelegate.lambda$loadContext$0(DefaultCacheAwareContextLoaderDelegate.java:195)
	at org.springframework.test.context.cache.DefaultContextCache.put(DefaultContextCache.java:172)
	at org.springframework.test.context.cache.DefaultCacheAwareContextLoaderDelegate.loadContext(DefaultCacheAwareContextLoaderDelegate.java:160)
	at org.springframework.test.context.support.DefaultTestContext.getApplicationContext(DefaultTestContext.java:128)
	at org.springframework.test.context.bean.override.BeanOverrideTestExecutionListener.injectFields(BeanOverrideTestExecutionListener.java:107)
	at org.springframework.test.context.bean.override.BeanOverrideTestExecutionListener.prepareTestInstance(BeanOverrideTestExecutionListener.java:70)
	at org.springframework.test.context.TestContextManager.prepareTestInstance(TestContextManager.java:260)
	at org.springframework.test.context.junit.jupiter.SpringExtension.postProcessTestInstance(SpringExtension.java:203)
	at org.junit.jupiter.engine.descriptor.ClassBasedTestDescriptor.lambda$invokeTestInstancePostProcessors$1(ClassBasedTestDescriptor.java:423)
	at org.junit.jupiter.engine.descriptor.ClassBasedTestDescriptor.executeAndMaskThrowable(ClassBasedTestDescriptor.java:428)
	at org.junit.jupiter.engine.descriptor.ClassBasedTestDescriptor.lambda$invokeTestInstancePostProcessors$0(ClassBasedTestDescriptor.java:422)
	at java.base/java.util.stream.ForEachOps$ForEachOp$OfRef.accept(ForEachOps.java:184)
	at java.base/java.util.stream.ReferencePipeline$3$1.accept(ReferencePipeline.java:197)
	at java.base/java.util.stream.ReferencePipeline$2$1.accept(ReferencePipeline.java:179)
	at java.base/java.util.stream.ReferencePipeline$3$1.accept(ReferencePipeline.java:197)
	at java.base/java.util.ArrayList$ArrayListSpliterator.forEachRemaining(ArrayList.java:1708)
	at java.base/java.util.stream.AbstractPipeline.copyInto(AbstractPipeline.java:509)
	at java.base/java.util.stream.AbstractPipeline.wrapAndCopyInto(AbstractPipeline.java:499)
	at java.base/java.util.stream.ForEachOps$ForEachOp.evaluateSequential(ForEachOps.java:151)
	at java.base/java.util.stream.ForEachOps$ForEachOp$OfRef.evaluateSequential(ForEachOps.java:174)
	at java.base/java.util.stream.AbstractPipeline.evaluate(AbstractPipeline.java:234)
	at java.base/java.util.stream.ReferencePipeline.forEach(ReferencePipeline.java:596)
	at org.junit.jupiter.engine.descriptor.ClassBasedTestDescriptor.invokeTestInstancePostProcessors(ClassBasedTestDescriptor.java:422)
	at org.junit.jupiter.engine.descriptor.ClassBasedTestDescriptor.lambda$instantiateAndPostProcessTestInstance$0(ClassBasedTestDescriptor.java:334)
	at org.junit.platform.engine.support.hierarchical.ThrowableCollector.execute(ThrowableCollector.java:74)
	at org.junit.jupiter.engine.descriptor.ClassBasedTestDescriptor.instantiateAndPostProcessTestInstance(ClassBasedTestDescriptor.java:333)
	at org.junit.jupiter.engine.descriptor.ClassBasedTestDescriptor.lambda$testInstancesProvider$1(ClassBasedTestDescriptor.java:322)
	at java.base/java.util.Optional.orElseGet(Optional.java:364)
	at org.junit.jupiter.engine.descriptor.ClassBasedTestDescriptor.lambda$testInstancesProvider$0(ClassBasedTestDescriptor.java:321)
	at org.junit.jupiter.engine.execution.TestInstancesProvider.getTestInstances(TestInstancesProvider.java:27)
	at org.junit.jupiter.engine.descriptor.TestMethodTestDescriptor.lambda$prepare$0(TestMethodTestDescriptor.java:127)
	at org.junit.platform.engine.support.hierarchical.ThrowableCollector.execute(ThrowableCollector.java:74)
	at org.junit.jupiter.engine.descriptor.TestMethodTestDescriptor.prepare(TestMethodTestDescriptor.java:126)
	at org.junit.jupiter.engine.descriptor.TestMethodTestDescriptor.prepare(TestMethodTestDescriptor.java:70)
	at org.junit.platform.engine.support.hierarchical.NodeTestTask.lambda$prepare$0(NodeTestTask.java:144)
	at org.junit.platform.engine.support.hierarchical.ThrowableCollector.execute(ThrowableCollector.java:74)
	at org.junit.platform.engine.support.hierarchical.NodeTestTask.prepare(NodeTestTask.java:144)
	at org.junit.platform.engine.support.hierarchical.NodeTestTask.execute(NodeTestTask.java:110)
	at java.base/java.util.ArrayList.forEach(ArrayList.java:1596)
	at org.junit.platform.engine.support.hierarchical.SameThreadHierarchicalTestExecutorService.invokeAll(SameThreadHierarchicalTestExecutorService.java:42)
	at org.junit.platform.engine.support.hierarchical.NodeTestTask.lambda$executeRecursively$2(NodeTestTask.java:180)
	at org.junit.platform.engine.support.hierarchical.ThrowableCollector.execute(ThrowableCollector.java:74)
	at org.junit.platform.engine.support.hierarchical.NodeTestTask.lambda$executeRecursively$1(NodeTestTask.java:166)
	at org.junit.platform.engine.support.hierarchical.Node.around(Node.java:138)
	at org.junit.platform.engine.support.hierarchical.NodeTestTask.lambda$executeRecursively$0(NodeTestTask.java:164)
	at org.junit.platform.engine.support.hierarchical.ThrowableCollector.execute(ThrowableCollector.java:74)
	at org.junit.platform.engine.support.hierarchical.NodeTestTask.executeRecursively(NodeTestTask.java:163)
	at org.junit.platform.engine.support.hierarchical.NodeTestTask.execute(NodeTestTask.java:116)
	at java.base/java.util.ArrayList.forEach(ArrayList.java:1596)
	at org.junit.platform.engine.support.hierarchical.SameThreadHierarchicalTestExecutorService.invokeAll(SameThreadHierarchicalTestExecutorService.java:42)
	at org.junit.platform.engine.support.hierarchical.NodeTestTask.lambda$executeRecursively$2(NodeTestTask.java:180)
	at org.junit.platform.engine.support.hierarchical.ThrowableCollector.execute(ThrowableCollector.java:74)
	at org.junit.platform.engine.support.hierarchical.NodeTestTask.lambda$executeRecursively$1(NodeTestTask.java:166)
	at org.junit.platform.engine.support.hierarchical.Node.around(Node.java:138)
	at org.junit.platform.engine.support.hierarchical.NodeTestTask.lambda$executeRecursively$0(NodeTestTask.java:164)
	at org.junit.platform.engine.support.hierarchical.ThrowableCollector.execute(ThrowableCollector.java:74)
	at org.junit.platform.engine.support.hierarchical.NodeTestTask.executeRecursively(NodeTestTask.java:163)
	at org.junit.platform.engine.support.hierarchical.NodeTestTask.execute(NodeTestTask.java:116)
	at org.junit.platform.engine.support.hierarchical.SameThreadHierarchicalTestExecutorService.submit(SameThreadHierarchicalTestExecutorService.java:36)
	at org.junit.platform.engine.support.hierarchical.HierarchicalTestExecutor.execute(HierarchicalTestExecutor.java:52)
	at org.junit.platform.engine.support.hierarchical.HierarchicalTestEngine.execute(HierarchicalTestEngine.java:58)
	at org.junit.platform.launcher.core.EngineExecutionOrchestrator.executeEngine(EngineExecutionOrchestrator.java:246)
	at org.junit.platform.launcher.core.EngineExecutionOrchestrator.failOrExecuteEngine(EngineExecutionOrchestrator.java:218)
	at org.junit.platform.launcher.core.EngineExecutionOrchestrator.execute(EngineExecutionOrchestrator.java:179)
	at org.junit.platform.launcher.core.EngineExecutionOrchestrator.execute(EngineExecutionOrchestrator.java:108)
	at org.junit.platform.launcher.core.EngineExecutionOrchestrator.lambda$execute$0(EngineExecutionOrchestrator.java:66)
	at org.junit.platform.launcher.core.EngineExecutionOrchestrator.withInterceptedStreams(EngineExecutionOrchestrator.java:157)
	at org.junit.platform.launcher.core.EngineExecutionOrchestrator.execute(EngineExecutionOrchestrator.java:65)
	at org.junit.platform.launcher.core.DefaultLauncher.execute(DefaultLauncher.java:125)
	at org.junit.platform.launcher.core.DefaultLauncher.execute(DefaultLauncher.java:114)
	at org.junit.platform.launcher.core.DelegatingLauncher.execute(DelegatingLauncher.java:58)
	at org.junit.platform.launcher.core.InterceptingLauncher.lambda$execute$2(InterceptingLauncher.java:57)
	at org.junit.platform.launcher.core.ClasspathAlignmentCheckingLauncherInterceptor.intercept(ClasspathAlignmentCheckingLauncherInterceptor.java:25)
	at org.junit.platform.launcher.core.InterceptingLauncher.execute(InterceptingLauncher.java:56)
	at org.junit.platform.launcher.core.DelegatingLauncher.execute(DelegatingLauncher.java:58)
	at org.junit.platform.launcher.core.SessionPerRequestLauncher.execute(SessionPerRequestLauncher.java:81)
	at com.intellij.junit6.JUnit6TestRunnerHelper.execute(JUnit6TestRunnerHelper.java:69)
	at com.intellij.junit5.JUnit5IdeaTestRunner.startRunnerWithArgs(JUnit5IdeaTestRunner.java:70)
	at com.intellij.rt.junit.IdeaTestRunner$Repeater$1.execute(IdeaTestRunner.java:38)
	at com.intellij.rt.execution.junit.TestsRepeater.repeat(TestsRepeater.java:11)
	at com.intellij.rt.junit.IdeaTestRunner$Repeater.startRunnerWithArgs(IdeaTestRunner.java:35)
	at com.intellij.rt.junit.JUnitStarter.prepareStreamsAndStart(JUnitStarter.java:225)
	at com.intellij.rt.junit.JUnitStarter.main(JUnitStarter.java:61)
Caused by: org.springframework.beans.factory.UnsatisfiedDependencyException: Error creating bean with name 'productoControllerV2': Unsatisfied dependency expressed through field 'assembler': No qualifying bean of type 'com.example.libreriaMarketCatalogService.assemblers.ProductoModelAssembler' available: expected at least 1 bean which qualifies as autowire candidate. Dependency annotations: {@org.springframework.beans.factory.annotation.Autowired(required=true)}
	at org.springframework.beans.factory.annotation.AutowiredAnnotationBeanPostProcessor$AutowiredFieldElement.resolveFieldValue(AutowiredAnnotationBeanPostProcessor.java:766)
	at org.springframework.beans.factory.annotation.AutowiredAnnotationBeanPostProcessor$AutowiredFieldElement.inject(AutowiredAnnotationBeanPostProcessor.java:747)
	at org.springframework.beans.factory.annotation.InjectionMetadata.inject(InjectionMetadata.java:146)
	at org.springframework.beans.factory.annotation.AutowiredAnnotationBeanPostProcessor.postProcessProperties(AutowiredAnnotationBeanPostProcessor.java:492)
	at org.springframework.beans.factory.support.AbstractAutowireCapableBeanFactory.populateBean(AbstractAutowireCapableBeanFactory.java:1446)
	at org.springframework.beans.factory.support.AbstractAutowireCapableBeanFactory.doCreateBean(AbstractAutowireCapableBeanFactory.java:602)
	at org.springframework.beans.factory.support.AbstractAutowireCapableBeanFactory.createBean(AbstractAutowireCapableBeanFactory.java:525)
	at org.springframework.beans.factory.support.AbstractBeanFactory.lambda$doGetBean$0(AbstractBeanFactory.java:333)
	at org.springframework.beans.factory.support.DefaultSingletonBeanRegistry.getSingleton(DefaultSingletonBeanRegistry.java:371)
	at org.springframework.beans.factory.support.AbstractBeanFactory.doGetBean(AbstractBeanFactory.java:331)
	at org.springframework.beans.factory.support.AbstractBeanFactory.getBean(AbstractBeanFactory.java:196)
	at org.springframework.beans.factory.support.DefaultListableBeanFactory.instantiateSingleton(DefaultListableBeanFactory.java:1218)
	at org.springframework.beans.factory.support.DefaultListableBeanFactory.preInstantiateSingleton(DefaultListableBeanFactory.java:1184)
	at org.springframework.beans.factory.support.DefaultListableBeanFactory.preInstantiateSingletons(DefaultListableBeanFactory.java:1121)
	at org.springframework.context.support.AbstractApplicationContext.finishBeanFactoryInitialization(AbstractApplicationContext.java:983)
	at org.springframework.context.support.AbstractApplicationContext.refresh(AbstractApplicationContext.java:620)
	at org.springframework.boot.SpringApplication.refresh(SpringApplication.java:765)
	at org.springframework.boot.SpringApplication.refreshContext(SpringApplication.java:454)
	at org.springframework.boot.SpringApplication.run(SpringApplication.java:321)
	at org.springframework.boot.test.context.SpringBootContextLoader.lambda$loadContext$2(SpringBootContextLoader.java:148)
	at org.springframework.util.function.ThrowingSupplier.get(ThrowingSupplier.java:58)
	at org.springframework.util.function.ThrowingSupplier.get(ThrowingSupplier.java:46)
	at org.springframework.boot.SpringApplication.withHook(SpringApplication.java:1474)
	at org.springframework.boot.test.context.SpringBootContextLoader$ContextLoaderHook.run(SpringBootContextLoader.java:573)
	at org.springframework.boot.test.context.SpringBootContextLoader.loadContext(SpringBootContextLoader.java:148)
	at org.springframework.boot.test.context.SpringBootContextLoader.loadContext(SpringBootContextLoader.java:114)
	at org.springframework.test.context.cache.DefaultCacheAwareContextLoaderDelegate.loadContextInternal(DefaultCacheAwareContextLoaderDelegate.java:247)
	at org.springframework.test.context.cache.DefaultCacheAwareContextLoaderDelegate.lambda$loadContext$0(DefaultCacheAwareContextLoaderDelegate.java:167)
	... 82 common frames omitted
Caused by: org.springframework.beans.factory.NoSuchBeanDefinitionException: No qualifying bean of type 'com.example.libreriaMarketCatalogService.assemblers.ProductoModelAssembler' available: expected at least 1 bean which qualifies as autowire candidate. Dependency annotations: {@org.springframework.beans.factory.annotation.Autowired(required=true)}
	at org.springframework.beans.factory.support.DefaultListableBeanFactory.raiseNoMatchingBeanFound(DefaultListableBeanFactory.java:2297)
	at org.springframework.beans.factory.support.DefaultListableBeanFactory.doResolveDependency(DefaultListableBeanFactory.java:1725)
	at org.springframework.beans.factory.support.DefaultListableBeanFactory.resolveDependency(DefaultListableBeanFactory.java:1651)
	at org.springframework.beans.factory.annotation.AutowiredAnnotationBeanPostProcessor$AutowiredFieldElement.resolveFieldValue(AutowiredAnnotationBeanPostProcessor.java:763)
	... 109 common frames omitted
2026-06-24 17:58:48 INFO  c.e.l.ProductoControllerTest - Starting ProductoControllerTest using Java 21.0.11 with PID 25113 (started by apric in /run/media/apric/a0483016-93be-4d8d-b285-30d2ee3fccb7/GitHub/lbMarket/LibreriaMaketCatalogService/libreriaMarketCatalogService)
2026-06-24 17:58:48 DEBUG c.e.l.ProductoControllerTest - Running with Spring Boot v4.0.0, Spring v7.0.1
2026-06-24 17:58:48 INFO  c.e.l.ProductoControllerTest - The following 1 profile is active: "test"
2026-06-24 17:58:50 WARN  o.s.b.s.a.UserDetailsServiceAutoConfiguration - 

Using generated security password: e4a07a13-35d3-48c9-b460-ffb31429981b

This generated password is for development use only. Your security configuration must be updated before running your application in production.

2026-06-24 17:58:50 INFO  o.s.b.test.mock.web.SpringBootMockServletContext - Initializing Spring TestDispatcherServlet ''
2026-06-24 17:58:50 INFO  o.s.test.web.servlet.TestDispatcherServlet - Initializing Servlet ''
2026-06-24 17:58:50 INFO  o.s.test.web.servlet.TestDispatcherServlet - Completed initialization in 1 ms
2026-06-24 17:58:50 INFO  c.e.l.ProductoControllerTest - Started ProductoControllerTest in 1.651 seconds (process running for 2.696)
2026-06-24 17:58:50 INFO  c.e.l.controller.ProductoController - Recibiendo solicitud para buscar listado de productos.
2026-06-24 17:58:50 INFO  c.e.l.controller.ProductoController - Solicitud para buscar listado de productos.=> encontrado(s) y enlistado(s).
2026-06-24 17:59:22 INFO  c.e.l.ProductoControllerTest - Starting ProductoControllerTest using Java 21.0.11 with PID 25234 (started by apric in /run/media/apric/a0483016-93be-4d8d-b285-30d2ee3fccb7/GitHub/lbMarket/LibreriaMaketCatalogService/libreriaMarketCatalogService)
2026-06-24 17:59:22 DEBUG c.e.l.ProductoControllerTest - Running with Spring Boot v4.0.0, Spring v7.0.1
2026-06-24 17:59:22 INFO  c.e.l.ProductoControllerTest - The following 1 profile is active: "test"
2026-06-24 17:59:23 WARN  o.s.b.s.a.UserDetailsServiceAutoConfiguration - 

Using generated security password: fa6f044b-c8e5-4c87-9073-a41b3e047562

This generated password is for development use only. Your security configuration must be updated before running your application in production.

2026-06-24 17:59:23 INFO  o.s.b.test.mock.web.SpringBootMockServletContext - Initializing Spring TestDispatcherServlet ''
2026-06-24 17:59:23 INFO  o.s.test.web.servlet.TestDispatcherServlet - Initializing Servlet ''
2026-06-24 17:59:23 INFO  o.s.test.web.servlet.TestDispatcherServlet - Completed initialization in 1 ms
2026-06-24 17:59:23 INFO  c.e.l.ProductoControllerTest - Started ProductoControllerTest in 1.638 seconds (process running for 2.669)
2026-06-24 17:59:23 INFO  c.e.l.controller.ProductoController - Recibiendo solicitud para buscar listado de productos.
2026-06-24 17:59:23 INFO  c.e.l.controller.ProductoController - Solicitud para buscar listado de productos.=> encontrado(s) y enlistado(s).
2026-06-24 18:00:09 INFO  c.e.l.ProductoControllerTest - Starting ProductoControllerTest using Java 21.0.11 with PID 25429 (started by apric in /run/media/apric/a0483016-93be-4d8d-b285-30d2ee3fccb7/GitHub/lbMarket/LibreriaMaketCatalogService/libreriaMarketCatalogService)
2026-06-24 18:00:09 DEBUG c.e.l.ProductoControllerTest - Running with Spring Boot v4.0.0, Spring v7.0.1
2026-06-24 18:00:09 INFO  c.e.l.ProductoControllerTest - The following 1 profile is active: "test"
2026-06-24 18:00:11 WARN  o.s.b.s.a.UserDetailsServiceAutoConfiguration - 

Using generated security password: 9cd3e4c2-686a-4e11-9beb-82e8ce69dedb

This generated password is for development use only. Your security configuration must be updated before running your application in production.

2026-06-24 18:00:11 INFO  o.s.b.test.mock.web.SpringBootMockServletContext - Initializing Spring TestDispatcherServlet ''
2026-06-24 18:00:11 INFO  o.s.test.web.servlet.TestDispatcherServlet - Initializing Servlet ''
2026-06-24 18:00:11 INFO  o.s.test.web.servlet.TestDispatcherServlet - Completed initialization in 2 ms
2026-06-24 18:00:11 INFO  c.e.l.ProductoControllerTest - Started ProductoControllerTest in 1.616 seconds (process running for 2.602)
2026-06-24 18:00:11 INFO  c.e.l.controller.ProductoController - Recibiendo solicitud para buscar listado de productos.
2026-06-24 18:00:11 INFO  c.e.l.controller.ProductoController - Solicitud para buscar listado de productos.=> sin coincidencias (vacío).
2026-06-24 18:02:50 INFO  c.e.l.ProductoControllerTest - Starting ProductoControllerTest using Java 21.0.11 with PID 25675 (started by apric in /run/media/apric/a0483016-93be-4d8d-b285-30d2ee3fccb7/GitHub/lbMarket/LibreriaMaketCatalogService/libreriaMarketCatalogService)
2026-06-24 18:02:50 DEBUG c.e.l.ProductoControllerTest - Running with Spring Boot v4.0.0, Spring v7.0.1
2026-06-24 18:02:50 INFO  c.e.l.ProductoControllerTest - The following 1 profile is active: "test"
2026-06-24 18:02:51 WARN  o.s.b.s.a.UserDetailsServiceAutoConfiguration - 

Using generated security password: 99b4b830-655f-48d3-87a0-6d49327cc5f2

This generated password is for development use only. Your security configuration must be updated before running your application in production.

2026-06-24 18:02:51 INFO  o.s.b.test.mock.web.SpringBootMockServletContext - Initializing Spring TestDispatcherServlet ''
2026-06-24 18:02:51 INFO  o.s.test.web.servlet.TestDispatcherServlet - Initializing Servlet ''
2026-06-24 18:02:51 INFO  o.s.test.web.servlet.TestDispatcherServlet - Completed initialization in 1 ms
2026-06-24 18:02:51 INFO  c.e.l.ProductoControllerTest - Started ProductoControllerTest in 1.612 seconds (process running for 2.681)
2026-06-24 18:03:11 INFO  c.e.l.ProductoControllerTest - Starting ProductoControllerTest using Java 21.0.11 with PID 25797 (started by apric in /run/media/apric/a0483016-93be-4d8d-b285-30d2ee3fccb7/GitHub/lbMarket/LibreriaMaketCatalogService/libreriaMarketCatalogService)
2026-06-24 18:03:11 DEBUG c.e.l.ProductoControllerTest - Running with Spring Boot v4.0.0, Spring v7.0.1
2026-06-24 18:03:11 INFO  c.e.l.ProductoControllerTest - The following 1 profile is active: "test"
2026-06-24 18:03:13 WARN  o.s.b.s.a.UserDetailsServiceAutoConfiguration - 

Using generated security password: 3aa37ff4-1235-4b68-aae3-2ee6c55b7776

This generated password is for development use only. Your security configuration must be updated before running your application in production.

2026-06-24 18:03:13 INFO  o.s.b.test.mock.web.SpringBootMockServletContext - Initializing Spring TestDispatcherServlet ''
2026-06-24 18:03:13 INFO  o.s.test.web.servlet.TestDispatcherServlet - Initializing Servlet ''
2026-06-24 18:03:13 INFO  o.s.test.web.servlet.TestDispatcherServlet - Completed initialization in 2 ms
2026-06-24 18:03:13 INFO  c.e.l.ProductoControllerTest - Started ProductoControllerTest in 1.646 seconds (process running for 2.655)
2026-06-24 18:03:13 INFO  c.e.l.controller.ProductoController - Recibiendo solicitud para buscar producto por ID: 3.
2026-06-24 18:03:13 INFO  c.e.l.controller.ProductoController - Solicitud para buscar producto por ID: 3.=> encontrado.
2026-06-24 18:03:36 INFO  c.e.l.ProductoControllerTest - Starting ProductoControllerTest using Java 21.0.11 with PID 25919 (started by apric in /run/media/apric/a0483016-93be-4d8d-b285-30d2ee3fccb7/GitHub/lbMarket/LibreriaMaketCatalogService/libreriaMarketCatalogService)
2026-06-24 18:03:36 DEBUG c.e.l.ProductoControllerTest - Running with Spring Boot v4.0.0, Spring v7.0.1
2026-06-24 18:03:36 INFO  c.e.l.ProductoControllerTest - The following 1 profile is active: "test"
2026-06-24 18:03:37 WARN  o.s.b.s.a.UserDetailsServiceAutoConfiguration - 

Using generated security password: 30553a9a-cd8d-4b38-aecc-c8e2f734f488

This generated password is for development use only. Your security configuration must be updated before running your application in production.

2026-06-24 18:03:37 INFO  o.s.b.test.mock.web.SpringBootMockServletContext - Initializing Spring TestDispatcherServlet ''
2026-06-24 18:03:37 INFO  o.s.test.web.servlet.TestDispatcherServlet - Initializing Servlet ''
2026-06-24 18:03:37 INFO  o.s.test.web.servlet.TestDispatcherServlet - Completed initialization in 1 ms
2026-06-24 18:03:37 INFO  c.e.l.ProductoControllerTest - Started ProductoControllerTest in 1.63 seconds (process running for 2.637)
2026-06-24 18:03:37 INFO  c.e.l.controller.ProductoController - Recibiendo solicitud para buscar producto por ID: 3.
2026-06-24 18:03:37 INFO  c.e.l.controller.ProductoController - Solicitud para buscar producto por ID: 3.=> encontrado.
2026-06-24 18:05:15 INFO  c.e.l.ProductoControllerTest - Starting ProductoControllerTest using Java 21.0.11 with PID 26137 (started by apric in /run/media/apric/a0483016-93be-4d8d-b285-30d2ee3fccb7/GitHub/lbMarket/LibreriaMaketCatalogService/libreriaMarketCatalogService)
2026-06-24 18:05:15 DEBUG c.e.l.ProductoControllerTest - Running with Spring Boot v4.0.0, Spring v7.0.1
2026-06-24 18:05:15 INFO  c.e.l.ProductoControllerTest - The following 1 profile is active: "test"
2026-06-24 18:05:16 WARN  o.s.b.s.a.UserDetailsServiceAutoConfiguration - 

Using generated security password: 8d809009-4b27-4f63-bbd6-c42992ca0c27

This generated password is for development use only. Your security configuration must be updated before running your application in production.

2026-06-24 18:05:16 INFO  o.s.b.test.mock.web.SpringBootMockServletContext - Initializing Spring TestDispatcherServlet ''
2026-06-24 18:05:16 INFO  o.s.test.web.servlet.TestDispatcherServlet - Initializing Servlet ''
2026-06-24 18:05:16 INFO  o.s.test.web.servlet.TestDispatcherServlet - Completed initialization in 2 ms
2026-06-24 18:05:16 INFO  c.e.l.ProductoControllerTest - Started ProductoControllerTest in 1.623 seconds (process running for 2.621)
2026-06-24 18:05:41 INFO  c.e.l.ProductoControllerTest - Starting ProductoControllerTest using Java 21.0.11 with PID 26264 (started by apric in /run/media/apric/a0483016-93be-4d8d-b285-30d2ee3fccb7/GitHub/lbMarket/LibreriaMaketCatalogService/libreriaMarketCatalogService)
2026-06-24 18:05:41 DEBUG c.e.l.ProductoControllerTest - Running with Spring Boot v4.0.0, Spring v7.0.1
2026-06-24 18:05:41 INFO  c.e.l.ProductoControllerTest - The following 1 profile is active: "test"
2026-06-24 18:05:42 WARN  o.s.b.s.a.UserDetailsServiceAutoConfiguration - 

Using generated security password: 04540351-035f-456b-b487-190527ce8770

This generated password is for development use only. Your security configuration must be updated before running your application in production.

2026-06-24 18:05:42 INFO  o.s.b.test.mock.web.SpringBootMockServletContext - Initializing Spring TestDispatcherServlet ''
2026-06-24 18:05:42 INFO  o.s.test.web.servlet.TestDispatcherServlet - Initializing Servlet ''
2026-06-24 18:05:42 INFO  o.s.test.web.servlet.TestDispatcherServlet - Completed initialization in 2 ms
2026-06-24 18:05:42 INFO  c.e.l.ProductoControllerTest - Started ProductoControllerTest in 1.631 seconds (process running for 2.647)
2026-06-24 18:05:42 INFO  c.e.l.controller.ProductoController - Recibiendo solicitud para buscar producto por ID: 3.
2026-06-24 18:06:32 INFO  c.e.l.ProductoControllerTest - Starting ProductoControllerTest using Java 21.0.11 with PID 26415 (started by apric in /run/media/apric/a0483016-93be-4d8d-b285-30d2ee3fccb7/GitHub/lbMarket/LibreriaMaketCatalogService/libreriaMarketCatalogService)
2026-06-24 18:06:32 DEBUG c.e.l.ProductoControllerTest - Running with Spring Boot v4.0.0, Spring v7.0.1
2026-06-24 18:06:32 INFO  c.e.l.ProductoControllerTest - The following 1 profile is active: "test"
2026-06-24 18:06:33 WARN  o.s.b.s.a.UserDetailsServiceAutoConfiguration - 

Using generated security password: 65531332-14c8-4270-a12c-54cb591d3b82

This generated password is for development use only. Your security configuration must be updated before running your application in production.

2026-06-24 18:06:33 INFO  o.s.b.test.mock.web.SpringBootMockServletContext - Initializing Spring TestDispatcherServlet ''
2026-06-24 18:06:33 INFO  o.s.test.web.servlet.TestDispatcherServlet - Initializing Servlet ''
2026-06-24 18:06:33 INFO  o.s.test.web.servlet.TestDispatcherServlet - Completed initialization in 2 ms
2026-06-24 18:06:33 INFO  c.e.l.ProductoControllerTest - Started ProductoControllerTest in 1.611 seconds (process running for 2.602)
2026-06-24 18:06:34 INFO  c.e.l.controller.ProductoController - Recibiendo solicitud para buscar producto por ID: 3.
2026-06-24 18:11:14 INFO  c.e.l.ProductoControllerTest - Starting ProductoControllerTest using Java 21.0.11 with PID 26779 (started by apric in /run/media/apric/a0483016-93be-4d8d-b285-30d2ee3fccb7/GitHub/lbMarket/LibreriaMaketCatalogService/libreriaMarketCatalogService)
2026-06-24 18:11:14 DEBUG c.e.l.ProductoControllerTest - Running with Spring Boot v4.0.0, Spring v7.0.1
2026-06-24 18:11:14 INFO  c.e.l.ProductoControllerTest - The following 1 profile is active: "test"
2026-06-24 18:11:15 WARN  o.s.b.s.a.UserDetailsServiceAutoConfiguration - 

Using generated security password: 817ce3b9-b1b9-410d-bfdf-1fcdb36d7c64

This generated password is for development use only. Your security configuration must be updated before running your application in production.

2026-06-24 18:11:15 INFO  o.s.b.test.mock.web.SpringBootMockServletContext - Initializing Spring TestDispatcherServlet ''
2026-06-24 18:11:15 INFO  o.s.test.web.servlet.TestDispatcherServlet - Initializing Servlet ''
2026-06-24 18:11:15 INFO  o.s.test.web.servlet.TestDispatcherServlet - Completed initialization in 1 ms
2026-06-24 18:11:15 INFO  c.e.l.ProductoControllerTest - Started ProductoControllerTest in 1.613 seconds (process running for 2.649)
2026-06-24 18:11:15 INFO  c.e.l.controller.ProductoController - Recibiendo solicitud para buscar producto por ID: 3.
2026-06-24 18:18:19 INFO  c.e.l.ProductoControllerTest - Starting ProductoControllerTest using Java 21.0.11 with PID 27295 (started by apric in /run/media/apric/a0483016-93be-4d8d-b285-30d2ee3fccb7/GitHub/lbMarket/LibreriaMaketCatalogService/libreriaMarketCatalogService)
2026-06-24 18:18:19 DEBUG c.e.l.ProductoControllerTest - Running with Spring Boot v4.0.0, Spring v7.0.1
2026-06-24 18:18:19 INFO  c.e.l.ProductoControllerTest - The following 1 profile is active: "test"
2026-06-24 18:18:20 WARN  o.s.b.s.a.UserDetailsServiceAutoConfiguration - 

Using generated security password: 2e544926-1491-4a43-b3f3-bd9ddde09069

This generated password is for development use only. Your security configuration must be updated before running your application in production.

2026-06-24 18:18:20 INFO  o.s.b.test.mock.web.SpringBootMockServletContext - Initializing Spring TestDispatcherServlet ''
2026-06-24 18:18:20 INFO  o.s.test.web.servlet.TestDispatcherServlet - Initializing Servlet ''
2026-06-24 18:18:20 INFO  o.s.test.web.servlet.TestDispatcherServlet - Completed initialization in 1 ms
2026-06-24 18:18:20 INFO  c.e.l.ProductoControllerTest - Started ProductoControllerTest in 1.626 seconds (process running for 2.682)
2026-06-24 18:18:20 INFO  c.e.l.controller.ProductoController - Recibiendo solicitud para buscar producto por ID: 3.
2026-06-24 18:24:34 INFO  c.e.l.ProductoControllerTest - Starting ProductoControllerTest using Java 21.0.11 with PID 27799 (started by apric in /run/media/apric/a0483016-93be-4d8d-b285-30d2ee3fccb7/GitHub/lbMarket/LibreriaMaketCatalogService/libreriaMarketCatalogService)
2026-06-24 18:24:34 DEBUG c.e.l.ProductoControllerTest - Running with Spring Boot v4.0.0, Spring v7.0.1
2026-06-24 18:24:34 INFO  c.e.l.ProductoControllerTest - The following 1 profile is active: "test"
2026-06-24 18:24:35 WARN  o.s.b.s.a.UserDetailsServiceAutoConfiguration - 

Using generated security password: c535bf5e-b9be-4320-b031-7cc24bf9b444

This generated password is for development use only. Your security configuration must be updated before running your application in production.

2026-06-24 18:24:35 INFO  o.s.b.test.mock.web.SpringBootMockServletContext - Initializing Spring TestDispatcherServlet ''
2026-06-24 18:24:35 INFO  o.s.test.web.servlet.TestDispatcherServlet - Initializing Servlet ''
2026-06-24 18:24:35 INFO  o.s.test.web.servlet.TestDispatcherServlet - Completed initialization in 2 ms
2026-06-24 18:24:35 INFO  c.e.l.ProductoControllerTest - Started ProductoControllerTest in 1.707 seconds (process running for 2.74)
2026-06-24 18:24:35 INFO  c.e.l.controller.ProductoController - Recibiendo solicitud para crear/guardar producto.
2026-06-24 18:24:35 INFO  c.e.l.controller.ProductoController - Solicitud para crear/guardar producto.=> creado con ID Producto: 3, ID Producto: Java for Dummies, Titulo: Terry A. Burd, Autor: Wiley, Editorial: Programación, Categoria: 2022, Anio Publicacion: 978-111-98-6164-5, ISBN: desc, Descripcion: 1, ID Proveedor: Distribuidora Libros, Nombre Proveedor: {}
2026-06-24 18:27:11 INFO  c.e.l.ProductoControllerTest - Starting ProductoControllerTest using Java 21.0.11 with PID 28065 (started by apric in /run/media/apric/a0483016-93be-4d8d-b285-30d2ee3fccb7/GitHub/lbMarket/LibreriaMaketCatalogService/libreriaMarketCatalogService)
2026-06-24 18:27:11 DEBUG c.e.l.ProductoControllerTest - Running with Spring Boot v4.0.0, Spring v7.0.1
2026-06-24 18:27:11 INFO  c.e.l.ProductoControllerTest - The following 1 profile is active: "test"
2026-06-24 18:27:12 WARN  o.s.b.s.a.UserDetailsServiceAutoConfiguration - 

Using generated security password: 5400f2ce-2994-4961-8367-adc37fef5e17

This generated password is for development use only. Your security configuration must be updated before running your application in production.

2026-06-24 18:27:12 INFO  o.s.b.test.mock.web.SpringBootMockServletContext - Initializing Spring TestDispatcherServlet ''
2026-06-24 18:27:12 INFO  o.s.test.web.servlet.TestDispatcherServlet - Initializing Servlet ''
2026-06-24 18:27:12 INFO  o.s.test.web.servlet.TestDispatcherServlet - Completed initialization in 1 ms
2026-06-24 18:27:12 INFO  c.e.l.ProductoControllerTest - Started ProductoControllerTest in 1.61 seconds (process running for 2.617)
2026-06-24 18:29:04 INFO  c.e.l.ProductoControllerTest - Starting ProductoControllerTest using Java 21.0.11 with PID 28293 (started by apric in /run/media/apric/a0483016-93be-4d8d-b285-30d2ee3fccb7/GitHub/lbMarket/LibreriaMaketCatalogService/libreriaMarketCatalogService)
2026-06-24 18:29:04 DEBUG c.e.l.ProductoControllerTest - Running with Spring Boot v4.0.0, Spring v7.0.1
2026-06-24 18:29:04 INFO  c.e.l.ProductoControllerTest - The following 1 profile is active: "test"
2026-06-24 18:29:06 WARN  o.s.b.s.a.UserDetailsServiceAutoConfiguration - 

Using generated security password: 781aa7de-4b6c-48bc-9933-d564600b3333

This generated password is for development use only. Your security configuration must be updated before running your application in production.

2026-06-24 18:29:06 INFO  o.s.b.test.mock.web.SpringBootMockServletContext - Initializing Spring TestDispatcherServlet ''
2026-06-24 18:29:06 INFO  o.s.test.web.servlet.TestDispatcherServlet - Initializing Servlet ''
2026-06-24 18:29:06 INFO  o.s.test.web.servlet.TestDispatcherServlet - Completed initialization in 1 ms
2026-06-24 18:29:06 INFO  c.e.l.ProductoControllerTest - Started ProductoControllerTest in 1.613 seconds (process running for 2.634)
2026-06-24 18:29:06 INFO  c.e.l.controller.ProductoController - Recibiendo solicitud para crear/guardar producto.
2026-06-24 18:29:42 INFO  c.e.l.ProductoControllerTest - Starting ProductoControllerTest using Java 21.0.11 with PID 28542 (started by apric in /run/media/apric/a0483016-93be-4d8d-b285-30d2ee3fccb7/GitHub/lbMarket/LibreriaMaketCatalogService/libreriaMarketCatalogService)
2026-06-24 18:29:42 DEBUG c.e.l.ProductoControllerTest - Running with Spring Boot v4.0.0, Spring v7.0.1
2026-06-24 18:29:42 INFO  c.e.l.ProductoControllerTest - The following 1 profile is active: "test"
2026-06-24 18:29:43 WARN  o.s.b.s.a.UserDetailsServiceAutoConfiguration - 

Using generated security password: 4acb1c38-5a00-4c8e-b3cd-2ad8422f7f1e

This generated password is for development use only. Your security configuration must be updated before running your application in production.

2026-06-24 18:29:43 INFO  o.s.b.test.mock.web.SpringBootMockServletContext - Initializing Spring TestDispatcherServlet ''
2026-06-24 18:29:43 INFO  o.s.test.web.servlet.TestDispatcherServlet - Initializing Servlet ''
2026-06-24 18:29:43 INFO  o.s.test.web.servlet.TestDispatcherServlet - Completed initialization in 1 ms
2026-06-24 18:29:43 INFO  c.e.l.ProductoControllerTest - Started ProductoControllerTest in 1.669 seconds (process running for 2.698)
2026-06-24 18:29:43 INFO  c.e.l.controller.ProductoController - Recibiendo solicitud para crear/guardar producto.
2026-06-24 18:31:57 INFO  c.e.l.ProductoControllerTest - Starting ProductoControllerTest using Java 21.0.11 with PID 28834 (started by apric in /run/media/apric/a0483016-93be-4d8d-b285-30d2ee3fccb7/GitHub/lbMarket/LibreriaMaketCatalogService/libreriaMarketCatalogService)
2026-06-24 18:31:57 DEBUG c.e.l.ProductoControllerTest - Running with Spring Boot v4.0.0, Spring v7.0.1
2026-06-24 18:31:57 INFO  c.e.l.ProductoControllerTest - The following 1 profile is active: "test"
2026-06-24 18:31:59 WARN  o.s.b.s.a.UserDetailsServiceAutoConfiguration - 

Using generated security password: e6443c99-d5e7-4a92-a8c2-185e16bade83

This generated password is for development use only. Your security configuration must be updated before running your application in production.

2026-06-24 18:31:59 INFO  o.s.b.test.mock.web.SpringBootMockServletContext - Initializing Spring TestDispatcherServlet ''
2026-06-24 18:31:59 INFO  o.s.test.web.servlet.TestDispatcherServlet - Initializing Servlet ''
2026-06-24 18:31:59 INFO  o.s.test.web.servlet.TestDispatcherServlet - Completed initialization in 1 ms
2026-06-24 18:31:59 INFO  c.e.l.ProductoControllerTest - Started ProductoControllerTest in 1.641 seconds (process running for 2.66)
2026-06-24 18:31:59 INFO  c.e.l.controller.ProductoController - Recibiendo solicitud para crear/guardar producto.
2026-06-24 18:32:10 INFO  c.e.l.ProductoControllerTest - Starting ProductoControllerTest using Java 21.0.11 with PID 28951 (started by apric in /run/media/apric/a0483016-93be-4d8d-b285-30d2ee3fccb7/GitHub/lbMarket/LibreriaMaketCatalogService/libreriaMarketCatalogService)
2026-06-24 18:32:10 DEBUG c.e.l.ProductoControllerTest - Running with Spring Boot v4.0.0, Spring v7.0.1
2026-06-24 18:32:10 INFO  c.e.l.ProductoControllerTest - The following 1 profile is active: "test"
2026-06-24 18:32:12 WARN  o.s.b.s.a.UserDetailsServiceAutoConfiguration - 

Using generated security password: cf5d31af-08d8-46bc-aec9-f97b640f945e

This generated password is for development use only. Your security configuration must be updated before running your application in production.

2026-06-24 18:32:12 INFO  o.s.b.test.mock.web.SpringBootMockServletContext - Initializing Spring TestDispatcherServlet ''
2026-06-24 18:32:12 INFO  o.s.test.web.servlet.TestDispatcherServlet - Initializing Servlet ''
2026-06-24 18:32:12 INFO  o.s.test.web.servlet.TestDispatcherServlet - Completed initialization in 1 ms
2026-06-24 18:32:12 INFO  c.e.l.ProductoControllerTest - Started ProductoControllerTest in 1.973 seconds (process running for 3.093)
2026-06-24 18:32:12 INFO  c.e.l.controller.ProductoController - Recibiendo solicitud para crear/guardar producto.
2026-06-24 18:32:12 INFO  c.e.l.controller.ProductoController - Recibiendo solicitud para buscar listado de productos.
2026-06-24 18:32:12 INFO  c.e.l.controller.ProductoController - Solicitud para buscar listado de productos.=> encontrado(s) y enlistado(s).
2026-06-24 18:32:12 INFO  c.e.l.controller.ProductoController - Recibiendo solicitud para buscar listado de productos.
2026-06-24 18:32:12 INFO  c.e.l.controller.ProductoController - Solicitud para buscar listado de productos.=> sin coincidencias (vacío).
2026-06-24 18:32:12 INFO  c.e.l.controller.ProductoController - Recibiendo solicitud para crear/guardar producto.
2026-06-24 18:32:12 INFO  c.e.l.controller.ProductoController - Solicitud para crear/guardar producto.=> creado con ID Producto: 3, ID Producto: Java for Dummies, Titulo: Terry A. Burd, Autor: Wiley, Editorial: Programación, Categoria: 2022, Anio Publicacion: 978-111-98-6164-5, ISBN: desc, Descripcion: 1, ID Proveedor: Distribuidora Libros, Nombre Proveedor: {}
2026-06-24 18:32:12 INFO  c.e.l.controller.ProductoController - Recibiendo solicitud para buscar producto por ID: 3.
2026-06-24 18:32:12 INFO  c.e.l.controller.ProductoController - Recibiendo solicitud para buscar producto por ID: 3.
2026-06-24 18:32:12 INFO  c.e.l.controller.ProductoController - Solicitud para buscar producto por ID: 3.=> encontrado.
2026-06-24 18:32:12 INFO  c.e.l.controller.ProductoController - Recibiendo solicitud para crear/guardar producto.
2026-06-24 18:37:27 INFO  c.e.l.ProductoControllerTest - Starting ProductoControllerTest using Java 21.0.11 with PID 29384 (started by apric in /run/media/apric/a0483016-93be-4d8d-b285-30d2ee3fccb7/GitHub/lbMarket/LibreriaMaketCatalogService/libreriaMarketCatalogService)
2026-06-24 18:37:27 DEBUG c.e.l.ProductoControllerTest - Running with Spring Boot v4.0.0, Spring v7.0.1
2026-06-24 18:37:27 INFO  c.e.l.ProductoControllerTest - The following 1 profile is active: "test"
2026-06-24 18:37:28 WARN  o.s.b.s.a.UserDetailsServiceAutoConfiguration - 

Using generated security password: 3dddc754-a47c-4da1-82a8-d86d13c360f8

This generated password is for development use only. Your security configuration must be updated before running your application in production.

2026-06-24 18:37:28 INFO  o.s.b.test.mock.web.SpringBootMockServletContext - Initializing Spring TestDispatcherServlet ''
2026-06-24 18:37:28 INFO  o.s.test.web.servlet.TestDispatcherServlet - Initializing Servlet ''
2026-06-24 18:37:28 INFO  o.s.test.web.servlet.TestDispatcherServlet - Completed initialization in 1 ms
2026-06-24 18:37:28 INFO  c.e.l.ProductoControllerTest - Started ProductoControllerTest in 1.642 seconds (process running for 2.636)
2026-06-24 18:39:12 INFO  c.e.l.ProductoControllerTest - Starting ProductoControllerTest using Java 21.0.11 with PID 29594 (started by apric in /run/media/apric/a0483016-93be-4d8d-b285-30d2ee3fccb7/GitHub/lbMarket/LibreriaMaketCatalogService/libreriaMarketCatalogService)
2026-06-24 18:39:12 DEBUG c.e.l.ProductoControllerTest - Running with Spring Boot v4.0.0, Spring v7.0.1
2026-06-24 18:39:12 INFO  c.e.l.ProductoControllerTest - The following 1 profile is active: "test"
2026-06-24 18:39:13 WARN  o.s.b.s.a.UserDetailsServiceAutoConfiguration - 

Using generated security password: f80ef316-4a5c-4ce1-8591-e91398ad72c9

This generated password is for development use only. Your security configuration must be updated before running your application in production.

2026-06-24 18:39:14 INFO  o.s.b.test.mock.web.SpringBootMockServletContext - Initializing Spring TestDispatcherServlet ''
2026-06-24 18:39:14 INFO  o.s.test.web.servlet.TestDispatcherServlet - Initializing Servlet ''
2026-06-24 18:39:14 INFO  o.s.test.web.servlet.TestDispatcherServlet - Completed initialization in 1 ms
2026-06-24 18:39:14 INFO  c.e.l.ProductoControllerTest - Started ProductoControllerTest in 1.617 seconds (process running for 2.635)
2026-06-24 18:39:59 INFO  c.e.l.ProductoControllerTest - Starting ProductoControllerTest using Java 21.0.11 with PID 29734 (started by apric in /run/media/apric/a0483016-93be-4d8d-b285-30d2ee3fccb7/GitHub/lbMarket/LibreriaMaketCatalogService/libreriaMarketCatalogService)
2026-06-24 18:39:59 DEBUG c.e.l.ProductoControllerTest - Running with Spring Boot v4.0.0, Spring v7.0.1
2026-06-24 18:39:59 INFO  c.e.l.ProductoControllerTest - The following 1 profile is active: "test"
2026-06-24 18:40:01 WARN  o.s.b.s.a.UserDetailsServiceAutoConfiguration - 

Using generated security password: fbad728a-883a-423f-a445-50cd48c02965

This generated password is for development use only. Your security configuration must be updated before running your application in production.

2026-06-24 18:40:01 INFO  o.s.b.test.mock.web.SpringBootMockServletContext - Initializing Spring TestDispatcherServlet ''
2026-06-24 18:40:01 INFO  o.s.test.web.servlet.TestDispatcherServlet - Initializing Servlet ''
2026-06-24 18:40:01 INFO  o.s.test.web.servlet.TestDispatcherServlet - Completed initialization in 2 ms
2026-06-24 18:40:01 INFO  c.e.l.ProductoControllerTest - Started ProductoControllerTest in 1.631 seconds (process running for 2.658)
2026-06-24 18:40:01 INFO  c.e.l.controller.ProductoController - Recibiendo solicitud para actualizar producto con ID: 3.
2026-06-24 18:40:01 INFO  c.e.l.controller.ProductoController - Solicitud para actualizar producto con ID: 3. => actualizado.
2026-06-24 18:40:19 INFO  c.e.l.ProductoControllerTest - Starting ProductoControllerTest using Java 21.0.11 with PID 29870 (started by apric in /run/media/apric/a0483016-93be-4d8d-b285-30d2ee3fccb7/GitHub/lbMarket/LibreriaMaketCatalogService/libreriaMarketCatalogService)
2026-06-24 18:40:19 DEBUG c.e.l.ProductoControllerTest - Running with Spring Boot v4.0.0, Spring v7.0.1
2026-06-24 18:40:19 INFO  c.e.l.ProductoControllerTest - The following 1 profile is active: "test"
2026-06-24 18:40:20 WARN  o.s.b.s.a.UserDetailsServiceAutoConfiguration - 

Using generated security password: 8c556eae-c7c3-439a-b479-a740676755e5

This generated password is for development use only. Your security configuration must be updated before running your application in production.

2026-06-24 18:40:20 INFO  o.s.b.test.mock.web.SpringBootMockServletContext - Initializing Spring TestDispatcherServlet ''
2026-06-24 18:40:20 INFO  o.s.test.web.servlet.TestDispatcherServlet - Initializing Servlet ''
2026-06-24 18:40:20 INFO  o.s.test.web.servlet.TestDispatcherServlet - Completed initialization in 2 ms
2026-06-24 18:40:20 INFO  c.e.l.ProductoControllerTest - Started ProductoControllerTest in 1.618 seconds (process running for 2.656)
2026-06-24 18:40:20 INFO  c.e.l.controller.ProductoController - Recibiendo solicitud para actualizar producto con ID: 3.
2026-06-24 18:40:20 INFO  c.e.l.controller.ProductoController - Solicitud para actualizar producto con ID: 3. => actualizado.
2026-06-24 18:42:21 INFO  c.e.l.ProductoControllerTest - Starting ProductoControllerTest using Java 21.0.11 with PID 30090 (started by apric in /run/media/apric/a0483016-93be-4d8d-b285-30d2ee3fccb7/GitHub/lbMarket/LibreriaMaketCatalogService/libreriaMarketCatalogService)
2026-06-24 18:42:21 DEBUG c.e.l.ProductoControllerTest - Running with Spring Boot v4.0.0, Spring v7.0.1
2026-06-24 18:42:21 INFO  c.e.l.ProductoControllerTest - The following 1 profile is active: "test"
2026-06-24 18:42:22 WARN  o.s.b.s.a.UserDetailsServiceAutoConfiguration - 

Using generated security password: af67a4a4-d9f1-4847-b7ba-95d04fa7c44c

This generated password is for development use only. Your security configuration must be updated before running your application in production.

2026-06-24 18:42:23 INFO  o.s.b.test.mock.web.SpringBootMockServletContext - Initializing Spring TestDispatcherServlet ''
2026-06-24 18:42:23 INFO  o.s.test.web.servlet.TestDispatcherServlet - Initializing Servlet ''
2026-06-24 18:42:23 INFO  o.s.test.web.servlet.TestDispatcherServlet - Completed initialization in 1 ms
2026-06-24 18:42:23 INFO  c.e.l.ProductoControllerTest - Started ProductoControllerTest in 1.637 seconds (process running for 2.608)
2026-06-24 18:42:23 INFO  c.e.l.controller.ProductoController - Recibiendo solicitud para actualizar producto con ID: 3.
2026-06-24 18:43:19 INFO  c.e.l.ProductoControllerTest - Starting ProductoControllerTest using Java 21.0.11 with PID 30241 (started by apric in /run/media/apric/a0483016-93be-4d8d-b285-30d2ee3fccb7/GitHub/lbMarket/LibreriaMaketCatalogService/libreriaMarketCatalogService)
2026-06-24 18:43:19 DEBUG c.e.l.ProductoControllerTest - Running with Spring Boot v4.0.0, Spring v7.0.1
2026-06-24 18:43:19 INFO  c.e.l.ProductoControllerTest - The following 1 profile is active: "test"
2026-06-24 18:43:20 WARN  o.s.b.s.a.UserDetailsServiceAutoConfiguration - 

Using generated security password: 92a6fb49-aadb-43c6-b2b0-5cc2b0c033e4

This generated password is for development use only. Your security configuration must be updated before running your application in production.

2026-06-24 18:43:20 INFO  o.s.b.test.mock.web.SpringBootMockServletContext - Initializing Spring TestDispatcherServlet ''
2026-06-24 18:43:20 INFO  o.s.test.web.servlet.TestDispatcherServlet - Initializing Servlet ''
2026-06-24 18:43:20 INFO  o.s.test.web.servlet.TestDispatcherServlet - Completed initialization in 2 ms
2026-06-24 18:43:20 INFO  c.e.l.ProductoControllerTest - Started ProductoControllerTest in 1.609 seconds (process running for 2.661)
2026-06-24 18:43:20 INFO  c.e.l.controller.ProductoController - Recibiendo solicitud para actualizar producto con ID: 3.
2026-06-24 18:44:44 INFO  c.e.l.ProductoControllerTest - Starting ProductoControllerTest using Java 21.0.11 with PID 30409 (started by apric in /run/media/apric/a0483016-93be-4d8d-b285-30d2ee3fccb7/GitHub/lbMarket/LibreriaMaketCatalogService/libreriaMarketCatalogService)
2026-06-24 18:44:44 DEBUG c.e.l.ProductoControllerTest - Running with Spring Boot v4.0.0, Spring v7.0.1
2026-06-24 18:44:44 INFO  c.e.l.ProductoControllerTest - The following 1 profile is active: "test"
2026-06-24 18:44:45 WARN  o.s.b.s.a.UserDetailsServiceAutoConfiguration - 

Using generated security password: 6df46a52-114e-4b23-b9a6-6cbf23f3838d

This generated password is for development use only. Your security configuration must be updated before running your application in production.

2026-06-24 18:44:45 INFO  o.s.b.test.mock.web.SpringBootMockServletContext - Initializing Spring TestDispatcherServlet ''
2026-06-24 18:44:45 INFO  o.s.test.web.servlet.TestDispatcherServlet - Initializing Servlet ''
2026-06-24 18:44:45 INFO  o.s.test.web.servlet.TestDispatcherServlet - Completed initialization in 1 ms
2026-06-24 18:44:45 INFO  c.e.l.ProductoControllerTest - Started ProductoControllerTest in 1.617 seconds (process running for 2.634)
2026-06-24 18:44:45 INFO  c.e.l.controller.ProductoController - Recibiendo solicitud para actualizar producto con ID: 3.
2026-06-24 18:46:34 INFO  c.e.l.ProductoControllerTest - Starting ProductoControllerTest using Java 21.0.11 with PID 30660 (started by apric in /run/media/apric/a0483016-93be-4d8d-b285-30d2ee3fccb7/GitHub/lbMarket/LibreriaMaketCatalogService/libreriaMarketCatalogService)
2026-06-24 18:46:34 DEBUG c.e.l.ProductoControllerTest - Running with Spring Boot v4.0.0, Spring v7.0.1
2026-06-24 18:46:34 INFO  c.e.l.ProductoControllerTest - The following 1 profile is active: "test"
2026-06-24 18:46:36 WARN  o.s.b.s.a.UserDetailsServiceAutoConfiguration - 

Using generated security password: c7431da6-f653-471e-afb4-829d62dba711

This generated password is for development use only. Your security configuration must be updated before running your application in production.

2026-06-24 18:46:36 INFO  o.s.b.test.mock.web.SpringBootMockServletContext - Initializing Spring TestDispatcherServlet ''
2026-06-24 18:46:36 INFO  o.s.test.web.servlet.TestDispatcherServlet - Initializing Servlet ''
2026-06-24 18:46:36 INFO  o.s.test.web.servlet.TestDispatcherServlet - Completed initialization in 1 ms
2026-06-24 18:46:36 INFO  c.e.l.ProductoControllerTest - Started ProductoControllerTest in 1.672 seconds (process running for 2.645)
2026-06-24 18:46:36 INFO  c.e.l.controller.ProductoController - Recibiendo solicitud para borrar producto con ID: 3.
2026-06-24 18:46:36 INFO  c.e.l.controller.ProductoController - Solicitud para borrar producto con ID: 3. => encontrado y borrado.
2026-06-24 18:48:07 INFO  c.e.l.ProductoControllerTest - Starting ProductoControllerTest using Java 21.0.11 with PID 30844 (started by apric in /run/media/apric/a0483016-93be-4d8d-b285-30d2ee3fccb7/GitHub/lbMarket/LibreriaMaketCatalogService/libreriaMarketCatalogService)
2026-06-24 18:48:07 DEBUG c.e.l.ProductoControllerTest - Running with Spring Boot v4.0.0, Spring v7.0.1
2026-06-24 18:48:07 INFO  c.e.l.ProductoControllerTest - The following 1 profile is active: "test"
2026-06-24 18:48:08 WARN  o.s.b.s.a.UserDetailsServiceAutoConfiguration - 

Using generated security password: fe37bb60-bc53-4d91-bbac-ccf03c85eed2

This generated password is for development use only. Your security configuration must be updated before running your application in production.

2026-06-24 18:48:08 INFO  o.s.b.test.mock.web.SpringBootMockServletContext - Initializing Spring TestDispatcherServlet ''
2026-06-24 18:48:08 INFO  o.s.test.web.servlet.TestDispatcherServlet - Initializing Servlet ''
2026-06-24 18:48:08 INFO  o.s.test.web.servlet.TestDispatcherServlet - Completed initialization in 2 ms
2026-06-24 18:48:08 INFO  c.e.l.ProductoControllerTest - Started ProductoControllerTest in 1.623 seconds (process running for 2.642)
2026-06-24 18:48:09 INFO  c.e.l.controller.ProductoController - Recibiendo solicitud para borrar producto con ID: 3.
2026-06-24 18:49:19 INFO  c.e.l.ProductoControllerTest - Starting ProductoControllerTest using Java 21.0.11 with PID 30994 (started by apric in /run/media/apric/a0483016-93be-4d8d-b285-30d2ee3fccb7/GitHub/lbMarket/LibreriaMaketCatalogService/libreriaMarketCatalogService)
2026-06-24 18:49:19 DEBUG c.e.l.ProductoControllerTest - Running with Spring Boot v4.0.0, Spring v7.0.1
2026-06-24 18:49:19 INFO  c.e.l.ProductoControllerTest - The following 1 profile is active: "test"
2026-06-24 18:49:20 WARN  o.s.b.s.a.UserDetailsServiceAutoConfiguration - 

Using generated security password: 131b83e6-4bec-4a98-be0f-f744e68cf42c

This generated password is for development use only. Your security configuration must be updated before running your application in production.

2026-06-24 18:49:20 INFO  o.s.b.test.mock.web.SpringBootMockServletContext - Initializing Spring TestDispatcherServlet ''
2026-06-24 18:49:20 INFO  o.s.test.web.servlet.TestDispatcherServlet - Initializing Servlet ''
2026-06-24 18:49:20 INFO  o.s.test.web.servlet.TestDispatcherServlet - Completed initialization in 2 ms
2026-06-24 18:49:20 INFO  c.e.l.ProductoControllerTest - Started ProductoControllerTest in 1.627 seconds (process running for 2.664)
2026-06-24 18:49:20 INFO  c.e.l.controller.ProductoController - Recibiendo solicitud para borrar producto con ID: 3.
2026-06-24 18:49:40 INFO  c.e.l.ProductoControllerTest - Starting ProductoControllerTest using Java 21.0.11 with PID 31118 (started by apric in /run/media/apric/a0483016-93be-4d8d-b285-30d2ee3fccb7/GitHub/lbMarket/LibreriaMaketCatalogService/libreriaMarketCatalogService)
2026-06-24 18:49:40 DEBUG c.e.l.ProductoControllerTest - Running with Spring Boot v4.0.0, Spring v7.0.1
2026-06-24 18:49:40 INFO  c.e.l.ProductoControllerTest - The following 1 profile is active: "test"
2026-06-24 18:49:42 WARN  o.s.b.s.a.UserDetailsServiceAutoConfiguration - 

Using generated security password: e769a185-9f25-4598-b834-308f9bc8fafc

This generated password is for development use only. Your security configuration must be updated before running your application in production.

2026-06-24 18:49:42 INFO  o.s.b.test.mock.web.SpringBootMockServletContext - Initializing Spring TestDispatcherServlet ''
2026-06-24 18:49:42 INFO  o.s.test.web.servlet.TestDispatcherServlet - Initializing Servlet ''
2026-06-24 18:49:42 INFO  o.s.test.web.servlet.TestDispatcherServlet - Completed initialization in 2 ms
2026-06-24 18:49:42 INFO  c.e.l.ProductoControllerTest - Started ProductoControllerTest in 1.638 seconds (process running for 2.668)
2026-06-24 18:49:42 INFO  c.e.l.controller.ProductoController - Recibiendo solicitud para borrar producto con ID: 3.
2026-06-24 18:52:22 INFO  c.e.l.ProductoControllerTest - Starting ProductoControllerTest using Java 21.0.11 with PID 31490 (started by apric in /run/media/apric/a0483016-93be-4d8d-b285-30d2ee3fccb7/GitHub/lbMarket/LibreriaMaketCatalogService/libreriaMarketCatalogService)
2026-06-24 18:52:22 DEBUG c.e.l.ProductoControllerTest - Running with Spring Boot v4.0.0, Spring v7.0.1
2026-06-24 18:52:22 INFO  c.e.l.ProductoControllerTest - The following 1 profile is active: "test"
2026-06-24 18:52:24 WARN  o.s.b.s.a.UserDetailsServiceAutoConfiguration - 

Using generated security password: 2501f2e3-3471-4c53-b61e-0f7634ef4df0

This generated password is for development use only. Your security configuration must be updated before running your application in production.

2026-06-24 18:52:24 INFO  o.s.b.test.mock.web.SpringBootMockServletContext - Initializing Spring TestDispatcherServlet ''
2026-06-24 18:52:24 INFO  o.s.test.web.servlet.TestDispatcherServlet - Initializing Servlet ''
2026-06-24 18:52:24 INFO  o.s.test.web.servlet.TestDispatcherServlet - Completed initialization in 1 ms
2026-06-24 18:52:24 INFO  c.e.l.ProductoControllerTest - Started ProductoControllerTest in 1.913 seconds (process running for 2.954)
2026-06-24 18:52:24 INFO  c.e.l.controller.ProductoController - Recibiendo solicitud para crear/guardar producto.
2026-06-24 18:52:24 INFO  c.e.l.controller.ProductoController - Recibiendo solicitud para actualizar producto con ID: 3.
2026-06-24 18:52:24 INFO  c.e.l.controller.ProductoController - Recibiendo solicitud para actualizar producto con ID: 3.
2026-06-24 18:52:24 INFO  c.e.l.controller.ProductoController - Recibiendo solicitud para borrar producto con ID: 3.
2026-06-24 18:52:24 INFO  c.e.l.controller.ProductoController - Recibiendo solicitud para buscar listado de productos.
2026-06-24 18:52:24 INFO  c.e.l.controller.ProductoController - Solicitud para buscar listado de productos.=> encontrado(s) y enlistado(s).
2026-06-24 18:52:24 INFO  c.e.l.controller.ProductoController - Recibiendo solicitud para buscar listado de productos.
2026-06-24 18:52:24 INFO  c.e.l.controller.ProductoController - Solicitud para buscar listado de productos.=> sin coincidencias (vacío).
2026-06-24 18:52:24 INFO  c.e.l.controller.ProductoController - Recibiendo solicitud para actualizar producto con ID: 3.
2026-06-24 18:52:24 INFO  c.e.l.controller.ProductoController - Solicitud para actualizar producto con ID: 3. => actualizado.
2026-06-24 18:52:24 INFO  c.e.l.controller.ProductoController - Recibiendo solicitud para crear/guardar producto.
2026-06-24 18:52:24 INFO  c.e.l.controller.ProductoController - Solicitud para crear/guardar producto.=> creado con ID Producto: 3, ID Producto: Java for Dummies, Titulo: Terry A. Burd, Autor: Wiley, Editorial: Programación, Categoria: 2022, Anio Publicacion: 978-111-98-6164-5, ISBN: desc, Descripcion: 1, ID Proveedor: Distribuidora Libros, Nombre Proveedor: {}
2026-06-24 18:52:24 INFO  c.e.l.controller.ProductoController - Recibiendo solicitud para borrar producto con ID: 3.
2026-06-24 18:52:24 INFO  c.e.l.controller.ProductoController - Solicitud para borrar producto con ID: 3. => encontrado y borrado.
2026-06-24 18:52:24 INFO  c.e.l.controller.ProductoController - Recibiendo solicitud para buscar producto por ID: 3.
2026-06-24 18:52:24 INFO  c.e.l.controller.ProductoController - Recibiendo solicitud para buscar producto por ID: 3.
2026-06-24 18:52:24 INFO  c.e.l.controller.ProductoController - Solicitud para buscar producto por ID: 3.=> encontrado.
2026-06-24 18:52:24 INFO  c.e.l.controller.ProductoController - Recibiendo solicitud para crear/guardar producto.
2026-06-24 18:52:24 INFO  c.e.l.controller.ProductoController - Recibiendo solicitud para actualizar producto con ID: 3.
2026-06-24 19:39:15 INFO  c.e.l.ProveedorServiceTest - Starting ProveedorServiceTest using Java 21.0.11 with PID 35313 (started by apric in /run/media/apric/a0483016-93be-4d8d-b285-30d2ee3fccb7/GitHub/lbMarket/LibreriaMaketCatalogService/libreriaMarketCatalogService)
2026-06-24 19:39:15 DEBUG c.e.l.ProveedorServiceTest - Running with Spring Boot v4.0.0, Spring v7.0.1
2026-06-24 19:39:15 INFO  c.e.l.ProveedorServiceTest - The following 1 profile is active: "test"
2026-06-24 19:39:15 INFO  o.s.d.r.config.RepositoryConfigurationDelegate - Bootstrapping Spring Data JPA repositories in DEFAULT mode.
2026-06-24 19:39:15 INFO  o.s.d.r.config.RepositoryConfigurationDelegate - Finished Spring Data repository scanning in 95 ms. Found 2 JPA repository interfaces.
2026-06-24 19:39:16 INFO  o.springframework.cloud.context.scope.GenericScope - BeanFactory id=e80de23b-229b-306e-8490-0734d61a73db
2026-06-24 19:39:17 INFO  com.zaxxer.hikari.HikariDataSource - HikariPool-1 - Starting...
2026-06-24 19:39:17 INFO  com.zaxxer.hikari.pool.HikariPool - HikariPool-1 - Added connection com.mysql.cj.jdbc.ConnectionImpl@57466fb7
2026-06-24 19:39:17 INFO  com.zaxxer.hikari.HikariDataSource - HikariPool-1 - Start completed.
2026-06-24 19:39:17 INFO  org.flywaydb.core.FlywayExecutor - Database: jdbc:mysql://localhost:3306/catalog_db (MySQL 12.3)
2026-06-24 19:39:17 WARN  org.flywaydb.core.internal.database.base.Database - Using MariaDB 12.3 which is newer than the version Flyway has been verified with. The latest verified version of MariaDB is 11.7.
2026-06-24 19:39:17 INFO  org.flywaydb.core.internal.command.DbValidate - Successfully validated 3 migrations (execution time 00:00.027s)
2026-06-24 19:39:17 INFO  org.flywaydb.core.internal.command.DbMigrate - Current version of schema `catalog_db`: 3
2026-06-24 19:39:17 INFO  org.flywaydb.core.internal.command.DbMigrate - Schema `catalog_db` is up to date. No migration necessary.
2026-06-24 19:39:17 INFO  o.s.o.j.persistenceunit.SpringPersistenceUnitInfo - No LoadTimeWeaver setup: ignoring JPA class transformer
2026-06-24 19:39:18 INFO  o.s.orm.jpa.LocalContainerEntityManagerFactoryBean - Initialized JPA EntityManagerFactory for persistence unit 'default'
2026-06-24 19:39:18 INFO  o.s.d.jpa.repository.query.QueryEnhancerFactories - Hibernate is in classpath; If applicable, HQL parser will be used.
2026-06-24 19:39:18 WARN  o.s.b.j.a.JpaBaseConfiguration$JpaWebConfiguration - spring.jpa.open-in-view is enabled by default. Therefore, database queries may be performed during view rendering. Explicitly configure spring.jpa.open-in-view to disable this warning
2026-06-24 19:39:18 INFO  o.s.s.c.a.a.c.InitializeUserDetailsBeanManagerConfigurer$InitializeUserDetailsManagerConfigurer - Global AuthenticationManager configured with UserDetailsService bean with name userDetailsService
2026-06-24 19:39:19 INFO  o.s.c.n.e.c.DiscoveryClientOptionalArgsConfiguration - Eureka HTTP Client uses RestClient.
2026-06-24 19:39:19 WARN  o.s.c.l.c.LoadBalancerCacheAutoConfiguration$LoadBalancerCaffeineWarnLogger - Spring Cloud LoadBalancer is currently working with the default cache. While this cache implementation is useful for development and tests, it's recommended to use Caffeine cache in production.You can switch to using Caffeine cache, by adding it and org.springframework.cache.caffeine.CaffeineCacheManager to the classpath.
2026-06-24 19:39:19 INFO  c.e.l.ProveedorServiceTest - Started ProveedorServiceTest in 4.749 seconds (process running for 5.901)
2026-06-24 19:39:19 INFO  o.s.cloud.netflix.eureka.InstanceInfoFactory - Setting initial instance status as: STARTING
2026-06-24 19:39:19 INFO  o.s.c.n.e.serviceregistry.EurekaServiceRegistry - Unregistering application LMCATALOGMS with eureka with status DOWN
2026-06-24 19:39:19 INFO  o.s.orm.jpa.LocalContainerEntityManagerFactoryBean - Closing JPA EntityManagerFactory for persistence unit 'default'
2026-06-24 19:39:19 INFO  com.zaxxer.hikari.HikariDataSource - HikariPool-1 - Shutdown initiated...
2026-06-24 19:39:19 INFO  com.zaxxer.hikari.HikariDataSource - HikariPool-1 - Shutdown completed.
2026-06-24 19:49:42 INFO  c.e.l.ProveedorControllerTest - Starting ProveedorControllerTest using Java 21.0.11 with PID 36081 (started by apric in /run/media/apric/a0483016-93be-4d8d-b285-30d2ee3fccb7/GitHub/lbMarket/LibreriaMaketCatalogService/libreriaMarketCatalogService)
2026-06-24 19:49:42 DEBUG c.e.l.ProveedorControllerTest - Running with Spring Boot v4.0.0, Spring v7.0.1
2026-06-24 19:49:42 INFO  c.e.l.ProveedorControllerTest - The following 1 profile is active: "test"
2026-06-24 19:49:44 WARN  o.s.b.s.a.UserDetailsServiceAutoConfiguration - 

Using generated security password: 58669153-816f-4947-be7e-bc44786cc9a9

This generated password is for development use only. Your security configuration must be updated before running your application in production.

2026-06-24 19:49:44 INFO  o.s.b.test.mock.web.SpringBootMockServletContext - Initializing Spring TestDispatcherServlet ''
2026-06-24 19:49:44 INFO  o.s.test.web.servlet.TestDispatcherServlet - Initializing Servlet ''
2026-06-24 19:49:44 INFO  o.s.test.web.servlet.TestDispatcherServlet - Completed initialization in 1 ms
2026-06-24 19:49:44 INFO  c.e.l.ProveedorControllerTest - Started ProveedorControllerTest in 1.707 seconds (process running for 2.932)
2026-06-24 19:49:44 INFO  c.e.l.controller.ProductoController - Recibiendo solicitud para buscar listado de proveedores.
2026-06-24 19:49:44 INFO  c.e.l.controller.ProductoController - Solicitud para buscar listado de proveedores-> encontrado(s) y listado(s)
2026-06-24 19:50:08 INFO  c.e.l.ProveedorControllerTest - Starting ProveedorControllerTest using Java 21.0.11 with PID 36224 (started by apric in /run/media/apric/a0483016-93be-4d8d-b285-30d2ee3fccb7/GitHub/lbMarket/LibreriaMaketCatalogService/libreriaMarketCatalogService)
2026-06-24 19:50:08 DEBUG c.e.l.ProveedorControllerTest - Running with Spring Boot v4.0.0, Spring v7.0.1
2026-06-24 19:50:08 INFO  c.e.l.ProveedorControllerTest - The following 1 profile is active: "test"
2026-06-24 19:50:10 WARN  o.s.b.s.a.UserDetailsServiceAutoConfiguration - 

Using generated security password: 0a47a6e7-acc2-4459-9bbf-826a9a62d862

This generated password is for development use only. Your security configuration must be updated before running your application in production.

2026-06-24 19:50:10 INFO  o.s.b.test.mock.web.SpringBootMockServletContext - Initializing Spring TestDispatcherServlet ''
2026-06-24 19:50:10 INFO  o.s.test.web.servlet.TestDispatcherServlet - Initializing Servlet ''
2026-06-24 19:50:10 INFO  o.s.test.web.servlet.TestDispatcherServlet - Completed initialization in 2 ms
2026-06-24 19:50:10 INFO  c.e.l.ProveedorControllerTest - Started ProveedorControllerTest in 1.762 seconds (process running for 2.826)
2026-06-24 19:50:10 INFO  c.e.l.controller.ProductoController - Recibiendo solicitud para buscar listado de proveedores.
2026-06-24 19:50:10 INFO  c.e.l.controller.ProductoController - Solicitud para buscar listado de proveedores-> encontrado(s) y listado(s)
2026-06-24 19:50:33 INFO  c.e.l.ProveedorControllerTest - Starting ProveedorControllerTest using Java 21.0.11 with PID 36394 (started by apric in /run/media/apric/a0483016-93be-4d8d-b285-30d2ee3fccb7/GitHub/lbMarket/LibreriaMaketCatalogService/libreriaMarketCatalogService)
2026-06-24 19:50:33 DEBUG c.e.l.ProveedorControllerTest - Running with Spring Boot v4.0.0, Spring v7.0.1
2026-06-24 19:50:33 INFO  c.e.l.ProveedorControllerTest - The following 1 profile is active: "test"
2026-06-24 19:50:34 WARN  o.s.b.s.a.UserDetailsServiceAutoConfiguration - 

Using generated security password: f78d6d1b-4f98-4776-a9ab-b309a4f7e070

This generated password is for development use only. Your security configuration must be updated before running your application in production.

2026-06-24 19:50:34 INFO  o.s.b.test.mock.web.SpringBootMockServletContext - Initializing Spring TestDispatcherServlet ''
2026-06-24 19:50:34 INFO  o.s.test.web.servlet.TestDispatcherServlet - Initializing Servlet ''
2026-06-24 19:50:34 INFO  o.s.test.web.servlet.TestDispatcherServlet - Completed initialization in 1 ms
2026-06-24 19:50:34 INFO  c.e.l.ProveedorControllerTest - Started ProveedorControllerTest in 1.794 seconds (process running for 2.946)
2026-06-24 19:50:34 INFO  c.e.l.controller.ProductoController - Recibiendo solicitud para buscar listado de proveedores.
2026-06-24 19:50:34 INFO  c.e.l.controller.ProductoController - Solicitud para buscar listado de proveedores-> sin coincidencias
2026-06-24 19:52:17 INFO  c.e.l.ProveedorControllerTest - Starting ProveedorControllerTest using Java 21.0.11 with PID 36920 (started by apric in /run/media/apric/a0483016-93be-4d8d-b285-30d2ee3fccb7/GitHub/lbMarket/LibreriaMaketCatalogService/libreriaMarketCatalogService)
2026-06-24 19:52:17 DEBUG c.e.l.ProveedorControllerTest - Running with Spring Boot v4.0.0, Spring v7.0.1
2026-06-24 19:52:17 INFO  c.e.l.ProveedorControllerTest - The following 1 profile is active: "test"
2026-06-24 19:52:19 WARN  o.s.b.s.a.UserDetailsServiceAutoConfiguration - 

Using generated security password: 32092634-a06d-49ab-8ae8-4ed42143814c

This generated password is for development use only. Your security configuration must be updated before running your application in production.

2026-06-24 19:52:19 INFO  o.s.b.test.mock.web.SpringBootMockServletContext - Initializing Spring TestDispatcherServlet ''
2026-06-24 19:52:19 INFO  o.s.test.web.servlet.TestDispatcherServlet - Initializing Servlet ''
2026-06-24 19:52:19 INFO  o.s.test.web.servlet.TestDispatcherServlet - Completed initialization in 1 ms
2026-06-24 19:52:19 INFO  c.e.l.ProveedorControllerTest - Started ProveedorControllerTest in 1.639 seconds (process running for 2.626)
2026-06-24 19:52:30 INFO  c.e.l.ProveedorControllerTest - Starting ProveedorControllerTest using Java 21.0.11 with PID 37042 (started by apric in /run/media/apric/a0483016-93be-4d8d-b285-30d2ee3fccb7/GitHub/lbMarket/LibreriaMaketCatalogService/libreriaMarketCatalogService)
2026-06-24 19:52:30 DEBUG c.e.l.ProveedorControllerTest - Running with Spring Boot v4.0.0, Spring v7.0.1
2026-06-24 19:52:30 INFO  c.e.l.ProveedorControllerTest - The following 1 profile is active: "test"
2026-06-24 19:52:32 WARN  o.s.b.s.a.UserDetailsServiceAutoConfiguration - 

Using generated security password: de151dd8-f8c4-4bf1-b09a-06e17562fa28

This generated password is for development use only. Your security configuration must be updated before running your application in production.

2026-06-24 19:52:32 INFO  o.s.b.test.mock.web.SpringBootMockServletContext - Initializing Spring TestDispatcherServlet ''
2026-06-24 19:52:32 INFO  o.s.test.web.servlet.TestDispatcherServlet - Initializing Servlet ''
2026-06-24 19:52:32 INFO  o.s.test.web.servlet.TestDispatcherServlet - Completed initialization in 2 ms
2026-06-24 19:52:32 INFO  c.e.l.ProveedorControllerTest - Started ProveedorControllerTest in 1.597 seconds (process running for 2.607)
2026-06-24 19:52:32 INFO  c.e.l.controller.ProductoController - Recibiendo solicitud para buscar proveedor por ID: 1.
2026-06-24 19:52:32 INFO  c.e.l.controller.ProductoController - Solicitud para buscar proveedor por ID: 1.-> encontrado
2026-06-24 19:55:24 INFO  c.e.l.ProveedorControllerTest - Starting ProveedorControllerTest using Java 21.0.11 with PID 37374 (started by apric in /run/media/apric/a0483016-93be-4d8d-b285-30d2ee3fccb7/GitHub/lbMarket/LibreriaMaketCatalogService/libreriaMarketCatalogService)
2026-06-24 19:55:24 DEBUG c.e.l.ProveedorControllerTest - Running with Spring Boot v4.0.0, Spring v7.0.1
2026-06-24 19:55:24 INFO  c.e.l.ProveedorControllerTest - The following 1 profile is active: "test"
2026-06-24 19:55:25 WARN  o.s.b.s.a.UserDetailsServiceAutoConfiguration - 

Using generated security password: 95b9cf22-8f34-4cd4-998a-aa5aaf186f69

This generated password is for development use only. Your security configuration must be updated before running your application in production.

2026-06-24 19:55:25 INFO  o.s.b.test.mock.web.SpringBootMockServletContext - Initializing Spring TestDispatcherServlet ''
2026-06-24 19:55:25 INFO  o.s.test.web.servlet.TestDispatcherServlet - Initializing Servlet ''
2026-06-24 19:55:25 INFO  o.s.test.web.servlet.TestDispatcherServlet - Completed initialization in 2 ms
2026-06-24 19:55:25 INFO  c.e.l.ProveedorControllerTest - Started ProveedorControllerTest in 1.677 seconds (process running for 2.78)
2026-06-24 19:55:25 INFO  c.e.l.controller.ProductoController - Recibiendo solicitud para buscar proveedor por ID: 1.
2026-06-24 19:56:42 INFO  c.e.l.ProveedorControllerTest - Starting ProveedorControllerTest using Java 21.0.11 with PID 37571 (started by apric in /run/media/apric/a0483016-93be-4d8d-b285-30d2ee3fccb7/GitHub/lbMarket/LibreriaMaketCatalogService/libreriaMarketCatalogService)
2026-06-24 19:56:42 DEBUG c.e.l.ProveedorControllerTest - Running with Spring Boot v4.0.0, Spring v7.0.1
2026-06-24 19:56:42 INFO  c.e.l.ProveedorControllerTest - The following 1 profile is active: "test"
2026-06-24 19:56:43 WARN  o.s.b.s.a.UserDetailsServiceAutoConfiguration - 

Using generated security password: b93b1787-e2aa-4456-9e70-45986cfd9f23

This generated password is for development use only. Your security configuration must be updated before running your application in production.

2026-06-24 19:56:43 INFO  o.s.b.test.mock.web.SpringBootMockServletContext - Initializing Spring TestDispatcherServlet ''
2026-06-24 19:56:43 INFO  o.s.test.web.servlet.TestDispatcherServlet - Initializing Servlet ''
2026-06-24 19:56:43 INFO  o.s.test.web.servlet.TestDispatcherServlet - Completed initialization in 1 ms
2026-06-24 19:56:43 INFO  c.e.l.ProveedorControllerTest - Started ProveedorControllerTest in 1.889 seconds (process running for 2.974)
2026-06-24 19:56:54 INFO  c.e.l.ProveedorControllerTest - Starting ProveedorControllerTest using Java 21.0.11 with PID 37709 (started by apric in /run/media/apric/a0483016-93be-4d8d-b285-30d2ee3fccb7/GitHub/lbMarket/LibreriaMaketCatalogService/libreriaMarketCatalogService)
2026-06-24 19:56:54 DEBUG c.e.l.ProveedorControllerTest - Running with Spring Boot v4.0.0, Spring v7.0.1
2026-06-24 19:56:54 INFO  c.e.l.ProveedorControllerTest - The following 1 profile is active: "test"
2026-06-24 19:56:56 WARN  o.s.b.s.a.UserDetailsServiceAutoConfiguration - 

Using generated security password: 836f7eae-60a0-445c-a412-68e82ffd52e6

This generated password is for development use only. Your security configuration must be updated before running your application in production.

2026-06-24 19:56:56 INFO  o.s.b.test.mock.web.SpringBootMockServletContext - Initializing Spring TestDispatcherServlet ''
2026-06-24 19:56:56 INFO  o.s.test.web.servlet.TestDispatcherServlet - Initializing Servlet ''
2026-06-24 19:56:56 INFO  o.s.test.web.servlet.TestDispatcherServlet - Completed initialization in 2 ms
2026-06-24 19:56:56 INFO  c.e.l.ProveedorControllerTest - Started ProveedorControllerTest in 1.659 seconds (process running for 2.731)
2026-06-24 19:56:56 INFO  c.e.l.controller.ProductoController - Recibiendo solicitud para crear proveedor
2026-06-24 19:56:56 INFO  c.e.l.controller.ProductoController - Solicitud para crear proveedor-> creado con ID Proveedor: 1, Nombre Distribuidora Libros, Contacto libros@distro.com
2026-06-24 19:58:51 INFO  c.e.l.ProductoControllerTest - Starting ProductoControllerTest using Java 21.0.11 with PID 37877 (started by apric in /run/media/apric/a0483016-93be-4d8d-b285-30d2ee3fccb7/GitHub/lbMarket/LibreriaMaketCatalogService/libreriaMarketCatalogService)
2026-06-24 19:58:51 DEBUG c.e.l.ProductoControllerTest - Running with Spring Boot v4.0.0, Spring v7.0.1
2026-06-24 19:58:51 INFO  c.e.l.ProductoControllerTest - The following 1 profile is active: "test"
2026-06-24 19:58:53 WARN  o.s.b.s.a.UserDetailsServiceAutoConfiguration - 

Using generated security password: 0849dc01-c377-47ae-8d58-15d6a64555d3

This generated password is for development use only. Your security configuration must be updated before running your application in production.

2026-06-24 19:58:53 INFO  o.s.b.test.mock.web.SpringBootMockServletContext - Initializing Spring TestDispatcherServlet ''
2026-06-24 19:58:53 INFO  o.s.test.web.servlet.TestDispatcherServlet - Initializing Servlet ''
2026-06-24 19:58:53 INFO  o.s.test.web.servlet.TestDispatcherServlet - Completed initialization in 2 ms
2026-06-24 19:58:53 INFO  c.e.l.ProductoControllerTest - Started ProductoControllerTest in 1.746 seconds (process running for 2.824)
2026-06-24 19:58:53 INFO  c.e.l.controller.ProductoController - Recibiendo solicitud para crear/guardar producto.
2026-06-24 19:58:53 INFO  c.e.l.controller.ProductoController - Recibiendo solicitud para actualizar producto con ID: 3.
2026-06-24 19:58:53 INFO  c.e.l.controller.ProductoController - Recibiendo solicitud para actualizar producto con ID: 3.
2026-06-24 19:58:53 INFO  c.e.l.controller.ProductoController - Recibiendo solicitud para borrar producto con ID: 3.
2026-06-24 19:58:53 INFO  c.e.l.controller.ProductoController - Recibiendo solicitud para buscar listado de productos.
2026-06-24 19:58:53 INFO  c.e.l.controller.ProductoController - Solicitud para buscar listado de productos.=> encontrado(s) y enlistado(s).
2026-06-24 19:58:53 INFO  c.e.l.controller.ProductoController - Recibiendo solicitud para buscar listado de productos.
2026-06-24 19:58:53 INFO  c.e.l.controller.ProductoController - Solicitud para buscar listado de productos.=> sin coincidencias (vacío).
2026-06-24 19:58:53 INFO  c.e.l.controller.ProductoController - Recibiendo solicitud para actualizar producto con ID: 3.
2026-06-24 19:58:53 INFO  c.e.l.controller.ProductoController - Solicitud para actualizar producto con ID: 3. => actualizado.
2026-06-24 19:58:53 INFO  c.e.l.controller.ProductoController - Recibiendo solicitud para crear/guardar producto.
2026-06-24 19:58:53 INFO  c.e.l.controller.ProductoController - Solicitud para crear/guardar producto.=> creado con ID Producto: 3, ID Producto: Java for Dummies, Titulo: Terry A. Burd, Autor: Wiley, Editorial: Programación, Categoria: 2022, Anio Publicacion: 978-111-98-6164-5, ISBN: desc, Descripcion: 1, ID Proveedor: Distribuidora Libros, Nombre Proveedor: {}
2026-06-24 19:58:53 INFO  c.e.l.controller.ProductoController - Recibiendo solicitud para borrar producto con ID: 3.
2026-06-24 19:58:53 INFO  c.e.l.controller.ProductoController - Solicitud para borrar producto con ID: 3. => encontrado y borrado.
2026-06-24 19:58:53 INFO  c.e.l.controller.ProductoController - Recibiendo solicitud para buscar producto por ID: 3.
2026-06-24 19:58:53 INFO  c.e.l.controller.ProductoController - Recibiendo solicitud para buscar producto por ID: 3.
2026-06-24 19:58:53 INFO  c.e.l.controller.ProductoController - Solicitud para buscar producto por ID: 3.=> encontrado.
2026-06-24 19:58:53 INFO  c.e.l.controller.ProductoController - Recibiendo solicitud para crear/guardar producto.
2026-06-24 19:58:53 INFO  c.e.l.controller.ProductoController - Recibiendo solicitud para actualizar producto con ID: 3.
2026-06-24 19:59:55 INFO  c.e.l.ProveedorControllerTest - Starting ProveedorControllerTest using Java 21.0.11 with PID 38043 (started by apric in /run/media/apric/a0483016-93be-4d8d-b285-30d2ee3fccb7/GitHub/lbMarket/LibreriaMaketCatalogService/libreriaMarketCatalogService)
2026-06-24 19:59:55 DEBUG c.e.l.ProveedorControllerTest - Running with Spring Boot v4.0.0, Spring v7.0.1
2026-06-24 19:59:55 INFO  c.e.l.ProveedorControllerTest - The following 1 profile is active: "test"
2026-06-24 19:59:57 WARN  o.s.b.s.a.UserDetailsServiceAutoConfiguration - 

Using generated security password: cf71114c-ea38-45da-ae3c-a98973c20f9a

This generated password is for development use only. Your security configuration must be updated before running your application in production.

2026-06-24 19:59:57 INFO  o.s.b.test.mock.web.SpringBootMockServletContext - Initializing Spring TestDispatcherServlet ''
2026-06-24 19:59:57 INFO  o.s.test.web.servlet.TestDispatcherServlet - Initializing Servlet ''
2026-06-24 19:59:57 INFO  o.s.test.web.servlet.TestDispatcherServlet - Completed initialization in 1 ms
2026-06-24 19:59:57 INFO  c.e.l.ProveedorControllerTest - Started ProveedorControllerTest in 1.598 seconds (process running for 2.636)
2026-06-24 19:59:57 INFO  c.e.l.controller.ProductoController - Recibiendo solicitud para crear proveedor
2026-06-24 19:59:57 INFO  c.e.l.controller.ProductoController - Solicitud para crear proveedor-> creado con ID Proveedor: 1, Nombre Distribuidora Libros, Contacto libros@distro.com
2026-06-24 20:02:05 INFO  c.e.l.ProveedorControllerTest - Starting ProveedorControllerTest using Java 21.0.11 with PID 38242 (started by apric in /run/media/apric/a0483016-93be-4d8d-b285-30d2ee3fccb7/GitHub/lbMarket/LibreriaMaketCatalogService/libreriaMarketCatalogService)
2026-06-24 20:02:05 DEBUG c.e.l.ProveedorControllerTest - Running with Spring Boot v4.0.0, Spring v7.0.1
2026-06-24 20:02:05 INFO  c.e.l.ProveedorControllerTest - The following 1 profile is active: "test"
2026-06-24 20:02:06 WARN  o.s.b.s.a.UserDetailsServiceAutoConfiguration - 

Using generated security password: b6a096ba-82d5-40cc-8505-9836825b2392

This generated password is for development use only. Your security configuration must be updated before running your application in production.

2026-06-24 20:02:06 INFO  o.s.b.test.mock.web.SpringBootMockServletContext - Initializing Spring TestDispatcherServlet ''
2026-06-24 20:02:06 INFO  o.s.test.web.servlet.TestDispatcherServlet - Initializing Servlet ''
2026-06-24 20:02:06 INFO  o.s.test.web.servlet.TestDispatcherServlet - Completed initialization in 2 ms
2026-06-24 20:02:06 INFO  c.e.l.ProveedorControllerTest - Started ProveedorControllerTest in 1.598 seconds (process running for 2.538)
2026-06-24 20:02:18 INFO  c.e.l.ProveedorControllerTest - Starting ProveedorControllerTest using Java 21.0.11 with PID 38359 (started by apric in /run/media/apric/a0483016-93be-4d8d-b285-30d2ee3fccb7/GitHub/lbMarket/LibreriaMaketCatalogService/libreriaMarketCatalogService)
2026-06-24 20:02:18 DEBUG c.e.l.ProveedorControllerTest - Running with Spring Boot v4.0.0, Spring v7.0.1
2026-06-24 20:02:18 INFO  c.e.l.ProveedorControllerTest - The following 1 profile is active: "test"
2026-06-24 20:02:19 WARN  o.s.b.s.a.UserDetailsServiceAutoConfiguration - 

Using generated security password: 935efe6a-e757-4445-882d-2e353576bf9a

This generated password is for development use only. Your security configuration must be updated before running your application in production.

2026-06-24 20:02:19 INFO  o.s.b.test.mock.web.SpringBootMockServletContext - Initializing Spring TestDispatcherServlet ''
2026-06-24 20:02:19 INFO  o.s.test.web.servlet.TestDispatcherServlet - Initializing Servlet ''
2026-06-24 20:02:19 INFO  o.s.test.web.servlet.TestDispatcherServlet - Completed initialization in 1 ms
2026-06-24 20:02:19 INFO  c.e.l.ProveedorControllerTest - Started ProveedorControllerTest in 1.595 seconds (process running for 2.6)
2026-06-24 20:02:19 INFO  c.e.l.controller.ProductoController - Recibiendo solicitud para crear proveedor
2026-06-24 20:03:15 INFO  c.e.l.ProveedorControllerTest - Starting ProveedorControllerTest using Java 21.0.11 with PID 38528 (started by apric in /run/media/apric/a0483016-93be-4d8d-b285-30d2ee3fccb7/GitHub/lbMarket/LibreriaMaketCatalogService/libreriaMarketCatalogService)
2026-06-24 20:03:15 DEBUG c.e.l.ProveedorControllerTest - Running with Spring Boot v4.0.0, Spring v7.0.1
2026-06-24 20:03:15 INFO  c.e.l.ProveedorControllerTest - The following 1 profile is active: "test"
2026-06-24 20:03:16 WARN  o.s.b.s.a.UserDetailsServiceAutoConfiguration - 

Using generated security password: a013d99f-6eb0-490e-8504-a0c57c59037c

This generated password is for development use only. Your security configuration must be updated before running your application in production.

2026-06-24 20:03:16 INFO  o.s.b.test.mock.web.SpringBootMockServletContext - Initializing Spring TestDispatcherServlet ''
2026-06-24 20:03:16 INFO  o.s.test.web.servlet.TestDispatcherServlet - Initializing Servlet ''
2026-06-24 20:03:16 INFO  o.s.test.web.servlet.TestDispatcherServlet - Completed initialization in 1 ms
2026-06-24 20:03:16 INFO  c.e.l.ProveedorControllerTest - Started ProveedorControllerTest in 1.587 seconds (process running for 2.579)
2026-06-24 20:03:16 INFO  c.e.l.controller.ProductoController - Recibiendo solicitud para crear proveedor
2026-06-24 20:05:28 INFO  c.e.l.ProveedorControllerTest - Starting ProveedorControllerTest using Java 21.0.11 with PID 38720 (started by apric in /run/media/apric/a0483016-93be-4d8d-b285-30d2ee3fccb7/GitHub/lbMarket/LibreriaMaketCatalogService/libreriaMarketCatalogService)
2026-06-24 20:05:28 DEBUG c.e.l.ProveedorControllerTest - Running with Spring Boot v4.0.0, Spring v7.0.1
2026-06-24 20:05:28 INFO  c.e.l.ProveedorControllerTest - The following 1 profile is active: "test"
2026-06-24 20:05:30 WARN  o.s.b.s.a.UserDetailsServiceAutoConfiguration - 

Using generated security password: 972f19c0-b284-4468-b561-c2de44b22fc4

This generated password is for development use only. Your security configuration must be updated before running your application in production.

2026-06-24 20:05:30 INFO  o.s.b.test.mock.web.SpringBootMockServletContext - Initializing Spring TestDispatcherServlet ''
2026-06-24 20:05:30 INFO  o.s.test.web.servlet.TestDispatcherServlet - Initializing Servlet ''
2026-06-24 20:05:30 INFO  o.s.test.web.servlet.TestDispatcherServlet - Completed initialization in 2 ms
2026-06-24 20:05:30 INFO  c.e.l.ProveedorControllerTest - Started ProveedorControllerTest in 1.599 seconds (process running for 2.631)
2026-06-24 20:05:30 INFO  c.e.l.controller.ProductoController - Recibiendo solicitud para actualizar proveedor con ID: 1.
2026-06-24 20:05:30 INFO  c.e.l.controller.ProductoController - Solicitud para actualizar proveedor con ID: 1.-> actualizado
2026-06-24 20:06:29 INFO  c.e.l.ProveedorControllerTest - Starting ProveedorControllerTest using Java 21.0.11 with PID 38876 (started by apric in /run/media/apric/a0483016-93be-4d8d-b285-30d2ee3fccb7/GitHub/lbMarket/LibreriaMaketCatalogService/libreriaMarketCatalogService)
2026-06-24 20:06:29 DEBUG c.e.l.ProveedorControllerTest - Running with Spring Boot v4.0.0, Spring v7.0.1
2026-06-24 20:06:29 INFO  c.e.l.ProveedorControllerTest - The following 1 profile is active: "test"
2026-06-24 20:06:31 WARN  o.s.b.s.a.UserDetailsServiceAutoConfiguration - 

Using generated security password: 3e56dd9d-9051-458d-9522-145a8d5fa2ac

This generated password is for development use only. Your security configuration must be updated before running your application in production.

2026-06-24 20:06:31 INFO  o.s.b.test.mock.web.SpringBootMockServletContext - Initializing Spring TestDispatcherServlet ''
2026-06-24 20:06:31 INFO  o.s.test.web.servlet.TestDispatcherServlet - Initializing Servlet ''
2026-06-24 20:06:31 INFO  o.s.test.web.servlet.TestDispatcherServlet - Completed initialization in 2 ms
2026-06-24 20:06:31 INFO  c.e.l.ProveedorControllerTest - Started ProveedorControllerTest in 1.615 seconds (process running for 2.627)
2026-06-24 20:06:31 INFO  c.e.l.controller.ProductoController - Recibiendo solicitud para actualizar proveedor con ID: 1.
2026-06-24 20:07:56 INFO  c.e.l.ProveedorControllerTest - Starting ProveedorControllerTest using Java 21.0.11 with PID 39064 (started by apric in /run/media/apric/a0483016-93be-4d8d-b285-30d2ee3fccb7/GitHub/lbMarket/LibreriaMaketCatalogService/libreriaMarketCatalogService)
2026-06-24 20:07:56 DEBUG c.e.l.ProveedorControllerTest - Running with Spring Boot v4.0.0, Spring v7.0.1
2026-06-24 20:07:56 INFO  c.e.l.ProveedorControllerTest - The following 1 profile is active: "test"
2026-06-24 20:07:57 WARN  o.s.b.s.a.UserDetailsServiceAutoConfiguration - 

Using generated security password: 631c6a07-0638-4a6a-92e0-981566e04414

This generated password is for development use only. Your security configuration must be updated before running your application in production.

2026-06-24 20:07:57 INFO  o.s.b.test.mock.web.SpringBootMockServletContext - Initializing Spring TestDispatcherServlet ''
2026-06-24 20:07:57 INFO  o.s.test.web.servlet.TestDispatcherServlet - Initializing Servlet ''
2026-06-24 20:07:57 INFO  o.s.test.web.servlet.TestDispatcherServlet - Completed initialization in 2 ms
2026-06-24 20:07:57 INFO  c.e.l.ProveedorControllerTest - Started ProveedorControllerTest in 1.61 seconds (process running for 2.605)
2026-06-24 20:07:57 INFO  c.e.l.controller.ProductoController - Recibiendo solicitud para borrar proveedor con ID: 1.
2026-06-24 20:07:57 INFO  c.e.l.controller.ProductoController - Solicitud para borrar proveedor con iD: 1.-> borrado
2026-06-24 20:08:25 INFO  c.e.l.ProveedorControllerTest - Starting ProveedorControllerTest using Java 21.0.11 with PID 39196 (started by apric in /run/media/apric/a0483016-93be-4d8d-b285-30d2ee3fccb7/GitHub/lbMarket/LibreriaMaketCatalogService/libreriaMarketCatalogService)
2026-06-24 20:08:25 DEBUG c.e.l.ProveedorControllerTest - Running with Spring Boot v4.0.0, Spring v7.0.1
2026-06-24 20:08:25 INFO  c.e.l.ProveedorControllerTest - The following 1 profile is active: "test"
2026-06-24 20:08:26 WARN  o.s.b.s.a.UserDetailsServiceAutoConfiguration - 

Using generated security password: 495522aa-b2bc-4057-889d-f2dca9cefd6a

This generated password is for development use only. Your security configuration must be updated before running your application in production.

2026-06-24 20:08:26 INFO  o.s.b.test.mock.web.SpringBootMockServletContext - Initializing Spring TestDispatcherServlet ''
2026-06-24 20:08:26 INFO  o.s.test.web.servlet.TestDispatcherServlet - Initializing Servlet ''
2026-06-24 20:08:26 INFO  o.s.test.web.servlet.TestDispatcherServlet - Completed initialization in 1 ms
2026-06-24 20:08:26 INFO  c.e.l.ProveedorControllerTest - Started ProveedorControllerTest in 1.589 seconds (process running for 2.641)
2026-06-24 20:08:26 INFO  c.e.l.controller.ProductoController - Recibiendo solicitud para borrar proveedor con ID: 1.
2026-06-24 20:08:34 INFO  c.e.l.ProveedorControllerTest - Starting ProveedorControllerTest using Java 21.0.11 with PID 39323 (started by apric in /run/media/apric/a0483016-93be-4d8d-b285-30d2ee3fccb7/GitHub/lbMarket/LibreriaMaketCatalogService/libreriaMarketCatalogService)
2026-06-24 20:08:34 DEBUG c.e.l.ProveedorControllerTest - Running with Spring Boot v4.0.0, Spring v7.0.1
2026-06-24 20:08:34 INFO  c.e.l.ProveedorControllerTest - The following 1 profile is active: "test"
2026-06-24 20:08:36 WARN  o.s.b.s.a.UserDetailsServiceAutoConfiguration - 

Using generated security password: a9d78670-c0c3-408b-87d8-8c4e08b3273b

This generated password is for development use only. Your security configuration must be updated before running your application in production.

2026-06-24 20:08:36 INFO  o.s.b.test.mock.web.SpringBootMockServletContext - Initializing Spring TestDispatcherServlet ''
2026-06-24 20:08:36 INFO  o.s.test.web.servlet.TestDispatcherServlet - Initializing Servlet ''
2026-06-24 20:08:36 INFO  o.s.test.web.servlet.TestDispatcherServlet - Completed initialization in 2 ms
2026-06-24 20:08:36 INFO  c.e.l.ProveedorControllerTest - Started ProveedorControllerTest in 1.799 seconds (process running for 2.865)
2026-06-24 20:08:36 INFO  c.e.l.controller.ProductoController - Recibiendo solicitud para crear proveedor
2026-06-24 20:08:36 INFO  c.e.l.controller.ProductoController - Recibiendo solicitud para actualizar proveedor con ID: 1.
2026-06-24 20:08:36 INFO  c.e.l.controller.ProductoController - Recibiendo solicitud para borrar proveedor con ID: 1.
2026-06-24 20:08:36 INFO  c.e.l.controller.ProductoController - Recibiendo solicitud para buscar listado de proveedores.
2026-06-24 20:08:36 INFO  c.e.l.controller.ProductoController - Solicitud para buscar listado de proveedores-> encontrado(s) y listado(s)
2026-06-24 20:08:36 INFO  c.e.l.controller.ProductoController - Recibiendo solicitud para buscar listado de proveedores.
2026-06-24 20:08:36 INFO  c.e.l.controller.ProductoController - Solicitud para buscar listado de proveedores-> sin coincidencias
2026-06-24 20:08:36 INFO  c.e.l.controller.ProductoController - Recibiendo solicitud para actualizar proveedor con ID: 1.
2026-06-24 20:08:36 INFO  c.e.l.controller.ProductoController - Solicitud para actualizar proveedor con ID: 1.-> actualizado
2026-06-24 20:08:36 INFO  c.e.l.controller.ProductoController - Recibiendo solicitud para crear proveedor
2026-06-24 20:08:36 INFO  c.e.l.controller.ProductoController - Solicitud para crear proveedor-> creado con ID Proveedor: 1, Nombre Distribuidora Libros, Contacto libros@distro.com
2026-06-24 20:08:36 INFO  c.e.l.controller.ProductoController - Recibiendo solicitud para borrar proveedor con ID: 1.
2026-06-24 20:08:36 INFO  c.e.l.controller.ProductoController - Solicitud para borrar proveedor con iD: 1.-> borrado
2026-06-24 20:08:36 INFO  c.e.l.controller.ProductoController - Recibiendo solicitud para crear proveedor
2026-06-24 20:08:36 INFO  c.e.l.controller.ProductoController - Recibiendo solicitud para buscar proveedor por ID: 1.
2026-06-24 20:08:36 INFO  c.e.l.controller.ProductoController - Recibiendo solicitud para buscar proveedor por ID: 1.
2026-06-24 20:08:36 INFO  c.e.l.controller.ProductoController - Solicitud para buscar proveedor por ID: 1.-> encontrado
2026-06-24 20:09:18 INFO  c.e.l.ProductoControllerTest - Starting ProductoControllerTest using Java 21.0.11 with PID 39469 (started by apric in /run/media/apric/a0483016-93be-4d8d-b285-30d2ee3fccb7/GitHub/lbMarket/LibreriaMaketCatalogService/libreriaMarketCatalogService)
2026-06-24 20:09:18 DEBUG c.e.l.ProductoControllerTest - Running with Spring Boot v4.0.0, Spring v7.0.1
2026-06-24 20:09:18 INFO  c.e.l.ProductoControllerTest - The following 1 profile is active: "test"
2026-06-24 20:09:20 WARN  o.s.b.s.a.UserDetailsServiceAutoConfiguration - 

Using generated security password: b4ed246f-385c-4383-9881-031f6c176241

This generated password is for development use only. Your security configuration must be updated before running your application in production.

2026-06-24 20:09:20 INFO  o.s.b.test.mock.web.SpringBootMockServletContext - Initializing Spring TestDispatcherServlet ''
2026-06-24 20:09:20 INFO  o.s.test.web.servlet.TestDispatcherServlet - Initializing Servlet ''
2026-06-24 20:09:20 INFO  o.s.test.web.servlet.TestDispatcherServlet - Completed initialization in 1 ms
2026-06-24 20:09:20 INFO  c.e.l.ProductoControllerTest - Started ProductoControllerTest in 1.83 seconds (process running for 2.962)
2026-06-24 20:09:20 INFO  c.e.l.controller.ProductoController - Recibiendo solicitud para crear/guardar producto.
2026-06-24 20:09:20 INFO  c.e.l.controller.ProductoController - Recibiendo solicitud para actualizar producto con ID: 3.
2026-06-24 20:09:20 INFO  c.e.l.controller.ProductoController - Recibiendo solicitud para actualizar producto con ID: 3.
2026-06-24 20:09:20 INFO  c.e.l.controller.ProductoController - Recibiendo solicitud para borrar producto con ID: 3.
2026-06-24 20:09:20 INFO  c.e.l.controller.ProductoController - Recibiendo solicitud para buscar listado de productos.
2026-06-24 20:09:20 INFO  c.e.l.controller.ProductoController - Solicitud para buscar listado de productos.=> encontrado(s) y enlistado(s).
2026-06-24 20:09:20 INFO  c.e.l.controller.ProductoController - Recibiendo solicitud para buscar listado de productos.
2026-06-24 20:09:20 INFO  c.e.l.controller.ProductoController - Solicitud para buscar listado de productos.=> sin coincidencias (vacío).
2026-06-24 20:09:20 INFO  c.e.l.controller.ProductoController - Recibiendo solicitud para actualizar producto con ID: 3.
2026-06-24 20:09:20 INFO  c.e.l.controller.ProductoController - Solicitud para actualizar producto con ID: 3. => actualizado.
2026-06-24 20:09:20 INFO  c.e.l.controller.ProductoController - Recibiendo solicitud para crear/guardar producto.
2026-06-24 20:09:20 INFO  c.e.l.controller.ProductoController - Solicitud para crear/guardar producto.=> creado con ID Producto: 3, ID Producto: Java for Dummies, Titulo: Terry A. Burd, Autor: Wiley, Editorial: Programación, Categoria: 2022, Anio Publicacion: 978-111-98-6164-5, ISBN: desc, Descripcion: 1, ID Proveedor: Distribuidora Libros, Nombre Proveedor: {}
2026-06-24 20:09:20 INFO  c.e.l.controller.ProductoController - Recibiendo solicitud para borrar producto con ID: 3.
2026-06-24 20:09:20 INFO  c.e.l.controller.ProductoController - Solicitud para borrar producto con ID: 3. => encontrado y borrado.
2026-06-24 20:09:20 INFO  c.e.l.controller.ProductoController - Recibiendo solicitud para buscar producto por ID: 3.
2026-06-24 20:09:20 INFO  c.e.l.controller.ProductoController - Recibiendo solicitud para buscar producto por ID: 3.
2026-06-24 20:09:20 INFO  c.e.l.controller.ProductoController - Solicitud para buscar producto por ID: 3.=> encontrado.
2026-06-24 20:09:20 INFO  c.e.l.controller.ProductoController - Recibiendo solicitud para crear/guardar producto.
2026-06-24 20:09:20 INFO  c.e.l.controller.ProductoController - Recibiendo solicitud para actualizar producto con ID: 3.
2026-06-24 20:09:35 INFO  c.e.l.ProductoServiceTest - Starting ProductoServiceTest using Java 21.0.11 with PID 39609 (started by apric in /run/media/apric/a0483016-93be-4d8d-b285-30d2ee3fccb7/GitHub/lbMarket/LibreriaMaketCatalogService/libreriaMarketCatalogService)
2026-06-24 20:09:35 DEBUG c.e.l.ProductoServiceTest - Running with Spring Boot v4.0.0, Spring v7.0.1
2026-06-24 20:09:35 INFO  c.e.l.ProductoServiceTest - The following 1 profile is active: "test"
2026-06-24 20:09:35 INFO  o.s.d.r.config.RepositoryConfigurationDelegate - Bootstrapping Spring Data JPA repositories in DEFAULT mode.
2026-06-24 20:09:36 INFO  o.s.d.r.config.RepositoryConfigurationDelegate - Finished Spring Data repository scanning in 93 ms. Found 2 JPA repository interfaces.
2026-06-24 20:09:36 INFO  o.springframework.cloud.context.scope.GenericScope - BeanFactory id=e80de23b-229b-306e-8490-0734d61a73db
2026-06-24 20:09:37 INFO  com.zaxxer.hikari.HikariDataSource - HikariPool-1 - Starting...
2026-06-24 20:09:37 INFO  com.zaxxer.hikari.pool.HikariPool - HikariPool-1 - Added connection com.mysql.cj.jdbc.ConnectionImpl@ae5d544
2026-06-24 20:09:37 INFO  com.zaxxer.hikari.HikariDataSource - HikariPool-1 - Start completed.
2026-06-24 20:09:37 INFO  org.flywaydb.core.FlywayExecutor - Database: jdbc:mysql://localhost:3306/catalog_db (MySQL 12.3)
2026-06-24 20:09:37 WARN  org.flywaydb.core.internal.database.base.Database - Using MariaDB 12.3 which is newer than the version Flyway has been verified with. The latest verified version of MariaDB is 11.7.
2026-06-24 20:09:37 INFO  org.flywaydb.core.internal.command.DbValidate - Successfully validated 3 migrations (execution time 00:00.023s)
2026-06-24 20:09:37 INFO  org.flywaydb.core.internal.command.DbMigrate - Current version of schema `catalog_db`: 3
2026-06-24 20:09:37 INFO  org.flywaydb.core.internal.command.DbMigrate - Schema `catalog_db` is up to date. No migration necessary.
2026-06-24 20:09:37 INFO  o.s.o.j.persistenceunit.SpringPersistenceUnitInfo - No LoadTimeWeaver setup: ignoring JPA class transformer
2026-06-24 20:09:38 INFO  o.s.orm.jpa.LocalContainerEntityManagerFactoryBean - Initialized JPA EntityManagerFactory for persistence unit 'default'
2026-06-24 20:09:38 WARN  o.s.b.j.a.JpaBaseConfiguration$JpaWebConfiguration - spring.jpa.open-in-view is enabled by default. Therefore, database queries may be performed during view rendering. Explicitly configure spring.jpa.open-in-view to disable this warning
2026-06-24 20:09:38 INFO  o.s.s.c.a.a.c.InitializeUserDetailsBeanManagerConfigurer$InitializeUserDetailsManagerConfigurer - Global AuthenticationManager configured with UserDetailsService bean with name userDetailsService
2026-06-24 20:09:39 INFO  o.s.c.n.e.c.DiscoveryClientOptionalArgsConfiguration - Eureka HTTP Client uses RestClient.
2026-06-24 20:09:39 WARN  o.s.c.l.c.LoadBalancerCacheAutoConfiguration$LoadBalancerCaffeineWarnLogger - Spring Cloud LoadBalancer is currently working with the default cache. While this cache implementation is useful for development and tests, it's recommended to use Caffeine cache in production.You can switch to using Caffeine cache, by adding it and org.springframework.cache.caffeine.CaffeineCacheManager to the classpath.
2026-06-24 20:09:39 INFO  c.e.l.ProductoServiceTest - Started ProductoServiceTest in 4.605 seconds (process running for 5.684)
2026-06-24 20:09:39 INFO  o.s.cloud.netflix.eureka.InstanceInfoFactory - Setting initial instance status as: STARTING
2026-06-24 20:09:39 INFO  o.s.c.n.e.serviceregistry.EurekaServiceRegistry - Unregistering application LMCATALOGMS with eureka with status DOWN
2026-06-24 20:09:39 INFO  o.s.orm.jpa.LocalContainerEntityManagerFactoryBean - Closing JPA EntityManagerFactory for persistence unit 'default'
2026-06-24 20:09:39 INFO  com.zaxxer.hikari.HikariDataSource - HikariPool-1 - Shutdown initiated...
2026-06-24 20:09:39 INFO  com.zaxxer.hikari.HikariDataSource - HikariPool-1 - Shutdown completed.
2026-06-24 20:09:47 INFO  c.e.l.ProveedorControllerTest - Starting ProveedorControllerTest using Java 21.0.11 with PID 39727 (started by apric in /run/media/apric/a0483016-93be-4d8d-b285-30d2ee3fccb7/GitHub/lbMarket/LibreriaMaketCatalogService/libreriaMarketCatalogService)
2026-06-24 20:09:47 DEBUG c.e.l.ProveedorControllerTest - Running with Spring Boot v4.0.0, Spring v7.0.1
2026-06-24 20:09:47 INFO  c.e.l.ProveedorControllerTest - The following 1 profile is active: "test"
2026-06-24 20:09:48 WARN  o.s.b.s.a.UserDetailsServiceAutoConfiguration - 

Using generated security password: 616b39d2-472f-4ce8-9120-ba36c0b80430

This generated password is for development use only. Your security configuration must be updated before running your application in production.

2026-06-24 20:09:48 INFO  o.s.b.test.mock.web.SpringBootMockServletContext - Initializing Spring TestDispatcherServlet ''
2026-06-24 20:09:48 INFO  o.s.test.web.servlet.TestDispatcherServlet - Initializing Servlet ''
2026-06-24 20:09:48 INFO  o.s.test.web.servlet.TestDispatcherServlet - Completed initialization in 2 ms
2026-06-24 20:09:48 INFO  c.e.l.ProveedorControllerTest - Started ProveedorControllerTest in 1.797 seconds (process running for 2.808)
2026-06-24 20:09:48 INFO  c.e.l.controller.ProductoController - Recibiendo solicitud para crear proveedor
2026-06-24 20:09:48 INFO  c.e.l.controller.ProductoController - Recibiendo solicitud para actualizar proveedor con ID: 1.
2026-06-24 20:09:48 INFO  c.e.l.controller.ProductoController - Recibiendo solicitud para borrar proveedor con ID: 1.
2026-06-24 20:09:48 INFO  c.e.l.controller.ProductoController - Recibiendo solicitud para buscar listado de proveedores.
2026-06-24 20:09:48 INFO  c.e.l.controller.ProductoController - Solicitud para buscar listado de proveedores-> encontrado(s) y listado(s)
2026-06-24 20:09:48 INFO  c.e.l.controller.ProductoController - Recibiendo solicitud para buscar listado de proveedores.
2026-06-24 20:09:48 INFO  c.e.l.controller.ProductoController - Solicitud para buscar listado de proveedores-> sin coincidencias
2026-06-24 20:09:48 INFO  c.e.l.controller.ProductoController - Recibiendo solicitud para actualizar proveedor con ID: 1.
2026-06-24 20:09:48 INFO  c.e.l.controller.ProductoController - Solicitud para actualizar proveedor con ID: 1.-> actualizado
2026-06-24 20:09:48 INFO  c.e.l.controller.ProductoController - Recibiendo solicitud para crear proveedor
2026-06-24 20:09:48 INFO  c.e.l.controller.ProductoController - Solicitud para crear proveedor-> creado con ID Proveedor: 1, Nombre Distribuidora Libros, Contacto libros@distro.com
2026-06-24 20:09:48 INFO  c.e.l.controller.ProductoController - Recibiendo solicitud para borrar proveedor con ID: 1.
2026-06-24 20:09:48 INFO  c.e.l.controller.ProductoController - Solicitud para borrar proveedor con iD: 1.-> borrado
2026-06-24 20:09:48 INFO  c.e.l.controller.ProductoController - Recibiendo solicitud para crear proveedor
2026-06-24 20:09:48 INFO  c.e.l.controller.ProductoController - Recibiendo solicitud para buscar proveedor por ID: 1.
2026-06-24 20:09:48 INFO  c.e.l.controller.ProductoController - Recibiendo solicitud para buscar proveedor por ID: 1.
2026-06-24 20:09:48 INFO  c.e.l.controller.ProductoController - Solicitud para buscar proveedor por ID: 1.-> encontrado
2026-06-24 20:09:54 INFO  c.e.l.ProveedorServiceTest - Starting ProveedorServiceTest using Java 21.0.11 with PID 39835 (started by apric in /run/media/apric/a0483016-93be-4d8d-b285-30d2ee3fccb7/GitHub/lbMarket/LibreriaMaketCatalogService/libreriaMarketCatalogService)
2026-06-24 20:09:54 DEBUG c.e.l.ProveedorServiceTest - Running with Spring Boot v4.0.0, Spring v7.0.1
2026-06-24 20:09:54 INFO  c.e.l.ProveedorServiceTest - The following 1 profile is active: "test"
2026-06-24 20:09:55 INFO  o.s.d.r.config.RepositoryConfigurationDelegate - Bootstrapping Spring Data JPA repositories in DEFAULT mode.
2026-06-24 20:09:55 INFO  o.s.d.r.config.RepositoryConfigurationDelegate - Finished Spring Data repository scanning in 95 ms. Found 2 JPA repository interfaces.
2026-06-24 20:09:55 INFO  o.springframework.cloud.context.scope.GenericScope - BeanFactory id=e80de23b-229b-306e-8490-0734d61a73db
2026-06-24 20:09:56 INFO  com.zaxxer.hikari.HikariDataSource - HikariPool-1 - Starting...
2026-06-24 20:09:56 INFO  com.zaxxer.hikari.pool.HikariPool - HikariPool-1 - Added connection com.mysql.cj.jdbc.ConnectionImpl@20fdaf3e
2026-06-24 20:09:56 INFO  com.zaxxer.hikari.HikariDataSource - HikariPool-1 - Start completed.
2026-06-24 20:09:56 INFO  org.flywaydb.core.FlywayExecutor - Database: jdbc:mysql://localhost:3306/catalog_db (MySQL 12.3)
2026-06-24 20:09:56 WARN  org.flywaydb.core.internal.database.base.Database - Using MariaDB 12.3 which is newer than the version Flyway has been verified with. The latest verified version of MariaDB is 11.7.
2026-06-24 20:09:56 INFO  org.flywaydb.core.internal.command.DbValidate - Successfully validated 3 migrations (execution time 00:00.022s)
2026-06-24 20:09:56 INFO  org.flywaydb.core.internal.command.DbMigrate - Current version of schema `catalog_db`: 3
2026-06-24 20:09:56 INFO  org.flywaydb.core.internal.command.DbMigrate - Schema `catalog_db` is up to date. No migration necessary.
2026-06-24 20:09:57 INFO  o.s.o.j.persistenceunit.SpringPersistenceUnitInfo - No LoadTimeWeaver setup: ignoring JPA class transformer
2026-06-24 20:09:57 INFO  o.s.orm.jpa.LocalContainerEntityManagerFactoryBean - Initialized JPA EntityManagerFactory for persistence unit 'default'
2026-06-24 20:09:57 INFO  o.s.d.jpa.repository.query.QueryEnhancerFactories - Hibernate is in classpath; If applicable, HQL parser will be used.
2026-06-24 20:09:58 WARN  o.s.b.j.a.JpaBaseConfiguration$JpaWebConfiguration - spring.jpa.open-in-view is enabled by default. Therefore, database queries may be performed during view rendering. Explicitly configure spring.jpa.open-in-view to disable this warning
2026-06-24 20:09:58 INFO  o.s.s.c.a.a.c.InitializeUserDetailsBeanManagerConfigurer$InitializeUserDetailsManagerConfigurer - Global AuthenticationManager configured with UserDetailsService bean with name userDetailsService
2026-06-24 20:09:59 INFO  o.s.c.n.e.c.DiscoveryClientOptionalArgsConfiguration - Eureka HTTP Client uses RestClient.
2026-06-24 20:09:59 WARN  o.s.c.l.c.LoadBalancerCacheAutoConfiguration$LoadBalancerCaffeineWarnLogger - Spring Cloud LoadBalancer is currently working with the default cache. While this cache implementation is useful for development and tests, it's recommended to use Caffeine cache in production.You can switch to using Caffeine cache, by adding it and org.springframework.cache.caffeine.CaffeineCacheManager to the classpath.
2026-06-24 20:09:59 INFO  c.e.l.ProveedorServiceTest - Started ProveedorServiceTest in 4.765 seconds (process running for 5.861)
2026-06-24 20:09:59 INFO  o.s.cloud.netflix.eureka.InstanceInfoFactory - Setting initial instance status as: STARTING
2026-06-24 20:09:59 INFO  o.s.c.n.e.serviceregistry.EurekaServiceRegistry - Unregistering application LMCATALOGMS with eureka with status DOWN
2026-06-24 20:09:59 INFO  o.s.orm.jpa.LocalContainerEntityManagerFactoryBean - Closing JPA EntityManagerFactory for persistence unit 'default'
2026-06-24 20:09:59 INFO  com.zaxxer.hikari.HikariDataSource - HikariPool-1 - Shutdown initiated...
2026-06-24 20:09:59 INFO  com.zaxxer.hikari.HikariDataSource - HikariPool-1 - Shutdown completed.
2026-06-24 21:22:56 INFO  c.e.l.ProveedorServiceTest - Starting ProveedorServiceTest using Java 21.0.11 with PID 41157 (started by apric in /run/media/apric/a0483016-93be-4d8d-b285-30d2ee3fccb7/GitHub/lbMarket/LibreriaMaketCatalogService/libreriaMarketCatalogService)
2026-06-24 21:22:56 DEBUG c.e.l.ProveedorServiceTest - Running with Spring Boot v4.0.0, Spring v7.0.1
2026-06-24 21:22:56 INFO  c.e.l.ProveedorServiceTest - The following 1 profile is active: "test"
2026-06-24 21:22:57 INFO  o.s.d.r.config.RepositoryConfigurationDelegate - Bootstrapping Spring Data JPA repositories in DEFAULT mode.
2026-06-24 21:22:57 INFO  o.s.d.r.config.RepositoryConfigurationDelegate - Finished Spring Data repository scanning in 152 ms. Found 2 JPA repository interfaces.
2026-06-24 21:22:57 INFO  o.springframework.cloud.context.scope.GenericScope - BeanFactory id=e80de23b-229b-306e-8490-0734d61a73db
2026-06-24 21:22:59 INFO  com.zaxxer.hikari.HikariDataSource - HikariPool-1 - Starting...
2026-06-24 21:22:59 INFO  com.zaxxer.hikari.pool.HikariPool - HikariPool-1 - Added connection com.mysql.cj.jdbc.ConnectionImpl@23cde615
2026-06-24 21:22:59 INFO  com.zaxxer.hikari.HikariDataSource - HikariPool-1 - Start completed.
2026-06-24 21:22:59 INFO  org.flywaydb.core.FlywayExecutor - Database: jdbc:mysql://localhost:3306/catalog_db (MySQL 12.3)
2026-06-24 21:22:59 WARN  org.flywaydb.core.internal.database.base.Database - Using MariaDB 12.3 which is newer than the version Flyway has been verified with. The latest verified version of MariaDB is 11.7.
2026-06-24 21:22:59 INFO  org.flywaydb.core.internal.command.DbValidate - Successfully validated 3 migrations (execution time 00:00.037s)
2026-06-24 21:23:00 INFO  org.flywaydb.core.internal.command.DbMigrate - Current version of schema `catalog_db`: 3
2026-06-24 21:23:00 INFO  org.flywaydb.core.internal.command.DbMigrate - Schema `catalog_db` is up to date. No migration necessary.
2026-06-24 21:23:00 INFO  o.s.o.j.persistenceunit.SpringPersistenceUnitInfo - No LoadTimeWeaver setup: ignoring JPA class transformer
2026-06-24 21:23:01 INFO  o.s.orm.jpa.LocalContainerEntityManagerFactoryBean - Initialized JPA EntityManagerFactory for persistence unit 'default'
2026-06-24 21:23:01 INFO  o.s.d.jpa.repository.query.QueryEnhancerFactories - Hibernate is in classpath; If applicable, HQL parser will be used.
2026-06-24 21:23:02 WARN  o.s.b.j.a.JpaBaseConfiguration$JpaWebConfiguration - spring.jpa.open-in-view is enabled by default. Therefore, database queries may be performed during view rendering. Explicitly configure spring.jpa.open-in-view to disable this warning
2026-06-24 21:23:02 INFO  o.s.s.c.a.a.c.InitializeUserDetailsBeanManagerConfigurer$InitializeUserDetailsManagerConfigurer - Global AuthenticationManager configured with UserDetailsService bean with name userDetailsService
2026-06-24 21:23:03 INFO  o.s.c.n.e.c.DiscoveryClientOptionalArgsConfiguration - Eureka HTTP Client uses RestClient.
2026-06-24 21:23:03 WARN  o.s.c.l.c.LoadBalancerCacheAutoConfiguration$LoadBalancerCaffeineWarnLogger - Spring Cloud LoadBalancer is currently working with the default cache. While this cache implementation is useful for development and tests, it's recommended to use Caffeine cache in production.You can switch to using Caffeine cache, by adding it and org.springframework.cache.caffeine.CaffeineCacheManager to the classpath.
2026-06-24 21:23:03 INFO  c.e.l.ProveedorServiceTest - Started ProveedorServiceTest in 7.734 seconds (process running for 9.265)
2026-06-24 21:23:03 INFO  o.s.t.c.support.AnnotationConfigContextLoaderUtils - Could not detect default configuration classes for test class [com.example.libreriaMarketCatalogService.controller.ProveedorControllerTest]: ProveedorControllerTest does not declare any static, non-private, non-final, nested classes annotated with @Configuration.
2026-06-24 21:23:03 INFO  o.s.b.t.context.SpringBootTestContextBootstrapper - Found @SpringBootConfiguration com.example.libreriaMarketCatalogService.LibreriaMarketCatalogServiceApplication for test class com.example.libreriaMarketCatalogService.controller.ProveedorControllerTest
2026-06-24 21:23:03 INFO  c.e.l.ProveedorControllerTest - Starting ProveedorControllerTest using Java 21.0.11 with PID 41157 (started by apric in /run/media/apric/a0483016-93be-4d8d-b285-30d2ee3fccb7/GitHub/lbMarket/LibreriaMaketCatalogService/libreriaMarketCatalogService)
2026-06-24 21:23:03 DEBUG c.e.l.ProveedorControllerTest - Running with Spring Boot v4.0.0, Spring v7.0.1
2026-06-24 21:23:03 INFO  c.e.l.ProveedorControllerTest - The following 1 profile is active: "test"
2026-06-24 21:23:04 WARN  o.s.b.s.a.UserDetailsServiceAutoConfiguration - 

Using generated security password: 474ffcb4-fe42-4f0e-a696-78ed9ba0f31f

This generated password is for development use only. Your security configuration must be updated before running your application in production.

2026-06-24 21:23:04 INFO  o.s.b.test.mock.web.SpringBootMockServletContext - Initializing Spring TestDispatcherServlet ''
2026-06-24 21:23:04 INFO  o.s.test.web.servlet.TestDispatcherServlet - Initializing Servlet ''
2026-06-24 21:23:04 INFO  o.s.test.web.servlet.TestDispatcherServlet - Completed initialization in 1 ms
2026-06-24 21:23:04 INFO  c.e.l.ProveedorControllerTest - Started ProveedorControllerTest in 0.435 seconds (process running for 9.885)
2026-06-24 21:23:04 INFO  c.e.l.controller.ProductoController - Recibiendo solicitud para actualizar proveedor con ID: 1.
2026-06-24 21:23:04 INFO  c.e.l.controller.ProductoController - Recibiendo solicitud para borrar proveedor con ID: 1.
2026-06-24 21:23:04 INFO  c.e.l.controller.ProductoController - Recibiendo solicitud para buscar listado de proveedores.
2026-06-24 21:23:04 INFO  c.e.l.controller.ProductoController - Solicitud para buscar listado de proveedores-> encontrado(s) y listado(s)
2026-06-24 21:23:04 INFO  c.e.l.controller.ProductoController - Recibiendo solicitud para buscar listado de proveedores.
2026-06-24 21:23:04 INFO  c.e.l.controller.ProductoController - Solicitud para buscar listado de proveedores-> sin coincidencias
2026-06-24 21:23:04 INFO  c.e.l.controller.ProductoController - Recibiendo solicitud para actualizar proveedor con ID: 1.
2026-06-24 21:23:04 INFO  c.e.l.controller.ProductoController - Solicitud para actualizar proveedor con ID: 1.-> actualizado
2026-06-24 21:23:04 INFO  c.e.l.controller.ProductoController - Recibiendo solicitud para crear proveedor
2026-06-24 21:23:04 INFO  c.e.l.controller.ProductoController - Solicitud para crear proveedor-> creado con ID Proveedor: 1, Nombre Distribuidora Libros, Contacto libros@distro.com
2026-06-24 21:23:04 INFO  c.e.l.controller.ProductoController - Recibiendo solicitud para borrar proveedor con ID: 1.
2026-06-24 21:23:04 INFO  c.e.l.controller.ProductoController - Solicitud para borrar proveedor con iD: 1.-> borrado
2026-06-24 21:23:04 INFO  c.e.l.controller.ProductoController - Recibiendo solicitud para crear proveedor
2026-06-24 21:23:04 INFO  c.e.l.controller.ProductoController - Recibiendo solicitud para buscar proveedor por ID: 1.
2026-06-24 21:23:04 INFO  c.e.l.controller.ProductoController - Recibiendo solicitud para buscar proveedor por ID: 1.
2026-06-24 21:23:04 INFO  c.e.l.controller.ProductoController - Solicitud para buscar proveedor por ID: 1.-> encontrado
2026-06-24 21:23:04 INFO  c.e.l.controller.ProductoController - Recibiendo solicitud para borrar proveedor con ID: 1.
2026-06-24 21:23:04 INFO  o.s.t.c.support.AnnotationConfigContextLoaderUtils - Could not detect default configuration classes for test class [com.example.libreriaMarketCatalogService.service.ProductoServiceTest]: ProductoServiceTest does not declare any static, non-private, non-final, nested classes annotated with @Configuration.
2026-06-24 21:23:04 INFO  o.s.b.t.context.SpringBootTestContextBootstrapper - Found @SpringBootConfiguration com.example.libreriaMarketCatalogService.LibreriaMarketCatalogServiceApplication for test class com.example.libreriaMarketCatalogService.service.ProductoServiceTest
2026-06-24 21:23:04 INFO  c.e.l.ProductoServiceTest - Starting ProductoServiceTest using Java 21.0.11 with PID 41157 (started by apric in /run/media/apric/a0483016-93be-4d8d-b285-30d2ee3fccb7/GitHub/lbMarket/LibreriaMaketCatalogService/libreriaMarketCatalogService)
2026-06-24 21:23:04 DEBUG c.e.l.ProductoServiceTest - Running with Spring Boot v4.0.0, Spring v7.0.1
2026-06-24 21:23:04 INFO  c.e.l.ProductoServiceTest - The following 1 profile is active: "test"
2026-06-24 21:23:05 INFO  o.s.d.r.config.RepositoryConfigurationDelegate - Bootstrapping Spring Data JPA repositories in DEFAULT mode.
2026-06-24 21:23:05 INFO  o.s.d.r.config.RepositoryConfigurationDelegate - Finished Spring Data repository scanning in 6 ms. Found 2 JPA repository interfaces.
2026-06-24 21:23:05 INFO  o.springframework.cloud.context.scope.GenericScope - BeanFactory id=e80de23b-229b-306e-8490-0734d61a73db
2026-06-24 21:23:05 INFO  com.zaxxer.hikari.HikariDataSource - HikariPool-2 - Starting...
2026-06-24 21:23:05 INFO  com.zaxxer.hikari.pool.HikariPool - HikariPool-2 - Added connection com.mysql.cj.jdbc.ConnectionImpl@5aeb42b7
2026-06-24 21:23:05 INFO  com.zaxxer.hikari.HikariDataSource - HikariPool-2 - Start completed.
2026-06-24 21:23:05 INFO  org.flywaydb.core.FlywayExecutor - Database: jdbc:mysql://localhost:3306/catalog_db (MySQL 12.3)
2026-06-24 21:23:05 WARN  org.flywaydb.core.internal.database.base.Database - Using MariaDB 12.3 which is newer than the version Flyway has been verified with. The latest verified version of MariaDB is 11.7.
2026-06-24 21:23:05 INFO  org.flywaydb.core.internal.command.DbValidate - Successfully validated 3 migrations (execution time 00:00.006s)
2026-06-24 21:23:05 INFO  org.flywaydb.core.internal.command.DbMigrate - Current version of schema `catalog_db`: 3
2026-06-24 21:23:05 INFO  org.flywaydb.core.internal.command.DbMigrate - Schema `catalog_db` is up to date. No migration necessary.
2026-06-24 21:23:05 INFO  o.s.o.j.persistenceunit.SpringPersistenceUnitInfo - No LoadTimeWeaver setup: ignoring JPA class transformer
2026-06-24 21:23:05 INFO  o.s.orm.jpa.LocalContainerEntityManagerFactoryBean - Initialized JPA EntityManagerFactory for persistence unit 'default'
2026-06-24 21:23:05 WARN  o.s.b.j.a.JpaBaseConfiguration$JpaWebConfiguration - spring.jpa.open-in-view is enabled by default. Therefore, database queries may be performed during view rendering. Explicitly configure spring.jpa.open-in-view to disable this warning
2026-06-24 21:23:05 INFO  o.s.s.c.a.a.c.InitializeUserDetailsBeanManagerConfigurer$InitializeUserDetailsManagerConfigurer - Global AuthenticationManager configured with UserDetailsService bean with name userDetailsService
2026-06-24 21:23:05 INFO  o.s.c.n.e.c.DiscoveryClientOptionalArgsConfiguration - Eureka HTTP Client uses RestClient.
2026-06-24 21:23:05 WARN  o.s.c.l.c.LoadBalancerCacheAutoConfiguration$LoadBalancerCaffeineWarnLogger - Spring Cloud LoadBalancer is currently working with the default cache. While this cache implementation is useful for development and tests, it's recommended to use Caffeine cache in production.You can switch to using Caffeine cache, by adding it and org.springframework.cache.caffeine.CaffeineCacheManager to the classpath.
2026-06-24 21:23:06 INFO  c.e.l.ProductoServiceTest - Started ProductoServiceTest in 1.302 seconds (process running for 11.657)
2026-06-24 21:23:06 INFO  o.s.t.c.support.AnnotationConfigContextLoaderUtils - Could not detect default configuration classes for test class [com.example.libreriaMarketCatalogService.controller.ProductoControllerTest]: ProductoControllerTest does not declare any static, non-private, non-final, nested classes annotated with @Configuration.
2026-06-24 21:23:06 INFO  o.s.b.t.context.SpringBootTestContextBootstrapper - Found @SpringBootConfiguration com.example.libreriaMarketCatalogService.LibreriaMarketCatalogServiceApplication for test class com.example.libreriaMarketCatalogService.controller.ProductoControllerTest
2026-06-24 21:23:06 INFO  c.e.l.ProductoControllerTest - Starting ProductoControllerTest using Java 21.0.11 with PID 41157 (started by apric in /run/media/apric/a0483016-93be-4d8d-b285-30d2ee3fccb7/GitHub/lbMarket/LibreriaMaketCatalogService/libreriaMarketCatalogService)
2026-06-24 21:23:06 DEBUG c.e.l.ProductoControllerTest - Running with Spring Boot v4.0.0, Spring v7.0.1
2026-06-24 21:23:06 INFO  c.e.l.ProductoControllerTest - The following 1 profile is active: "test"
2026-06-24 21:23:06 WARN  o.s.b.s.a.UserDetailsServiceAutoConfiguration - 

Using generated security password: d2abc459-914c-4e8b-84a8-76ee8fa82776

This generated password is for development use only. Your security configuration must be updated before running your application in production.

2026-06-24 21:23:06 INFO  o.s.b.test.mock.web.SpringBootMockServletContext - Initializing Spring TestDispatcherServlet ''
2026-06-24 21:23:06 INFO  o.s.test.web.servlet.TestDispatcherServlet - Initializing Servlet ''
2026-06-24 21:23:06 INFO  o.s.test.web.servlet.TestDispatcherServlet - Completed initialization in 1 ms
2026-06-24 21:23:06 INFO  c.e.l.ProductoControllerTest - Started ProductoControllerTest in 0.232 seconds (process running for 12.0)
2026-06-24 21:23:06 INFO  c.e.l.controller.ProductoController - Recibiendo solicitud para crear/guardar producto.
2026-06-24 21:23:06 INFO  c.e.l.controller.ProductoController - Recibiendo solicitud para actualizar producto con ID: 3.
2026-06-24 21:23:06 INFO  c.e.l.controller.ProductoController - Recibiendo solicitud para actualizar producto con ID: 3.
2026-06-24 21:23:06 INFO  c.e.l.controller.ProductoController - Recibiendo solicitud para borrar producto con ID: 3.
2026-06-24 21:23:06 INFO  c.e.l.controller.ProductoController - Recibiendo solicitud para buscar listado de productos.
2026-06-24 21:23:06 INFO  c.e.l.controller.ProductoController - Solicitud para buscar listado de productos.=> encontrado(s) y enlistado(s).
2026-06-24 21:23:06 INFO  c.e.l.controller.ProductoController - Recibiendo solicitud para buscar listado de productos.
2026-06-24 21:23:06 INFO  c.e.l.controller.ProductoController - Solicitud para buscar listado de productos.=> sin coincidencias (vacío).
2026-06-24 21:23:06 INFO  c.e.l.controller.ProductoController - Recibiendo solicitud para actualizar producto con ID: 3.
2026-06-24 21:23:06 INFO  c.e.l.controller.ProductoController - Solicitud para actualizar producto con ID: 3. => actualizado.
2026-06-24 21:23:06 INFO  c.e.l.controller.ProductoController - Recibiendo solicitud para crear/guardar producto.
2026-06-24 21:23:06 INFO  c.e.l.controller.ProductoController - Solicitud para crear/guardar producto.=> creado con ID Producto: 3, ID Producto: Java for Dummies, Titulo: Terry A. Burd, Autor: Wiley, Editorial: Programación, Categoria: 2022, Anio Publicacion: 978-111-98-6164-5, ISBN: desc, Descripcion: 1, ID Proveedor: Distribuidora Libros, Nombre Proveedor: {}
2026-06-24 21:23:06 INFO  c.e.l.controller.ProductoController - Recibiendo solicitud para borrar producto con ID: 3.
2026-06-24 21:23:06 INFO  c.e.l.controller.ProductoController - Solicitud para borrar producto con ID: 3. => encontrado y borrado.
2026-06-24 21:23:06 INFO  c.e.l.controller.ProductoController - Recibiendo solicitud para buscar producto por ID: 3.
2026-06-24 21:23:06 INFO  c.e.l.controller.ProductoController - Recibiendo solicitud para buscar producto por ID: 3.
2026-06-24 21:23:06 INFO  c.e.l.controller.ProductoController - Solicitud para buscar producto por ID: 3.=> encontrado.
2026-06-24 21:23:06 INFO  c.e.l.controller.ProductoController - Recibiendo solicitud para crear/guardar producto.
2026-06-24 21:23:06 INFO  c.e.l.controller.ProductoController - Recibiendo solicitud para actualizar producto con ID: 3.
2026-06-24 21:23:06 INFO  o.s.cloud.netflix.eureka.InstanceInfoFactory - Setting initial instance status as: STARTING
2026-06-24 21:23:06 INFO  o.s.c.n.e.serviceregistry.EurekaServiceRegistry - Unregistering application LMCATALOGMS with eureka with status DOWN
2026-06-24 21:23:06 INFO  o.s.orm.jpa.LocalContainerEntityManagerFactoryBean - Closing JPA EntityManagerFactory for persistence unit 'default'
2026-06-24 21:23:06 INFO  com.zaxxer.hikari.HikariDataSource - HikariPool-1 - Shutdown initiated...
2026-06-24 21:23:06 INFO  com.zaxxer.hikari.HikariDataSource - HikariPool-1 - Shutdown completed.
2026-06-24 21:23:06 INFO  o.s.cloud.netflix.eureka.InstanceInfoFactory - Setting initial instance status as: STARTING
2026-06-24 21:23:06 INFO  o.s.c.n.e.serviceregistry.EurekaServiceRegistry - Unregistering application LMCATALOGMS with eureka with status DOWN
2026-06-24 21:23:06 INFO  o.s.orm.jpa.LocalContainerEntityManagerFactoryBean - Closing JPA EntityManagerFactory for persistence unit 'default'
2026-06-24 21:23:06 INFO  com.zaxxer.hikari.HikariDataSource - HikariPool-2 - Shutdown initiated...
2026-06-24 21:23:06 INFO  com.zaxxer.hikari.HikariDataSource - HikariPool-2 - Shutdown completed.
2026-06-24 21:32:53 INFO  c.e.l.controllerV2.ProductoControllerV2Test - Starting ProductoControllerV2Test using Java 21.0.11 with PID 41871 (started by apric in /run/media/apric/a0483016-93be-4d8d-b285-30d2ee3fccb7/GitHub/lbMarket/LibreriaMaketCatalogService/libreriaMarketCatalogService)
2026-06-24 21:32:53 DEBUG c.e.l.controllerV2.ProductoControllerV2Test - Running with Spring Boot v4.0.0, Spring v7.0.1
2026-06-24 21:32:53 INFO  c.e.l.controllerV2.ProductoControllerV2Test - The following 1 profile is active: "test"
2026-06-24 21:32:54 WARN  o.s.w.context.support.GenericWebApplicationContext - Exception encountered during context initialization - cancelling refresh attempt: org.springframework.beans.factory.UnsatisfiedDependencyException: Error creating bean with name 'productoControllerV2': Unsatisfied dependency expressed through field 'assembler': No qualifying bean of type 'com.example.libreriaMarketCatalogService.assemblers.ProductoModelAssembler' available: expected at least 1 bean which qualifies as autowire candidate. Dependency annotations: {@org.springframework.beans.factory.annotation.Autowired(required=true)}
2026-06-24 21:32:54 INFO  o.s.b.a.logging.ConditionEvaluationReportLogger - 

Error starting ApplicationContext. To display the condition evaluation report re-run your application with 'debug' enabled.
2026-06-24 21:32:54 ERROR o.s.b.diagnostics.LoggingFailureAnalysisReporter - 

***************************
APPLICATION FAILED TO START
***************************

Description:

Field assembler in com.example.libreriaMarketCatalogService.controller.ProductoControllerV2 required a bean of type 'com.example.libreriaMarketCatalogService.assemblers.ProductoModelAssembler' that could not be found.

The injection point has the following annotations:
	- @org.springframework.beans.factory.annotation.Autowired(required=true)


Action:

Consider defining a bean of type 'com.example.libreriaMarketCatalogService.assemblers.ProductoModelAssembler' in your configuration.

2026-06-24 21:32:54 WARN  o.springframework.test.context.TestContextManager - Caught exception while allowing TestExecutionListener [org.springframework.test.context.bean.override.BeanOverrideTestExecutionListener] to prepare test instance [com.example.libreriaMarketCatalogService.controllerV2.ProductoControllerV2Test@77d0dbba]
java.lang.IllegalStateException: Failed to load ApplicationContext for [WebMergedContextConfiguration@44de8e00 testClass = com.example.libreriaMarketCatalogService.controllerV2.ProductoControllerV2Test, locations = [], classes = [com.example.libreriaMarketCatalogService.LibreriaMarketCatalogServiceApplication], contextInitializerClasses = [], activeProfiles = [], propertySourceDescriptors = [], propertySourceProperties = ["org.springframework.boot.webmvc.test.autoconfigure.WebMvcTestContextBootstrapper=true"], contextCustomizers = [[ImportsContextCustomizer@3cbfdf5c key = [org.springframework.boot.hateoas.autoconfigure.HypermediaAutoConfiguration, org.springframework.boot.jackson2.autoconfigure.Jackson2AutoConfiguration, org.springframework.boot.autoconfigure.task.TaskExecutionAutoConfiguration, org.springframework.boot.webmvc.test.autoconfigure.MockMvcWebDriverAutoConfiguration, org.springframework.boot.security.autoconfigure.SecurityAutoConfiguration, org.springframework.boot.autoconfigure.context.MessageSourceAutoConfiguration, org.springframework.boot.security.autoconfigure.web.servlet.SecurityFilterAutoConfiguration, org.springframework.boot.data.autoconfigure.web.DataWebAutoConfiguration, org.springframework.boot.webmvc.autoconfigure.error.ErrorMvcAutoConfiguration, org.springframework.boot.validation.autoconfigure.ValidationAutoConfiguration, org.springframework.boot.webmvc.autoconfigure.WebMvcAutoConfiguration, org.springframework.boot.security.test.autoconfigure.webmvc.SecurityMockMvcAutoConfiguration, org.springframework.boot.http.converter.autoconfigure.HttpMessageConvertersAutoConfiguration, org.springframework.boot.jackson.autoconfigure.JacksonAutoConfiguration, org.springframework.boot.webmvc.test.autoconfigure.MockMvcWebClientAutoConfiguration, org.springframework.boot.servlet.autoconfigure.HttpEncodingAutoConfiguration, org.springframework.boot.security.autoconfigure.UserDetailsServiceAutoConfiguration, org.springframework.boot.webmvc.test.autoconfigure.MockMvcAutoConfiguration]], org.springframework.boot.test.context.PropertyMappingContextCustomizer@2d298995, org.springframework.boot.test.context.filter.ExcludeFilterContextCustomizer@22ee2d0, org.springframework.boot.test.context.filter.annotation.TypeExcludeFiltersContextCustomizer@9d6afc69, org.springframework.boot.test.json.DuplicateJsonObjectContextCustomizerFactory$DuplicateJsonObjectContextCustomizer@31198ceb, org.springframework.boot.test.autoconfigure.OnFailureConditionReportContextCustomizerFactory$OnFailureConditionReportContextCustomizer@7726e185, org.springframework.boot.test.autoconfigure.OverrideAutoConfigurationContextCustomizerFactory$DisableAutoConfigurationContextCustomizer@3d9fc57a, org.springframework.test.context.bean.override.BeanOverrideContextCustomizer@8cd7d1e8, org.springframework.test.context.support.DynamicPropertiesContextCustomizer@0, org.springframework.boot.webmvc.test.autoconfigure.WebDriverContextCustomizer@589b028e, org.springframework.boot.web.server.context.SpringBootTestRandomPortContextCustomizerFactory$Customizer@3b809711, org.springframework.boot.test.context.SpringBootTestAnnotation@dc96e641], resourceBasePath = "src/main/webapp", contextLoader = org.springframework.boot.test.context.SpringBootContextLoader, parent = null]
	at org.springframework.test.context.cache.DefaultCacheAwareContextLoaderDelegate.lambda$loadContext$0(DefaultCacheAwareContextLoaderDelegate.java:195)
	at org.springframework.test.context.cache.DefaultContextCache.put(DefaultContextCache.java:172)
	at org.springframework.test.context.cache.DefaultCacheAwareContextLoaderDelegate.loadContext(DefaultCacheAwareContextLoaderDelegate.java:160)
	at org.springframework.test.context.support.DefaultTestContext.getApplicationContext(DefaultTestContext.java:128)
	at org.springframework.test.context.bean.override.BeanOverrideTestExecutionListener.injectFields(BeanOverrideTestExecutionListener.java:107)
	at org.springframework.test.context.bean.override.BeanOverrideTestExecutionListener.prepareTestInstance(BeanOverrideTestExecutionListener.java:70)
	at org.springframework.test.context.TestContextManager.prepareTestInstance(TestContextManager.java:260)
	at org.springframework.test.context.junit.jupiter.SpringExtension.postProcessTestInstance(SpringExtension.java:203)
	at org.junit.jupiter.engine.descriptor.ClassBasedTestDescriptor.lambda$invokeTestInstancePostProcessors$1(ClassBasedTestDescriptor.java:423)
	at org.junit.jupiter.engine.descriptor.ClassBasedTestDescriptor.executeAndMaskThrowable(ClassBasedTestDescriptor.java:428)
	at org.junit.jupiter.engine.descriptor.ClassBasedTestDescriptor.lambda$invokeTestInstancePostProcessors$0(ClassBasedTestDescriptor.java:422)
	at java.base/java.util.stream.ForEachOps$ForEachOp$OfRef.accept(ForEachOps.java:184)
	at java.base/java.util.stream.ReferencePipeline$3$1.accept(ReferencePipeline.java:197)
	at java.base/java.util.stream.ReferencePipeline$2$1.accept(ReferencePipeline.java:179)
	at java.base/java.util.stream.ReferencePipeline$3$1.accept(ReferencePipeline.java:197)
	at java.base/java.util.ArrayList$ArrayListSpliterator.forEachRemaining(ArrayList.java:1708)
	at java.base/java.util.stream.AbstractPipeline.copyInto(AbstractPipeline.java:509)
	at java.base/java.util.stream.AbstractPipeline.wrapAndCopyInto(AbstractPipeline.java:499)
	at java.base/java.util.stream.ForEachOps$ForEachOp.evaluateSequential(ForEachOps.java:151)
	at java.base/java.util.stream.ForEachOps$ForEachOp$OfRef.evaluateSequential(ForEachOps.java:174)
	at java.base/java.util.stream.AbstractPipeline.evaluate(AbstractPipeline.java:234)
	at java.base/java.util.stream.ReferencePipeline.forEach(ReferencePipeline.java:596)
	at org.junit.jupiter.engine.descriptor.ClassBasedTestDescriptor.invokeTestInstancePostProcessors(ClassBasedTestDescriptor.java:422)
	at org.junit.jupiter.engine.descriptor.ClassBasedTestDescriptor.lambda$instantiateAndPostProcessTestInstance$0(ClassBasedTestDescriptor.java:334)
	at org.junit.platform.engine.support.hierarchical.ThrowableCollector.execute(ThrowableCollector.java:74)
	at org.junit.jupiter.engine.descriptor.ClassBasedTestDescriptor.instantiateAndPostProcessTestInstance(ClassBasedTestDescriptor.java:333)
	at org.junit.jupiter.engine.descriptor.ClassBasedTestDescriptor.lambda$testInstancesProvider$1(ClassBasedTestDescriptor.java:322)
	at java.base/java.util.Optional.orElseGet(Optional.java:364)
	at org.junit.jupiter.engine.descriptor.ClassBasedTestDescriptor.lambda$testInstancesProvider$0(ClassBasedTestDescriptor.java:321)
	at org.junit.jupiter.engine.execution.TestInstancesProvider.getTestInstances(TestInstancesProvider.java:27)
	at org.junit.jupiter.engine.descriptor.TestMethodTestDescriptor.lambda$prepare$0(TestMethodTestDescriptor.java:127)
	at org.junit.platform.engine.support.hierarchical.ThrowableCollector.execute(ThrowableCollector.java:74)
	at org.junit.jupiter.engine.descriptor.TestMethodTestDescriptor.prepare(TestMethodTestDescriptor.java:126)
	at org.junit.jupiter.engine.descriptor.TestMethodTestDescriptor.prepare(TestMethodTestDescriptor.java:70)
	at org.junit.platform.engine.support.hierarchical.NodeTestTask.lambda$prepare$0(NodeTestTask.java:144)
	at org.junit.platform.engine.support.hierarchical.ThrowableCollector.execute(ThrowableCollector.java:74)
	at org.junit.platform.engine.support.hierarchical.NodeTestTask.prepare(NodeTestTask.java:144)
	at org.junit.platform.engine.support.hierarchical.NodeTestTask.execute(NodeTestTask.java:110)
	at java.base/java.util.ArrayList.forEach(ArrayList.java:1596)
	at org.junit.platform.engine.support.hierarchical.SameThreadHierarchicalTestExecutorService.invokeAll(SameThreadHierarchicalTestExecutorService.java:42)
	at org.junit.platform.engine.support.hierarchical.NodeTestTask.lambda$executeRecursively$2(NodeTestTask.java:180)
	at org.junit.platform.engine.support.hierarchical.ThrowableCollector.execute(ThrowableCollector.java:74)
	at org.junit.platform.engine.support.hierarchical.NodeTestTask.lambda$executeRecursively$1(NodeTestTask.java:166)
	at org.junit.platform.engine.support.hierarchical.Node.around(Node.java:138)
	at org.junit.platform.engine.support.hierarchical.NodeTestTask.lambda$executeRecursively$0(NodeTestTask.java:164)
	at org.junit.platform.engine.support.hierarchical.ThrowableCollector.execute(ThrowableCollector.java:74)
	at org.junit.platform.engine.support.hierarchical.NodeTestTask.executeRecursively(NodeTestTask.java:163)
	at org.junit.platform.engine.support.hierarchical.NodeTestTask.execute(NodeTestTask.java:116)
	at java.base/java.util.ArrayList.forEach(ArrayList.java:1596)
	at org.junit.platform.engine.support.hierarchical.SameThreadHierarchicalTestExecutorService.invokeAll(SameThreadHierarchicalTestExecutorService.java:42)
	at org.junit.platform.engine.support.hierarchical.NodeTestTask.lambda$executeRecursively$2(NodeTestTask.java:180)
	at org.junit.platform.engine.support.hierarchical.ThrowableCollector.execute(ThrowableCollector.java:74)
	at org.junit.platform.engine.support.hierarchical.NodeTestTask.lambda$executeRecursively$1(NodeTestTask.java:166)
	at org.junit.platform.engine.support.hierarchical.Node.around(Node.java:138)
	at org.junit.platform.engine.support.hierarchical.NodeTestTask.lambda$executeRecursively$0(NodeTestTask.java:164)
	at org.junit.platform.engine.support.hierarchical.ThrowableCollector.execute(ThrowableCollector.java:74)
	at org.junit.platform.engine.support.hierarchical.NodeTestTask.executeRecursively(NodeTestTask.java:163)
	at org.junit.platform.engine.support.hierarchical.NodeTestTask.execute(NodeTestTask.java:116)
	at org.junit.platform.engine.support.hierarchical.SameThreadHierarchicalTestExecutorService.submit(SameThreadHierarchicalTestExecutorService.java:36)
	at org.junit.platform.engine.support.hierarchical.HierarchicalTestExecutor.execute(HierarchicalTestExecutor.java:52)
	at org.junit.platform.engine.support.hierarchical.HierarchicalTestEngine.execute(HierarchicalTestEngine.java:58)
	at org.junit.platform.launcher.core.EngineExecutionOrchestrator.executeEngine(EngineExecutionOrchestrator.java:246)
	at org.junit.platform.launcher.core.EngineExecutionOrchestrator.failOrExecuteEngine(EngineExecutionOrchestrator.java:218)
	at org.junit.platform.launcher.core.EngineExecutionOrchestrator.execute(EngineExecutionOrchestrator.java:179)
	at org.junit.platform.launcher.core.EngineExecutionOrchestrator.execute(EngineExecutionOrchestrator.java:108)
	at org.junit.platform.launcher.core.EngineExecutionOrchestrator.lambda$execute$0(EngineExecutionOrchestrator.java:66)
	at org.junit.platform.launcher.core.EngineExecutionOrchestrator.withInterceptedStreams(EngineExecutionOrchestrator.java:157)
	at org.junit.platform.launcher.core.EngineExecutionOrchestrator.execute(EngineExecutionOrchestrator.java:65)
	at org.junit.platform.launcher.core.DefaultLauncher.execute(DefaultLauncher.java:125)
	at org.junit.platform.launcher.core.DefaultLauncher.execute(DefaultLauncher.java:114)
	at org.junit.platform.launcher.core.DelegatingLauncher.execute(DelegatingLauncher.java:58)
	at org.junit.platform.launcher.core.InterceptingLauncher.lambda$execute$2(InterceptingLauncher.java:57)
	at org.junit.platform.launcher.core.ClasspathAlignmentCheckingLauncherInterceptor.intercept(ClasspathAlignmentCheckingLauncherInterceptor.java:25)
	at org.junit.platform.launcher.core.InterceptingLauncher.execute(InterceptingLauncher.java:56)
	at org.junit.platform.launcher.core.DelegatingLauncher.execute(DelegatingLauncher.java:58)
	at org.junit.platform.launcher.core.SessionPerRequestLauncher.execute(SessionPerRequestLauncher.java:81)
	at com.intellij.junit6.JUnit6TestRunnerHelper.execute(JUnit6TestRunnerHelper.java:69)
	at com.intellij.junit5.JUnit5IdeaTestRunner.startRunnerWithArgs(JUnit5IdeaTestRunner.java:70)
	at com.intellij.rt.junit.IdeaTestRunner$Repeater$1.execute(IdeaTestRunner.java:38)
	at com.intellij.rt.execution.junit.TestsRepeater.repeat(TestsRepeater.java:11)
	at com.intellij.rt.junit.IdeaTestRunner$Repeater.startRunnerWithArgs(IdeaTestRunner.java:35)
	at com.intellij.rt.junit.JUnitStarter.prepareStreamsAndStart(JUnitStarter.java:225)
	at com.intellij.rt.junit.JUnitStarter.main(JUnitStarter.java:61)
Caused by: org.springframework.beans.factory.UnsatisfiedDependencyException: Error creating bean with name 'productoControllerV2': Unsatisfied dependency expressed through field 'assembler': No qualifying bean of type 'com.example.libreriaMarketCatalogService.assemblers.ProductoModelAssembler' available: expected at least 1 bean which qualifies as autowire candidate. Dependency annotations: {@org.springframework.beans.factory.annotation.Autowired(required=true)}
	at org.springframework.beans.factory.annotation.AutowiredAnnotationBeanPostProcessor$AutowiredFieldElement.resolveFieldValue(AutowiredAnnotationBeanPostProcessor.java:766)
	at org.springframework.beans.factory.annotation.AutowiredAnnotationBeanPostProcessor$AutowiredFieldElement.inject(AutowiredAnnotationBeanPostProcessor.java:747)
	at org.springframework.beans.factory.annotation.InjectionMetadata.inject(InjectionMetadata.java:146)
	at org.springframework.beans.factory.annotation.AutowiredAnnotationBeanPostProcessor.postProcessProperties(AutowiredAnnotationBeanPostProcessor.java:492)
	at org.springframework.beans.factory.support.AbstractAutowireCapableBeanFactory.populateBean(AbstractAutowireCapableBeanFactory.java:1446)
	at org.springframework.beans.factory.support.AbstractAutowireCapableBeanFactory.doCreateBean(AbstractAutowireCapableBeanFactory.java:602)
	at org.springframework.beans.factory.support.AbstractAutowireCapableBeanFactory.createBean(AbstractAutowireCapableBeanFactory.java:525)
	at org.springframework.beans.factory.support.AbstractBeanFactory.lambda$doGetBean$0(AbstractBeanFactory.java:333)
	at org.springframework.beans.factory.support.DefaultSingletonBeanRegistry.getSingleton(DefaultSingletonBeanRegistry.java:371)
	at org.springframework.beans.factory.support.AbstractBeanFactory.doGetBean(AbstractBeanFactory.java:331)
	at org.springframework.beans.factory.support.AbstractBeanFactory.getBean(AbstractBeanFactory.java:196)
	at org.springframework.beans.factory.support.DefaultListableBeanFactory.instantiateSingleton(DefaultListableBeanFactory.java:1218)
	at org.springframework.beans.factory.support.DefaultListableBeanFactory.preInstantiateSingleton(DefaultListableBeanFactory.java:1184)
	at org.springframework.beans.factory.support.DefaultListableBeanFactory.preInstantiateSingletons(DefaultListableBeanFactory.java:1121)
	at org.springframework.context.support.AbstractApplicationContext.finishBeanFactoryInitialization(AbstractApplicationContext.java:983)
	at org.springframework.context.support.AbstractApplicationContext.refresh(AbstractApplicationContext.java:620)
	at org.springframework.boot.SpringApplication.refresh(SpringApplication.java:765)
	at org.springframework.boot.SpringApplication.refreshContext(SpringApplication.java:454)
	at org.springframework.boot.SpringApplication.run(SpringApplication.java:321)
	at org.springframework.boot.test.context.SpringBootContextLoader.lambda$loadContext$2(SpringBootContextLoader.java:148)
	at org.springframework.util.function.ThrowingSupplier.get(ThrowingSupplier.java:58)
	at org.springframework.util.function.ThrowingSupplier.get(ThrowingSupplier.java:46)
	at org.springframework.boot.SpringApplication.withHook(SpringApplication.java:1474)
	at org.springframework.boot.test.context.SpringBootContextLoader$ContextLoaderHook.run(SpringBootContextLoader.java:573)
	at org.springframework.boot.test.context.SpringBootContextLoader.loadContext(SpringBootContextLoader.java:148)
	at org.springframework.boot.test.context.SpringBootContextLoader.loadContext(SpringBootContextLoader.java:114)
	at org.springframework.test.context.cache.DefaultCacheAwareContextLoaderDelegate.loadContextInternal(DefaultCacheAwareContextLoaderDelegate.java:247)
	at org.springframework.test.context.cache.DefaultCacheAwareContextLoaderDelegate.lambda$loadContext$0(DefaultCacheAwareContextLoaderDelegate.java:167)
	... 82 common frames omitted
Caused by: org.springframework.beans.factory.NoSuchBeanDefinitionException: No qualifying bean of type 'com.example.libreriaMarketCatalogService.assemblers.ProductoModelAssembler' available: expected at least 1 bean which qualifies as autowire candidate. Dependency annotations: {@org.springframework.beans.factory.annotation.Autowired(required=true)}
	at org.springframework.beans.factory.support.DefaultListableBeanFactory.raiseNoMatchingBeanFound(DefaultListableBeanFactory.java:2297)
	at org.springframework.beans.factory.support.DefaultListableBeanFactory.doResolveDependency(DefaultListableBeanFactory.java:1725)
	at org.springframework.beans.factory.support.DefaultListableBeanFactory.resolveDependency(DefaultListableBeanFactory.java:1651)
	at org.springframework.beans.factory.annotation.AutowiredAnnotationBeanPostProcessor$AutowiredFieldElement.resolveFieldValue(AutowiredAnnotationBeanPostProcessor.java:763)
	... 109 common frames omitted
2026-06-24 21:32:54 WARN  o.springframework.test.context.TestContextManager - Caught exception while allowing TestExecutionListener [org.springframework.test.context.bean.override.BeanOverrideTestExecutionListener] to prepare test instance [com.example.libreriaMarketCatalogService.controllerV2.ProductoControllerV2Test@25f7cc38]
java.lang.IllegalStateException: ApplicationContext failure threshold (1) exceeded: skipping repeated attempt to load context for [WebMergedContextConfiguration@44de8e00 testClass = com.example.libreriaMarketCatalogService.controllerV2.ProductoControllerV2Test, locations = [], classes = [com.example.libreriaMarketCatalogService.LibreriaMarketCatalogServiceApplication], contextInitializerClasses = [], activeProfiles = [], propertySourceDescriptors = [], propertySourceProperties = ["org.springframework.boot.webmvc.test.autoconfigure.WebMvcTestContextBootstrapper=true"], contextCustomizers = [[ImportsContextCustomizer@3cbfdf5c key = [org.springframework.boot.hateoas.autoconfigure.HypermediaAutoConfiguration, org.springframework.boot.jackson2.autoconfigure.Jackson2AutoConfiguration, org.springframework.boot.autoconfigure.task.TaskExecutionAutoConfiguration, org.springframework.boot.webmvc.test.autoconfigure.MockMvcWebDriverAutoConfiguration, org.springframework.boot.security.autoconfigure.SecurityAutoConfiguration, org.springframework.boot.autoconfigure.context.MessageSourceAutoConfiguration, org.springframework.boot.security.autoconfigure.web.servlet.SecurityFilterAutoConfiguration, org.springframework.boot.data.autoconfigure.web.DataWebAutoConfiguration, org.springframework.boot.webmvc.autoconfigure.error.ErrorMvcAutoConfiguration, org.springframework.boot.validation.autoconfigure.ValidationAutoConfiguration, org.springframework.boot.webmvc.autoconfigure.WebMvcAutoConfiguration, org.springframework.boot.security.test.autoconfigure.webmvc.SecurityMockMvcAutoConfiguration, org.springframework.boot.http.converter.autoconfigure.HttpMessageConvertersAutoConfiguration, org.springframework.boot.jackson.autoconfigure.JacksonAutoConfiguration, org.springframework.boot.webmvc.test.autoconfigure.MockMvcWebClientAutoConfiguration, org.springframework.boot.servlet.autoconfigure.HttpEncodingAutoConfiguration, org.springframework.boot.security.autoconfigure.UserDetailsServiceAutoConfiguration, org.springframework.boot.webmvc.test.autoconfigure.MockMvcAutoConfiguration]], org.springframework.boot.test.context.PropertyMappingContextCustomizer@2d298995, org.springframework.boot.test.context.filter.ExcludeFilterContextCustomizer@22ee2d0, org.springframework.boot.test.context.filter.annotation.TypeExcludeFiltersContextCustomizer@9d6afc69, org.springframework.boot.test.json.DuplicateJsonObjectContextCustomizerFactory$DuplicateJsonObjectContextCustomizer@31198ceb, org.springframework.boot.test.autoconfigure.OnFailureConditionReportContextCustomizerFactory$OnFailureConditionReportContextCustomizer@7726e185, org.springframework.boot.test.autoconfigure.OverrideAutoConfigurationContextCustomizerFactory$DisableAutoConfigurationContextCustomizer@3d9fc57a, org.springframework.test.context.bean.override.BeanOverrideContextCustomizer@8cd7d1e8, org.springframework.test.context.support.DynamicPropertiesContextCustomizer@0, org.springframework.boot.webmvc.test.autoconfigure.WebDriverContextCustomizer@589b028e, org.springframework.boot.web.server.context.SpringBootTestRandomPortContextCustomizerFactory$Customizer@3b809711, org.springframework.boot.test.context.SpringBootTestAnnotation@dc96e641], resourceBasePath = "src/main/webapp", contextLoader = org.springframework.boot.test.context.SpringBootContextLoader, parent = null]
	at org.springframework.test.context.cache.DefaultCacheAwareContextLoaderDelegate.loadContext(DefaultCacheAwareContextLoaderDelegate.java:157)
	at org.springframework.test.context.support.DefaultTestContext.getApplicationContext(DefaultTestContext.java:128)
	at org.springframework.test.context.bean.override.BeanOverrideTestExecutionListener.injectFields(BeanOverrideTestExecutionListener.java:107)
	at org.springframework.test.context.bean.override.BeanOverrideTestExecutionListener.prepareTestInstance(BeanOverrideTestExecutionListener.java:70)
	at org.springframework.test.context.TestContextManager.prepareTestInstance(TestContextManager.java:260)
	at org.springframework.test.context.junit.jupiter.SpringExtension.postProcessTestInstance(SpringExtension.java:203)
	at org.junit.jupiter.engine.descriptor.ClassBasedTestDescriptor.lambda$invokeTestInstancePostProcessors$1(ClassBasedTestDescriptor.java:423)
	at org.junit.jupiter.engine.descriptor.ClassBasedTestDescriptor.executeAndMaskThrowable(ClassBasedTestDescriptor.java:428)
	at org.junit.jupiter.engine.descriptor.ClassBasedTestDescriptor.lambda$invokeTestInstancePostProcessors$0(ClassBasedTestDescriptor.java:422)
	at java.base/java.util.stream.ForEachOps$ForEachOp$OfRef.accept(ForEachOps.java:184)
	at java.base/java.util.stream.ReferencePipeline$3$1.accept(ReferencePipeline.java:197)
	at java.base/java.util.stream.ReferencePipeline$2$1.accept(ReferencePipeline.java:179)
	at java.base/java.util.stream.ReferencePipeline$3$1.accept(ReferencePipeline.java:197)
	at java.base/java.util.ArrayList$ArrayListSpliterator.forEachRemaining(ArrayList.java:1708)
	at java.base/java.util.stream.AbstractPipeline.copyInto(AbstractPipeline.java:509)
	at java.base/java.util.stream.AbstractPipeline.wrapAndCopyInto(AbstractPipeline.java:499)
	at java.base/java.util.stream.ForEachOps$ForEachOp.evaluateSequential(ForEachOps.java:151)
	at java.base/java.util.stream.ForEachOps$ForEachOp$OfRef.evaluateSequential(ForEachOps.java:174)
	at java.base/java.util.stream.AbstractPipeline.evaluate(AbstractPipeline.java:234)
	at java.base/java.util.stream.ReferencePipeline.forEach(ReferencePipeline.java:596)
	at org.junit.jupiter.engine.descriptor.ClassBasedTestDescriptor.invokeTestInstancePostProcessors(ClassBasedTestDescriptor.java:422)
	at org.junit.jupiter.engine.descriptor.ClassBasedTestDescriptor.lambda$instantiateAndPostProcessTestInstance$0(ClassBasedTestDescriptor.java:334)
	at org.junit.platform.engine.support.hierarchical.ThrowableCollector.execute(ThrowableCollector.java:74)
	at org.junit.jupiter.engine.descriptor.ClassBasedTestDescriptor.instantiateAndPostProcessTestInstance(ClassBasedTestDescriptor.java:333)
	at org.junit.jupiter.engine.descriptor.ClassBasedTestDescriptor.lambda$testInstancesProvider$1(ClassBasedTestDescriptor.java:322)
	at java.base/java.util.Optional.orElseGet(Optional.java:364)
	at org.junit.jupiter.engine.descriptor.ClassBasedTestDescriptor.lambda$testInstancesProvider$0(ClassBasedTestDescriptor.java:321)
	at org.junit.jupiter.engine.execution.TestInstancesProvider.getTestInstances(TestInstancesProvider.java:27)
	at org.junit.jupiter.engine.descriptor.TestMethodTestDescriptor.lambda$prepare$0(TestMethodTestDescriptor.java:127)
	at org.junit.platform.engine.support.hierarchical.ThrowableCollector.execute(ThrowableCollector.java:74)
	at org.junit.jupiter.engine.descriptor.TestMethodTestDescriptor.prepare(TestMethodTestDescriptor.java:126)
	at org.junit.jupiter.engine.descriptor.TestMethodTestDescriptor.prepare(TestMethodTestDescriptor.java:70)
	at org.junit.platform.engine.support.hierarchical.NodeTestTask.lambda$prepare$0(NodeTestTask.java:144)
	at org.junit.platform.engine.support.hierarchical.ThrowableCollector.execute(ThrowableCollector.java:74)
	at org.junit.platform.engine.support.hierarchical.NodeTestTask.prepare(NodeTestTask.java:144)
	at org.junit.platform.engine.support.hierarchical.NodeTestTask.execute(NodeTestTask.java:110)
	at java.base/java.util.ArrayList.forEach(ArrayList.java:1596)
	at org.junit.platform.engine.support.hierarchical.SameThreadHierarchicalTestExecutorService.invokeAll(SameThreadHierarchicalTestExecutorService.java:42)
	at org.junit.platform.engine.support.hierarchical.NodeTestTask.lambda$executeRecursively$2(NodeTestTask.java:180)
	at org.junit.platform.engine.support.hierarchical.ThrowableCollector.execute(ThrowableCollector.java:74)
	at org.junit.platform.engine.support.hierarchical.NodeTestTask.lambda$executeRecursively$1(NodeTestTask.java:166)
	at org.junit.platform.engine.support.hierarchical.Node.around(Node.java:138)
	at org.junit.platform.engine.support.hierarchical.NodeTestTask.lambda$executeRecursively$0(NodeTestTask.java:164)
	at org.junit.platform.engine.support.hierarchical.ThrowableCollector.execute(ThrowableCollector.java:74)
	at org.junit.platform.engine.support.hierarchical.NodeTestTask.executeRecursively(NodeTestTask.java:163)
	at org.junit.platform.engine.support.hierarchical.NodeTestTask.execute(NodeTestTask.java:116)
	at java.base/java.util.ArrayList.forEach(ArrayList.java:1596)
	at org.junit.platform.engine.support.hierarchical.SameThreadHierarchicalTestExecutorService.invokeAll(SameThreadHierarchicalTestExecutorService.java:42)
	at org.junit.platform.engine.support.hierarchical.NodeTestTask.lambda$executeRecursively$2(NodeTestTask.java:180)
	at org.junit.platform.engine.support.hierarchical.ThrowableCollector.execute(ThrowableCollector.java:74)
	at org.junit.platform.engine.support.hierarchical.NodeTestTask.lambda$executeRecursively$1(NodeTestTask.java:166)
	at org.junit.platform.engine.support.hierarchical.Node.around(Node.java:138)
	at org.junit.platform.engine.support.hierarchical.NodeTestTask.lambda$executeRecursively$0(NodeTestTask.java:164)
	at org.junit.platform.engine.support.hierarchical.ThrowableCollector.execute(ThrowableCollector.java:74)
	at org.junit.platform.engine.support.hierarchical.NodeTestTask.executeRecursively(NodeTestTask.java:163)
	at org.junit.platform.engine.support.hierarchical.NodeTestTask.execute(NodeTestTask.java:116)
	at org.junit.platform.engine.support.hierarchical.SameThreadHierarchicalTestExecutorService.submit(SameThreadHierarchicalTestExecutorService.java:36)
	at org.junit.platform.engine.support.hierarchical.HierarchicalTestExecutor.execute(HierarchicalTestExecutor.java:52)
	at org.junit.platform.engine.support.hierarchical.HierarchicalTestEngine.execute(HierarchicalTestEngine.java:58)
	at org.junit.platform.launcher.core.EngineExecutionOrchestrator.executeEngine(EngineExecutionOrchestrator.java:246)
	at org.junit.platform.launcher.core.EngineExecutionOrchestrator.failOrExecuteEngine(EngineExecutionOrchestrator.java:218)
	at org.junit.platform.launcher.core.EngineExecutionOrchestrator.execute(EngineExecutionOrchestrator.java:179)
	at org.junit.platform.launcher.core.EngineExecutionOrchestrator.execute(EngineExecutionOrchestrator.java:108)
	at org.junit.platform.launcher.core.EngineExecutionOrchestrator.lambda$execute$0(EngineExecutionOrchestrator.java:66)
	at org.junit.platform.launcher.core.EngineExecutionOrchestrator.withInterceptedStreams(EngineExecutionOrchestrator.java:157)
	at org.junit.platform.launcher.core.EngineExecutionOrchestrator.execute(EngineExecutionOrchestrator.java:65)
	at org.junit.platform.launcher.core.DefaultLauncher.execute(DefaultLauncher.java:125)
	at org.junit.platform.launcher.core.DefaultLauncher.execute(DefaultLauncher.java:114)
	at org.junit.platform.launcher.core.DelegatingLauncher.execute(DelegatingLauncher.java:58)
	at org.junit.platform.launcher.core.InterceptingLauncher.lambda$execute$2(InterceptingLauncher.java:57)
	at org.junit.platform.launcher.core.ClasspathAlignmentCheckingLauncherInterceptor.intercept(ClasspathAlignmentCheckingLauncherInterceptor.java:25)
	at org.junit.platform.launcher.core.InterceptingLauncher.execute(InterceptingLauncher.java:56)
	at org.junit.platform.launcher.core.DelegatingLauncher.execute(DelegatingLauncher.java:58)
	at org.junit.platform.launcher.core.SessionPerRequestLauncher.execute(SessionPerRequestLauncher.java:81)
	at com.intellij.junit6.JUnit6TestRunnerHelper.execute(JUnit6TestRunnerHelper.java:69)
	at com.intellij.junit5.JUnit5IdeaTestRunner.startRunnerWithArgs(JUnit5IdeaTestRunner.java:70)
	at com.intellij.rt.junit.IdeaTestRunner$Repeater$1.execute(IdeaTestRunner.java:38)
	at com.intellij.rt.execution.junit.TestsRepeater.repeat(TestsRepeater.java:11)
	at com.intellij.rt.junit.IdeaTestRunner$Repeater.startRunnerWithArgs(IdeaTestRunner.java:35)
	at com.intellij.rt.junit.JUnitStarter.prepareStreamsAndStart(JUnitStarter.java:225)
	at com.intellij.rt.junit.JUnitStarter.main(JUnitStarter.java:61)
2026-06-24 21:32:54 WARN  o.springframework.test.context.TestContextManager - Caught exception while allowing TestExecutionListener [org.springframework.test.context.bean.override.BeanOverrideTestExecutionListener] to prepare test instance [com.example.libreriaMarketCatalogService.controllerV2.ProductoControllerV2Test@2e1ba142]
java.lang.IllegalStateException: ApplicationContext failure threshold (1) exceeded: skipping repeated attempt to load context for [WebMergedContextConfiguration@44de8e00 testClass = com.example.libreriaMarketCatalogService.controllerV2.ProductoControllerV2Test, locations = [], classes = [com.example.libreriaMarketCatalogService.LibreriaMarketCatalogServiceApplication], contextInitializerClasses = [], activeProfiles = [], propertySourceDescriptors = [], propertySourceProperties = ["org.springframework.boot.webmvc.test.autoconfigure.WebMvcTestContextBootstrapper=true"], contextCustomizers = [[ImportsContextCustomizer@3cbfdf5c key = [org.springframework.boot.hateoas.autoconfigure.HypermediaAutoConfiguration, org.springframework.boot.jackson2.autoconfigure.Jackson2AutoConfiguration, org.springframework.boot.autoconfigure.task.TaskExecutionAutoConfiguration, org.springframework.boot.webmvc.test.autoconfigure.MockMvcWebDriverAutoConfiguration, org.springframework.boot.security.autoconfigure.SecurityAutoConfiguration, org.springframework.boot.autoconfigure.context.MessageSourceAutoConfiguration, org.springframework.boot.security.autoconfigure.web.servlet.SecurityFilterAutoConfiguration, org.springframework.boot.data.autoconfigure.web.DataWebAutoConfiguration, org.springframework.boot.webmvc.autoconfigure.error.ErrorMvcAutoConfiguration, org.springframework.boot.validation.autoconfigure.ValidationAutoConfiguration, org.springframework.boot.webmvc.autoconfigure.WebMvcAutoConfiguration, org.springframework.boot.security.test.autoconfigure.webmvc.SecurityMockMvcAutoConfiguration, org.springframework.boot.http.converter.autoconfigure.HttpMessageConvertersAutoConfiguration, org.springframework.boot.jackson.autoconfigure.JacksonAutoConfiguration, org.springframework.boot.webmvc.test.autoconfigure.MockMvcWebClientAutoConfiguration, org.springframework.boot.servlet.autoconfigure.HttpEncodingAutoConfiguration, org.springframework.boot.security.autoconfigure.UserDetailsServiceAutoConfiguration, org.springframework.boot.webmvc.test.autoconfigure.MockMvcAutoConfiguration]], org.springframework.boot.test.context.PropertyMappingContextCustomizer@2d298995, org.springframework.boot.test.context.filter.ExcludeFilterContextCustomizer@22ee2d0, org.springframework.boot.test.context.filter.annotation.TypeExcludeFiltersContextCustomizer@9d6afc69, org.springframework.boot.test.json.DuplicateJsonObjectContextCustomizerFactory$DuplicateJsonObjectContextCustomizer@31198ceb, org.springframework.boot.test.autoconfigure.OnFailureConditionReportContextCustomizerFactory$OnFailureConditionReportContextCustomizer@7726e185, org.springframework.boot.test.autoconfigure.OverrideAutoConfigurationContextCustomizerFactory$DisableAutoConfigurationContextCustomizer@3d9fc57a, org.springframework.test.context.bean.override.BeanOverrideContextCustomizer@8cd7d1e8, org.springframework.test.context.support.DynamicPropertiesContextCustomizer@0, org.springframework.boot.webmvc.test.autoconfigure.WebDriverContextCustomizer@589b028e, org.springframework.boot.web.server.context.SpringBootTestRandomPortContextCustomizerFactory$Customizer@3b809711, org.springframework.boot.test.context.SpringBootTestAnnotation@dc96e641], resourceBasePath = "src/main/webapp", contextLoader = org.springframework.boot.test.context.SpringBootContextLoader, parent = null]
	at org.springframework.test.context.cache.DefaultCacheAwareContextLoaderDelegate.loadContext(DefaultCacheAwareContextLoaderDelegate.java:157)
	at org.springframework.test.context.support.DefaultTestContext.getApplicationContext(DefaultTestContext.java:128)
	at org.springframework.test.context.bean.override.BeanOverrideTestExecutionListener.injectFields(BeanOverrideTestExecutionListener.java:107)
	at org.springframework.test.context.bean.override.BeanOverrideTestExecutionListener.prepareTestInstance(BeanOverrideTestExecutionListener.java:70)
	at org.springframework.test.context.TestContextManager.prepareTestInstance(TestContextManager.java:260)
	at org.springframework.test.context.junit.jupiter.SpringExtension.postProcessTestInstance(SpringExtension.java:203)
	at org.junit.jupiter.engine.descriptor.ClassBasedTestDescriptor.lambda$invokeTestInstancePostProcessors$1(ClassBasedTestDescriptor.java:423)
	at org.junit.jupiter.engine.descriptor.ClassBasedTestDescriptor.executeAndMaskThrowable(ClassBasedTestDescriptor.java:428)
	at org.junit.jupiter.engine.descriptor.ClassBasedTestDescriptor.lambda$invokeTestInstancePostProcessors$0(ClassBasedTestDescriptor.java:422)
	at java.base/java.util.stream.ForEachOps$ForEachOp$OfRef.accept(ForEachOps.java:184)
	at java.base/java.util.stream.ReferencePipeline$3$1.accept(ReferencePipeline.java:197)
	at java.base/java.util.stream.ReferencePipeline$2$1.accept(ReferencePipeline.java:179)
	at java.base/java.util.stream.ReferencePipeline$3$1.accept(ReferencePipeline.java:197)
	at java.base/java.util.ArrayList$ArrayListSpliterator.forEachRemaining(ArrayList.java:1708)
	at java.base/java.util.stream.AbstractPipeline.copyInto(AbstractPipeline.java:509)
	at java.base/java.util.stream.AbstractPipeline.wrapAndCopyInto(AbstractPipeline.java:499)
	at java.base/java.util.stream.ForEachOps$ForEachOp.evaluateSequential(ForEachOps.java:151)
	at java.base/java.util.stream.ForEachOps$ForEachOp$OfRef.evaluateSequential(ForEachOps.java:174)
	at java.base/java.util.stream.AbstractPipeline.evaluate(AbstractPipeline.java:234)
	at java.base/java.util.stream.ReferencePipeline.forEach(ReferencePipeline.java:596)
	at org.junit.jupiter.engine.descriptor.ClassBasedTestDescriptor.invokeTestInstancePostProcessors(ClassBasedTestDescriptor.java:422)
	at org.junit.jupiter.engine.descriptor.ClassBasedTestDescriptor.lambda$instantiateAndPostProcessTestInstance$0(ClassBasedTestDescriptor.java:334)
	at org.junit.platform.engine.support.hierarchical.ThrowableCollector.execute(ThrowableCollector.java:74)
	at org.junit.jupiter.engine.descriptor.ClassBasedTestDescriptor.instantiateAndPostProcessTestInstance(ClassBasedTestDescriptor.java:333)
	at org.junit.jupiter.engine.descriptor.ClassBasedTestDescriptor.lambda$testInstancesProvider$1(ClassBasedTestDescriptor.java:322)
	at java.base/java.util.Optional.orElseGet(Optional.java:364)
	at org.junit.jupiter.engine.descriptor.ClassBasedTestDescriptor.lambda$testInstancesProvider$0(ClassBasedTestDescriptor.java:321)
	at org.junit.jupiter.engine.execution.TestInstancesProvider.getTestInstances(TestInstancesProvider.java:27)
	at org.junit.jupiter.engine.descriptor.TestMethodTestDescriptor.lambda$prepare$0(TestMethodTestDescriptor.java:127)
	at org.junit.platform.engine.support.hierarchical.ThrowableCollector.execute(ThrowableCollector.java:74)
	at org.junit.jupiter.engine.descriptor.TestMethodTestDescriptor.prepare(TestMethodTestDescriptor.java:126)
	at org.junit.jupiter.engine.descriptor.TestMethodTestDescriptor.prepare(TestMethodTestDescriptor.java:70)
	at org.junit.platform.engine.support.hierarchical.NodeTestTask.lambda$prepare$0(NodeTestTask.java:144)
	at org.junit.platform.engine.support.hierarchical.ThrowableCollector.execute(ThrowableCollector.java:74)
	at org.junit.platform.engine.support.hierarchical.NodeTestTask.prepare(NodeTestTask.java:144)
	at org.junit.platform.engine.support.hierarchical.NodeTestTask.execute(NodeTestTask.java:110)
	at java.base/java.util.ArrayList.forEach(ArrayList.java:1596)
	at org.junit.platform.engine.support.hierarchical.SameThreadHierarchicalTestExecutorService.invokeAll(SameThreadHierarchicalTestExecutorService.java:42)
	at org.junit.platform.engine.support.hierarchical.NodeTestTask.lambda$executeRecursively$2(NodeTestTask.java:180)
	at org.junit.platform.engine.support.hierarchical.ThrowableCollector.execute(ThrowableCollector.java:74)
	at org.junit.platform.engine.support.hierarchical.NodeTestTask.lambda$executeRecursively$1(NodeTestTask.java:166)
	at org.junit.platform.engine.support.hierarchical.Node.around(Node.java:138)
	at org.junit.platform.engine.support.hierarchical.NodeTestTask.lambda$executeRecursively$0(NodeTestTask.java:164)
	at org.junit.platform.engine.support.hierarchical.ThrowableCollector.execute(ThrowableCollector.java:74)
	at org.junit.platform.engine.support.hierarchical.NodeTestTask.executeRecursively(NodeTestTask.java:163)
	at org.junit.platform.engine.support.hierarchical.NodeTestTask.execute(NodeTestTask.java:116)
	at java.base/java.util.ArrayList.forEach(ArrayList.java:1596)
	at org.junit.platform.engine.support.hierarchical.SameThreadHierarchicalTestExecutorService.invokeAll(SameThreadHierarchicalTestExecutorService.java:42)
	at org.junit.platform.engine.support.hierarchical.NodeTestTask.lambda$executeRecursively$2(NodeTestTask.java:180)
	at org.junit.platform.engine.support.hierarchical.ThrowableCollector.execute(ThrowableCollector.java:74)
	at org.junit.platform.engine.support.hierarchical.NodeTestTask.lambda$executeRecursively$1(NodeTestTask.java:166)
	at org.junit.platform.engine.support.hierarchical.Node.around(Node.java:138)
	at org.junit.platform.engine.support.hierarchical.NodeTestTask.lambda$executeRecursively$0(NodeTestTask.java:164)
	at org.junit.platform.engine.support.hierarchical.ThrowableCollector.execute(ThrowableCollector.java:74)
	at org.junit.platform.engine.support.hierarchical.NodeTestTask.executeRecursively(NodeTestTask.java:163)
	at org.junit.platform.engine.support.hierarchical.NodeTestTask.execute(NodeTestTask.java:116)
	at org.junit.platform.engine.support.hierarchical.SameThreadHierarchicalTestExecutorService.submit(SameThreadHierarchicalTestExecutorService.java:36)
	at org.junit.platform.engine.support.hierarchical.HierarchicalTestExecutor.execute(HierarchicalTestExecutor.java:52)
	at org.junit.platform.engine.support.hierarchical.HierarchicalTestEngine.execute(HierarchicalTestEngine.java:58)
	at org.junit.platform.launcher.core.EngineExecutionOrchestrator.executeEngine(EngineExecutionOrchestrator.java:246)
	at org.junit.platform.launcher.core.EngineExecutionOrchestrator.failOrExecuteEngine(EngineExecutionOrchestrator.java:218)
	at org.junit.platform.launcher.core.EngineExecutionOrchestrator.execute(EngineExecutionOrchestrator.java:179)
	at org.junit.platform.launcher.core.EngineExecutionOrchestrator.execute(EngineExecutionOrchestrator.java:108)
	at org.junit.platform.launcher.core.EngineExecutionOrchestrator.lambda$execute$0(EngineExecutionOrchestrator.java:66)
	at org.junit.platform.launcher.core.EngineExecutionOrchestrator.withInterceptedStreams(EngineExecutionOrchestrator.java:157)
	at org.junit.platform.launcher.core.EngineExecutionOrchestrator.execute(EngineExecutionOrchestrator.java:65)
	at org.junit.platform.launcher.core.DefaultLauncher.execute(DefaultLauncher.java:125)
	at org.junit.platform.launcher.core.DefaultLauncher.execute(DefaultLauncher.java:114)
	at org.junit.platform.launcher.core.DelegatingLauncher.execute(DelegatingLauncher.java:58)
	at org.junit.platform.launcher.core.InterceptingLauncher.lambda$execute$2(InterceptingLauncher.java:57)
	at org.junit.platform.launcher.core.ClasspathAlignmentCheckingLauncherInterceptor.intercept(ClasspathAlignmentCheckingLauncherInterceptor.java:25)
	at org.junit.platform.launcher.core.InterceptingLauncher.execute(InterceptingLauncher.java:56)
	at org.junit.platform.launcher.core.DelegatingLauncher.execute(DelegatingLauncher.java:58)
	at org.junit.platform.launcher.core.SessionPerRequestLauncher.execute(SessionPerRequestLauncher.java:81)
	at com.intellij.junit6.JUnit6TestRunnerHelper.execute(JUnit6TestRunnerHelper.java:69)
	at com.intellij.junit5.JUnit5IdeaTestRunner.startRunnerWithArgs(JUnit5IdeaTestRunner.java:70)
	at com.intellij.rt.junit.IdeaTestRunner$Repeater$1.execute(IdeaTestRunner.java:38)
	at com.intellij.rt.execution.junit.TestsRepeater.repeat(TestsRepeater.java:11)
	at com.intellij.rt.junit.IdeaTestRunner$Repeater.startRunnerWithArgs(IdeaTestRunner.java:35)
	at com.intellij.rt.junit.JUnitStarter.prepareStreamsAndStart(JUnitStarter.java:225)
	at com.intellij.rt.junit.JUnitStarter.main(JUnitStarter.java:61)
2026-06-24 21:32:54 WARN  o.springframework.test.context.TestContextManager - Caught exception while allowing TestExecutionListener [org.springframework.test.context.bean.override.BeanOverrideTestExecutionListener] to prepare test instance [com.example.libreriaMarketCatalogService.controllerV2.ProductoControllerV2Test@56cd5d76]
java.lang.IllegalStateException: ApplicationContext failure threshold (1) exceeded: skipping repeated attempt to load context for [WebMergedContextConfiguration@44de8e00 testClass = com.example.libreriaMarketCatalogService.controllerV2.ProductoControllerV2Test, locations = [], classes = [com.example.libreriaMarketCatalogService.LibreriaMarketCatalogServiceApplication], contextInitializerClasses = [], activeProfiles = [], propertySourceDescriptors = [], propertySourceProperties = ["org.springframework.boot.webmvc.test.autoconfigure.WebMvcTestContextBootstrapper=true"], contextCustomizers = [[ImportsContextCustomizer@3cbfdf5c key = [org.springframework.boot.hateoas.autoconfigure.HypermediaAutoConfiguration, org.springframework.boot.jackson2.autoconfigure.Jackson2AutoConfiguration, org.springframework.boot.autoconfigure.task.TaskExecutionAutoConfiguration, org.springframework.boot.webmvc.test.autoconfigure.MockMvcWebDriverAutoConfiguration, org.springframework.boot.security.autoconfigure.SecurityAutoConfiguration, org.springframework.boot.autoconfigure.context.MessageSourceAutoConfiguration, org.springframework.boot.security.autoconfigure.web.servlet.SecurityFilterAutoConfiguration, org.springframework.boot.data.autoconfigure.web.DataWebAutoConfiguration, org.springframework.boot.webmvc.autoconfigure.error.ErrorMvcAutoConfiguration, org.springframework.boot.validation.autoconfigure.ValidationAutoConfiguration, org.springframework.boot.webmvc.autoconfigure.WebMvcAutoConfiguration, org.springframework.boot.security.test.autoconfigure.webmvc.SecurityMockMvcAutoConfiguration, org.springframework.boot.http.converter.autoconfigure.HttpMessageConvertersAutoConfiguration, org.springframework.boot.jackson.autoconfigure.JacksonAutoConfiguration, org.springframework.boot.webmvc.test.autoconfigure.MockMvcWebClientAutoConfiguration, org.springframework.boot.servlet.autoconfigure.HttpEncodingAutoConfiguration, org.springframework.boot.security.autoconfigure.UserDetailsServiceAutoConfiguration, org.springframework.boot.webmvc.test.autoconfigure.MockMvcAutoConfiguration]], org.springframework.boot.test.context.PropertyMappingContextCustomizer@2d298995, org.springframework.boot.test.context.filter.ExcludeFilterContextCustomizer@22ee2d0, org.springframework.boot.test.context.filter.annotation.TypeExcludeFiltersContextCustomizer@9d6afc69, org.springframework.boot.test.json.DuplicateJsonObjectContextCustomizerFactory$DuplicateJsonObjectContextCustomizer@31198ceb, org.springframework.boot.test.autoconfigure.OnFailureConditionReportContextCustomizerFactory$OnFailureConditionReportContextCustomizer@7726e185, org.springframework.boot.test.autoconfigure.OverrideAutoConfigurationContextCustomizerFactory$DisableAutoConfigurationContextCustomizer@3d9fc57a, org.springframework.test.context.bean.override.BeanOverrideContextCustomizer@8cd7d1e8, org.springframework.test.context.support.DynamicPropertiesContextCustomizer@0, org.springframework.boot.webmvc.test.autoconfigure.WebDriverContextCustomizer@589b028e, org.springframework.boot.web.server.context.SpringBootTestRandomPortContextCustomizerFactory$Customizer@3b809711, org.springframework.boot.test.context.SpringBootTestAnnotation@dc96e641], resourceBasePath = "src/main/webapp", contextLoader = org.springframework.boot.test.context.SpringBootContextLoader, parent = null]
	at org.springframework.test.context.cache.DefaultCacheAwareContextLoaderDelegate.loadContext(DefaultCacheAwareContextLoaderDelegate.java:157)
	at org.springframework.test.context.support.DefaultTestContext.getApplicationContext(DefaultTestContext.java:128)
	at org.springframework.test.context.bean.override.BeanOverrideTestExecutionListener.injectFields(BeanOverrideTestExecutionListener.java:107)
	at org.springframework.test.context.bean.override.BeanOverrideTestExecutionListener.prepareTestInstance(BeanOverrideTestExecutionListener.java:70)
	at org.springframework.test.context.TestContextManager.prepareTestInstance(TestContextManager.java:260)
	at org.springframework.test.context.junit.jupiter.SpringExtension.postProcessTestInstance(SpringExtension.java:203)
	at org.junit.jupiter.engine.descriptor.ClassBasedTestDescriptor.lambda$invokeTestInstancePostProcessors$1(ClassBasedTestDescriptor.java:423)
	at org.junit.jupiter.engine.descriptor.ClassBasedTestDescriptor.executeAndMaskThrowable(ClassBasedTestDescriptor.java:428)
	at org.junit.jupiter.engine.descriptor.ClassBasedTestDescriptor.lambda$invokeTestInstancePostProcessors$0(ClassBasedTestDescriptor.java:422)
	at java.base/java.util.stream.ForEachOps$ForEachOp$OfRef.accept(ForEachOps.java:184)
	at java.base/java.util.stream.ReferencePipeline$3$1.accept(ReferencePipeline.java:197)
	at java.base/java.util.stream.ReferencePipeline$2$1.accept(ReferencePipeline.java:179)
	at java.base/java.util.stream.ReferencePipeline$3$1.accept(ReferencePipeline.java:197)
	at java.base/java.util.ArrayList$ArrayListSpliterator.forEachRemaining(ArrayList.java:1708)
	at java.base/java.util.stream.AbstractPipeline.copyInto(AbstractPipeline.java:509)
	at java.base/java.util.stream.AbstractPipeline.wrapAndCopyInto(AbstractPipeline.java:499)
	at java.base/java.util.stream.ForEachOps$ForEachOp.evaluateSequential(ForEachOps.java:151)
	at java.base/java.util.stream.ForEachOps$ForEachOp$OfRef.evaluateSequential(ForEachOps.java:174)
	at java.base/java.util.stream.AbstractPipeline.evaluate(AbstractPipeline.java:234)
	at java.base/java.util.stream.ReferencePipeline.forEach(ReferencePipeline.java:596)
	at org.junit.jupiter.engine.descriptor.ClassBasedTestDescriptor.invokeTestInstancePostProcessors(ClassBasedTestDescriptor.java:422)
	at org.junit.jupiter.engine.descriptor.ClassBasedTestDescriptor.lambda$instantiateAndPostProcessTestInstance$0(ClassBasedTestDescriptor.java:334)
	at org.junit.platform.engine.support.hierarchical.ThrowableCollector.execute(ThrowableCollector.java:74)
	at org.junit.jupiter.engine.descriptor.ClassBasedTestDescriptor.instantiateAndPostProcessTestInstance(ClassBasedTestDescriptor.java:333)
	at org.junit.jupiter.engine.descriptor.ClassBasedTestDescriptor.lambda$testInstancesProvider$1(ClassBasedTestDescriptor.java:322)
	at java.base/java.util.Optional.orElseGet(Optional.java:364)
	at org.junit.jupiter.engine.descriptor.ClassBasedTestDescriptor.lambda$testInstancesProvider$0(ClassBasedTestDescriptor.java:321)
	at org.junit.jupiter.engine.execution.TestInstancesProvider.getTestInstances(TestInstancesProvider.java:27)
	at org.junit.jupiter.engine.descriptor.TestMethodTestDescriptor.lambda$prepare$0(TestMethodTestDescriptor.java:127)
	at org.junit.platform.engine.support.hierarchical.ThrowableCollector.execute(ThrowableCollector.java:74)
	at org.junit.jupiter.engine.descriptor.TestMethodTestDescriptor.prepare(TestMethodTestDescriptor.java:126)
	at org.junit.jupiter.engine.descriptor.TestMethodTestDescriptor.prepare(TestMethodTestDescriptor.java:70)
	at org.junit.platform.engine.support.hierarchical.NodeTestTask.lambda$prepare$0(NodeTestTask.java:144)
	at org.junit.platform.engine.support.hierarchical.ThrowableCollector.execute(ThrowableCollector.java:74)
	at org.junit.platform.engine.support.hierarchical.NodeTestTask.prepare(NodeTestTask.java:144)
	at org.junit.platform.engine.support.hierarchical.NodeTestTask.execute(NodeTestTask.java:110)
	at java.base/java.util.ArrayList.forEach(ArrayList.java:1596)
	at org.junit.platform.engine.support.hierarchical.SameThreadHierarchicalTestExecutorService.invokeAll(SameThreadHierarchicalTestExecutorService.java:42)
	at org.junit.platform.engine.support.hierarchical.NodeTestTask.lambda$executeRecursively$2(NodeTestTask.java:180)
	at org.junit.platform.engine.support.hierarchical.ThrowableCollector.execute(ThrowableCollector.java:74)
	at org.junit.platform.engine.support.hierarchical.NodeTestTask.lambda$executeRecursively$1(NodeTestTask.java:166)
	at org.junit.platform.engine.support.hierarchical.Node.around(Node.java:138)
	at org.junit.platform.engine.support.hierarchical.NodeTestTask.lambda$executeRecursively$0(NodeTestTask.java:164)
	at org.junit.platform.engine.support.hierarchical.ThrowableCollector.execute(ThrowableCollector.java:74)
	at org.junit.platform.engine.support.hierarchical.NodeTestTask.executeRecursively(NodeTestTask.java:163)
	at org.junit.platform.engine.support.hierarchical.NodeTestTask.execute(NodeTestTask.java:116)
	at java.base/java.util.ArrayList.forEach(ArrayList.java:1596)
	at org.junit.platform.engine.support.hierarchical.SameThreadHierarchicalTestExecutorService.invokeAll(SameThreadHierarchicalTestExecutorService.java:42)
	at org.junit.platform.engine.support.hierarchical.NodeTestTask.lambda$executeRecursively$2(NodeTestTask.java:180)
	at org.junit.platform.engine.support.hierarchical.ThrowableCollector.execute(ThrowableCollector.java:74)
	at org.junit.platform.engine.support.hierarchical.NodeTestTask.lambda$executeRecursively$1(NodeTestTask.java:166)
	at org.junit.platform.engine.support.hierarchical.Node.around(Node.java:138)
	at org.junit.platform.engine.support.hierarchical.NodeTestTask.lambda$executeRecursively$0(NodeTestTask.java:164)
	at org.junit.platform.engine.support.hierarchical.ThrowableCollector.execute(ThrowableCollector.java:74)
	at org.junit.platform.engine.support.hierarchical.NodeTestTask.executeRecursively(NodeTestTask.java:163)
	at org.junit.platform.engine.support.hierarchical.NodeTestTask.execute(NodeTestTask.java:116)
	at org.junit.platform.engine.support.hierarchical.SameThreadHierarchicalTestExecutorService.submit(SameThreadHierarchicalTestExecutorService.java:36)
	at org.junit.platform.engine.support.hierarchical.HierarchicalTestExecutor.execute(HierarchicalTestExecutor.java:52)
	at org.junit.platform.engine.support.hierarchical.HierarchicalTestEngine.execute(HierarchicalTestEngine.java:58)
	at org.junit.platform.launcher.core.EngineExecutionOrchestrator.executeEngine(EngineExecutionOrchestrator.java:246)
	at org.junit.platform.launcher.core.EngineExecutionOrchestrator.failOrExecuteEngine(EngineExecutionOrchestrator.java:218)
	at org.junit.platform.launcher.core.EngineExecutionOrchestrator.execute(EngineExecutionOrchestrator.java:179)
	at org.junit.platform.launcher.core.EngineExecutionOrchestrator.execute(EngineExecutionOrchestrator.java:108)
	at org.junit.platform.launcher.core.EngineExecutionOrchestrator.lambda$execute$0(EngineExecutionOrchestrator.java:66)
	at org.junit.platform.launcher.core.EngineExecutionOrchestrator.withInterceptedStreams(EngineExecutionOrchestrator.java:157)
	at org.junit.platform.launcher.core.EngineExecutionOrchestrator.execute(EngineExecutionOrchestrator.java:65)
	at org.junit.platform.launcher.core.DefaultLauncher.execute(DefaultLauncher.java:125)
	at org.junit.platform.launcher.core.DefaultLauncher.execute(DefaultLauncher.java:114)
	at org.junit.platform.launcher.core.DelegatingLauncher.execute(DelegatingLauncher.java:58)
	at org.junit.platform.launcher.core.InterceptingLauncher.lambda$execute$2(InterceptingLauncher.java:57)
	at org.junit.platform.launcher.core.ClasspathAlignmentCheckingLauncherInterceptor.intercept(ClasspathAlignmentCheckingLauncherInterceptor.java:25)
	at org.junit.platform.launcher.core.InterceptingLauncher.execute(InterceptingLauncher.java:56)
	at org.junit.platform.launcher.core.DelegatingLauncher.execute(DelegatingLauncher.java:58)
	at org.junit.platform.launcher.core.SessionPerRequestLauncher.execute(SessionPerRequestLauncher.java:81)
	at com.intellij.junit6.JUnit6TestRunnerHelper.execute(JUnit6TestRunnerHelper.java:69)
	at com.intellij.junit5.JUnit5IdeaTestRunner.startRunnerWithArgs(JUnit5IdeaTestRunner.java:70)
	at com.intellij.rt.junit.IdeaTestRunner$Repeater$1.execute(IdeaTestRunner.java:38)
	at com.intellij.rt.execution.junit.TestsRepeater.repeat(TestsRepeater.java:11)
	at com.intellij.rt.junit.IdeaTestRunner$Repeater.startRunnerWithArgs(IdeaTestRunner.java:35)
	at com.intellij.rt.junit.JUnitStarter.prepareStreamsAndStart(JUnitStarter.java:225)
	at com.intellij.rt.junit.JUnitStarter.main(JUnitStarter.java:61)
2026-06-24 21:32:54 WARN  o.springframework.test.context.TestContextManager - Caught exception while allowing TestExecutionListener [org.springframework.test.context.bean.override.BeanOverrideTestExecutionListener] to prepare test instance [com.example.libreriaMarketCatalogService.controllerV2.ProductoControllerV2Test@4a520f05]
java.lang.IllegalStateException: ApplicationContext failure threshold (1) exceeded: skipping repeated attempt to load context for [WebMergedContextConfiguration@44de8e00 testClass = com.example.libreriaMarketCatalogService.controllerV2.ProductoControllerV2Test, locations = [], classes = [com.example.libreriaMarketCatalogService.LibreriaMarketCatalogServiceApplication], contextInitializerClasses = [], activeProfiles = [], propertySourceDescriptors = [], propertySourceProperties = ["org.springframework.boot.webmvc.test.autoconfigure.WebMvcTestContextBootstrapper=true"], contextCustomizers = [[ImportsContextCustomizer@3cbfdf5c key = [org.springframework.boot.hateoas.autoconfigure.HypermediaAutoConfiguration, org.springframework.boot.jackson2.autoconfigure.Jackson2AutoConfiguration, org.springframework.boot.autoconfigure.task.TaskExecutionAutoConfiguration, org.springframework.boot.webmvc.test.autoconfigure.MockMvcWebDriverAutoConfiguration, org.springframework.boot.security.autoconfigure.SecurityAutoConfiguration, org.springframework.boot.autoconfigure.context.MessageSourceAutoConfiguration, org.springframework.boot.security.autoconfigure.web.servlet.SecurityFilterAutoConfiguration, org.springframework.boot.data.autoconfigure.web.DataWebAutoConfiguration, org.springframework.boot.webmvc.autoconfigure.error.ErrorMvcAutoConfiguration, org.springframework.boot.validation.autoconfigure.ValidationAutoConfiguration, org.springframework.boot.webmvc.autoconfigure.WebMvcAutoConfiguration, org.springframework.boot.security.test.autoconfigure.webmvc.SecurityMockMvcAutoConfiguration, org.springframework.boot.http.converter.autoconfigure.HttpMessageConvertersAutoConfiguration, org.springframework.boot.jackson.autoconfigure.JacksonAutoConfiguration, org.springframework.boot.webmvc.test.autoconfigure.MockMvcWebClientAutoConfiguration, org.springframework.boot.servlet.autoconfigure.HttpEncodingAutoConfiguration, org.springframework.boot.security.autoconfigure.UserDetailsServiceAutoConfiguration, org.springframework.boot.webmvc.test.autoconfigure.MockMvcAutoConfiguration]], org.springframework.boot.test.context.PropertyMappingContextCustomizer@2d298995, org.springframework.boot.test.context.filter.ExcludeFilterContextCustomizer@22ee2d0, org.springframework.boot.test.context.filter.annotation.TypeExcludeFiltersContextCustomizer@9d6afc69, org.springframework.boot.test.json.DuplicateJsonObjectContextCustomizerFactory$DuplicateJsonObjectContextCustomizer@31198ceb, org.springframework.boot.test.autoconfigure.OnFailureConditionReportContextCustomizerFactory$OnFailureConditionReportContextCustomizer@7726e185, org.springframework.boot.test.autoconfigure.OverrideAutoConfigurationContextCustomizerFactory$DisableAutoConfigurationContextCustomizer@3d9fc57a, org.springframework.test.context.bean.override.BeanOverrideContextCustomizer@8cd7d1e8, org.springframework.test.context.support.DynamicPropertiesContextCustomizer@0, org.springframework.boot.webmvc.test.autoconfigure.WebDriverContextCustomizer@589b028e, org.springframework.boot.web.server.context.SpringBootTestRandomPortContextCustomizerFactory$Customizer@3b809711, org.springframework.boot.test.context.SpringBootTestAnnotation@dc96e641], resourceBasePath = "src/main/webapp", contextLoader = org.springframework.boot.test.context.SpringBootContextLoader, parent = null]
	at org.springframework.test.context.cache.DefaultCacheAwareContextLoaderDelegate.loadContext(DefaultCacheAwareContextLoaderDelegate.java:157)
	at org.springframework.test.context.support.DefaultTestContext.getApplicationContext(DefaultTestContext.java:128)
	at org.springframework.test.context.bean.override.BeanOverrideTestExecutionListener.injectFields(BeanOverrideTestExecutionListener.java:107)
	at org.springframework.test.context.bean.override.BeanOverrideTestExecutionListener.prepareTestInstance(BeanOverrideTestExecutionListener.java:70)
	at org.springframework.test.context.TestContextManager.prepareTestInstance(TestContextManager.java:260)
	at org.springframework.test.context.junit.jupiter.SpringExtension.postProcessTestInstance(SpringExtension.java:203)
	at org.junit.jupiter.engine.descriptor.ClassBasedTestDescriptor.lambda$invokeTestInstancePostProcessors$1(ClassBasedTestDescriptor.java:423)
	at org.junit.jupiter.engine.descriptor.ClassBasedTestDescriptor.executeAndMaskThrowable(ClassBasedTestDescriptor.java:428)
	at org.junit.jupiter.engine.descriptor.ClassBasedTestDescriptor.lambda$invokeTestInstancePostProcessors$0(ClassBasedTestDescriptor.java:422)
	at java.base/java.util.stream.ForEachOps$ForEachOp$OfRef.accept(ForEachOps.java:184)
	at java.base/java.util.stream.ReferencePipeline$3$1.accept(ReferencePipeline.java:197)
	at java.base/java.util.stream.ReferencePipeline$2$1.accept(ReferencePipeline.java:179)
	at java.base/java.util.stream.ReferencePipeline$3$1.accept(ReferencePipeline.java:197)
	at java.base/java.util.ArrayList$ArrayListSpliterator.forEachRemaining(ArrayList.java:1708)
	at java.base/java.util.stream.AbstractPipeline.copyInto(AbstractPipeline.java:509)
	at java.base/java.util.stream.AbstractPipeline.wrapAndCopyInto(AbstractPipeline.java:499)
	at java.base/java.util.stream.ForEachOps$ForEachOp.evaluateSequential(ForEachOps.java:151)
	at java.base/java.util.stream.ForEachOps$ForEachOp$OfRef.evaluateSequential(ForEachOps.java:174)
	at java.base/java.util.stream.AbstractPipeline.evaluate(AbstractPipeline.java:234)
	at java.base/java.util.stream.ReferencePipeline.forEach(ReferencePipeline.java:596)
	at org.junit.jupiter.engine.descriptor.ClassBasedTestDescriptor.invokeTestInstancePostProcessors(ClassBasedTestDescriptor.java:422)
	at org.junit.jupiter.engine.descriptor.ClassBasedTestDescriptor.lambda$instantiateAndPostProcessTestInstance$0(ClassBasedTestDescriptor.java:334)
	at org.junit.platform.engine.support.hierarchical.ThrowableCollector.execute(ThrowableCollector.java:74)
	at org.junit.jupiter.engine.descriptor.ClassBasedTestDescriptor.instantiateAndPostProcessTestInstance(ClassBasedTestDescriptor.java:333)
	at org.junit.jupiter.engine.descriptor.ClassBasedTestDescriptor.lambda$testInstancesProvider$1(ClassBasedTestDescriptor.java:322)
	at java.base/java.util.Optional.orElseGet(Optional.java:364)
	at org.junit.jupiter.engine.descriptor.ClassBasedTestDescriptor.lambda$testInstancesProvider$0(ClassBasedTestDescriptor.java:321)
	at org.junit.jupiter.engine.execution.TestInstancesProvider.getTestInstances(TestInstancesProvider.java:27)
	at org.junit.jupiter.engine.descriptor.TestMethodTestDescriptor.lambda$prepare$0(TestMethodTestDescriptor.java:127)
	at org.junit.platform.engine.support.hierarchical.ThrowableCollector.execute(ThrowableCollector.java:74)
	at org.junit.jupiter.engine.descriptor.TestMethodTestDescriptor.prepare(TestMethodTestDescriptor.java:126)
	at org.junit.jupiter.engine.descriptor.TestMethodTestDescriptor.prepare(TestMethodTestDescriptor.java:70)
	at org.junit.platform.engine.support.hierarchical.NodeTestTask.lambda$prepare$0(NodeTestTask.java:144)
	at org.junit.platform.engine.support.hierarchical.ThrowableCollector.execute(ThrowableCollector.java:74)
	at org.junit.platform.engine.support.hierarchical.NodeTestTask.prepare(NodeTestTask.java:144)
	at org.junit.platform.engine.support.hierarchical.NodeTestTask.execute(NodeTestTask.java:110)
	at java.base/java.util.ArrayList.forEach(ArrayList.java:1596)
	at org.junit.platform.engine.support.hierarchical.SameThreadHierarchicalTestExecutorService.invokeAll(SameThreadHierarchicalTestExecutorService.java:42)
	at org.junit.platform.engine.support.hierarchical.NodeTestTask.lambda$executeRecursively$2(NodeTestTask.java:180)
	at org.junit.platform.engine.support.hierarchical.ThrowableCollector.execute(ThrowableCollector.java:74)
	at org.junit.platform.engine.support.hierarchical.NodeTestTask.lambda$executeRecursively$1(NodeTestTask.java:166)
	at org.junit.platform.engine.support.hierarchical.Node.around(Node.java:138)
	at org.junit.platform.engine.support.hierarchical.NodeTestTask.lambda$executeRecursively$0(NodeTestTask.java:164)
	at org.junit.platform.engine.support.hierarchical.ThrowableCollector.execute(ThrowableCollector.java:74)
	at org.junit.platform.engine.support.hierarchical.NodeTestTask.executeRecursively(NodeTestTask.java:163)
	at org.junit.platform.engine.support.hierarchical.NodeTestTask.execute(NodeTestTask.java:116)
	at java.base/java.util.ArrayList.forEach(ArrayList.java:1596)
	at org.junit.platform.engine.support.hierarchical.SameThreadHierarchicalTestExecutorService.invokeAll(SameThreadHierarchicalTestExecutorService.java:42)
	at org.junit.platform.engine.support.hierarchical.NodeTestTask.lambda$executeRecursively$2(NodeTestTask.java:180)
	at org.junit.platform.engine.support.hierarchical.ThrowableCollector.execute(ThrowableCollector.java:74)
	at org.junit.platform.engine.support.hierarchical.NodeTestTask.lambda$executeRecursively$1(NodeTestTask.java:166)
	at org.junit.platform.engine.support.hierarchical.Node.around(Node.java:138)
	at org.junit.platform.engine.support.hierarchical.NodeTestTask.lambda$executeRecursively$0(NodeTestTask.java:164)
	at org.junit.platform.engine.support.hierarchical.ThrowableCollector.execute(ThrowableCollector.java:74)
	at org.junit.platform.engine.support.hierarchical.NodeTestTask.executeRecursively(NodeTestTask.java:163)
	at org.junit.platform.engine.support.hierarchical.NodeTestTask.execute(NodeTestTask.java:116)
	at org.junit.platform.engine.support.hierarchical.SameThreadHierarchicalTestExecutorService.submit(SameThreadHierarchicalTestExecutorService.java:36)
	at org.junit.platform.engine.support.hierarchical.HierarchicalTestExecutor.execute(HierarchicalTestExecutor.java:52)
	at org.junit.platform.engine.support.hierarchical.HierarchicalTestEngine.execute(HierarchicalTestEngine.java:58)
	at org.junit.platform.launcher.core.EngineExecutionOrchestrator.executeEngine(EngineExecutionOrchestrator.java:246)
	at org.junit.platform.launcher.core.EngineExecutionOrchestrator.failOrExecuteEngine(EngineExecutionOrchestrator.java:218)
	at org.junit.platform.launcher.core.EngineExecutionOrchestrator.execute(EngineExecutionOrchestrator.java:179)
	at org.junit.platform.launcher.core.EngineExecutionOrchestrator.execute(EngineExecutionOrchestrator.java:108)
	at org.junit.platform.launcher.core.EngineExecutionOrchestrator.lambda$execute$0(EngineExecutionOrchestrator.java:66)
	at org.junit.platform.launcher.core.EngineExecutionOrchestrator.withInterceptedStreams(EngineExecutionOrchestrator.java:157)
	at org.junit.platform.launcher.core.EngineExecutionOrchestrator.execute(EngineExecutionOrchestrator.java:65)
	at org.junit.platform.launcher.core.DefaultLauncher.execute(DefaultLauncher.java:125)
	at org.junit.platform.launcher.core.DefaultLauncher.execute(DefaultLauncher.java:114)
	at org.junit.platform.launcher.core.DelegatingLauncher.execute(DelegatingLauncher.java:58)
	at org.junit.platform.launcher.core.InterceptingLauncher.lambda$execute$2(InterceptingLauncher.java:57)
	at org.junit.platform.launcher.core.ClasspathAlignmentCheckingLauncherInterceptor.intercept(ClasspathAlignmentCheckingLauncherInterceptor.java:25)
	at org.junit.platform.launcher.core.InterceptingLauncher.execute(InterceptingLauncher.java:56)
	at org.junit.platform.launcher.core.DelegatingLauncher.execute(DelegatingLauncher.java:58)
	at org.junit.platform.launcher.core.SessionPerRequestLauncher.execute(SessionPerRequestLauncher.java:81)
	at com.intellij.junit6.JUnit6TestRunnerHelper.execute(JUnit6TestRunnerHelper.java:69)
	at com.intellij.junit5.JUnit5IdeaTestRunner.startRunnerWithArgs(JUnit5IdeaTestRunner.java:70)
	at com.intellij.rt.junit.IdeaTestRunner$Repeater$1.execute(IdeaTestRunner.java:38)
	at com.intellij.rt.execution.junit.TestsRepeater.repeat(TestsRepeater.java:11)
	at com.intellij.rt.junit.IdeaTestRunner$Repeater.startRunnerWithArgs(IdeaTestRunner.java:35)
	at com.intellij.rt.junit.JUnitStarter.prepareStreamsAndStart(JUnitStarter.java:225)
	at com.intellij.rt.junit.JUnitStarter.main(JUnitStarter.java:61)
2026-06-24 21:32:54 WARN  o.springframework.test.context.TestContextManager - Caught exception while allowing TestExecutionListener [org.springframework.test.context.bean.override.BeanOverrideTestExecutionListener] to prepare test instance [com.example.libreriaMarketCatalogService.controllerV2.ProductoControllerV2Test@25d0b918]
java.lang.IllegalStateException: ApplicationContext failure threshold (1) exceeded: skipping repeated attempt to load context for [WebMergedContextConfiguration@44de8e00 testClass = com.example.libreriaMarketCatalogService.controllerV2.ProductoControllerV2Test, locations = [], classes = [com.example.libreriaMarketCatalogService.LibreriaMarketCatalogServiceApplication], contextInitializerClasses = [], activeProfiles = [], propertySourceDescriptors = [], propertySourceProperties = ["org.springframework.boot.webmvc.test.autoconfigure.WebMvcTestContextBootstrapper=true"], contextCustomizers = [[ImportsContextCustomizer@3cbfdf5c key = [org.springframework.boot.hateoas.autoconfigure.HypermediaAutoConfiguration, org.springframework.boot.jackson2.autoconfigure.Jackson2AutoConfiguration, org.springframework.boot.autoconfigure.task.TaskExecutionAutoConfiguration, org.springframework.boot.webmvc.test.autoconfigure.MockMvcWebDriverAutoConfiguration, org.springframework.boot.security.autoconfigure.SecurityAutoConfiguration, org.springframework.boot.autoconfigure.context.MessageSourceAutoConfiguration, org.springframework.boot.security.autoconfigure.web.servlet.SecurityFilterAutoConfiguration, org.springframework.boot.data.autoconfigure.web.DataWebAutoConfiguration, org.springframework.boot.webmvc.autoconfigure.error.ErrorMvcAutoConfiguration, org.springframework.boot.validation.autoconfigure.ValidationAutoConfiguration, org.springframework.boot.webmvc.autoconfigure.WebMvcAutoConfiguration, org.springframework.boot.security.test.autoconfigure.webmvc.SecurityMockMvcAutoConfiguration, org.springframework.boot.http.converter.autoconfigure.HttpMessageConvertersAutoConfiguration, org.springframework.boot.jackson.autoconfigure.JacksonAutoConfiguration, org.springframework.boot.webmvc.test.autoconfigure.MockMvcWebClientAutoConfiguration, org.springframework.boot.servlet.autoconfigure.HttpEncodingAutoConfiguration, org.springframework.boot.security.autoconfigure.UserDetailsServiceAutoConfiguration, org.springframework.boot.webmvc.test.autoconfigure.MockMvcAutoConfiguration]], org.springframework.boot.test.context.PropertyMappingContextCustomizer@2d298995, org.springframework.boot.test.context.filter.ExcludeFilterContextCustomizer@22ee2d0, org.springframework.boot.test.context.filter.annotation.TypeExcludeFiltersContextCustomizer@9d6afc69, org.springframework.boot.test.json.DuplicateJsonObjectContextCustomizerFactory$DuplicateJsonObjectContextCustomizer@31198ceb, org.springframework.boot.test.autoconfigure.OnFailureConditionReportContextCustomizerFactory$OnFailureConditionReportContextCustomizer@7726e185, org.springframework.boot.test.autoconfigure.OverrideAutoConfigurationContextCustomizerFactory$DisableAutoConfigurationContextCustomizer@3d9fc57a, org.springframework.test.context.bean.override.BeanOverrideContextCustomizer@8cd7d1e8, org.springframework.test.context.support.DynamicPropertiesContextCustomizer@0, org.springframework.boot.webmvc.test.autoconfigure.WebDriverContextCustomizer@589b028e, org.springframework.boot.web.server.context.SpringBootTestRandomPortContextCustomizerFactory$Customizer@3b809711, org.springframework.boot.test.context.SpringBootTestAnnotation@dc96e641], resourceBasePath = "src/main/webapp", contextLoader = org.springframework.boot.test.context.SpringBootContextLoader, parent = null]
	at org.springframework.test.context.cache.DefaultCacheAwareContextLoaderDelegate.loadContext(DefaultCacheAwareContextLoaderDelegate.java:157)
	at org.springframework.test.context.support.DefaultTestContext.getApplicationContext(DefaultTestContext.java:128)
	at org.springframework.test.context.bean.override.BeanOverrideTestExecutionListener.injectFields(BeanOverrideTestExecutionListener.java:107)
	at org.springframework.test.context.bean.override.BeanOverrideTestExecutionListener.prepareTestInstance(BeanOverrideTestExecutionListener.java:70)
	at org.springframework.test.context.TestContextManager.prepareTestInstance(TestContextManager.java:260)
	at org.springframework.test.context.junit.jupiter.SpringExtension.postProcessTestInstance(SpringExtension.java:203)
	at org.junit.jupiter.engine.descriptor.ClassBasedTestDescriptor.lambda$invokeTestInstancePostProcessors$1(ClassBasedTestDescriptor.java:423)
	at org.junit.jupiter.engine.descriptor.ClassBasedTestDescriptor.executeAndMaskThrowable(ClassBasedTestDescriptor.java:428)
	at org.junit.jupiter.engine.descriptor.ClassBasedTestDescriptor.lambda$invokeTestInstancePostProcessors$0(ClassBasedTestDescriptor.java:422)
	at java.base/java.util.stream.ForEachOps$ForEachOp$OfRef.accept(ForEachOps.java:184)
	at java.base/java.util.stream.ReferencePipeline$3$1.accept(ReferencePipeline.java:197)
	at java.base/java.util.stream.ReferencePipeline$2$1.accept(ReferencePipeline.java:179)
	at java.base/java.util.stream.ReferencePipeline$3$1.accept(ReferencePipeline.java:197)
	at java.base/java.util.ArrayList$ArrayListSpliterator.forEachRemaining(ArrayList.java:1708)
	at java.base/java.util.stream.AbstractPipeline.copyInto(AbstractPipeline.java:509)
	at java.base/java.util.stream.AbstractPipeline.wrapAndCopyInto(AbstractPipeline.java:499)
	at java.base/java.util.stream.ForEachOps$ForEachOp.evaluateSequential(ForEachOps.java:151)
	at java.base/java.util.stream.ForEachOps$ForEachOp$OfRef.evaluateSequential(ForEachOps.java:174)
	at java.base/java.util.stream.AbstractPipeline.evaluate(AbstractPipeline.java:234)
	at java.base/java.util.stream.ReferencePipeline.forEach(ReferencePipeline.java:596)
	at org.junit.jupiter.engine.descriptor.ClassBasedTestDescriptor.invokeTestInstancePostProcessors(ClassBasedTestDescriptor.java:422)
	at org.junit.jupiter.engine.descriptor.ClassBasedTestDescriptor.lambda$instantiateAndPostProcessTestInstance$0(ClassBasedTestDescriptor.java:334)
	at org.junit.platform.engine.support.hierarchical.ThrowableCollector.execute(ThrowableCollector.java:74)
	at org.junit.jupiter.engine.descriptor.ClassBasedTestDescriptor.instantiateAndPostProcessTestInstance(ClassBasedTestDescriptor.java:333)
	at org.junit.jupiter.engine.descriptor.ClassBasedTestDescriptor.lambda$testInstancesProvider$1(ClassBasedTestDescriptor.java:322)
	at java.base/java.util.Optional.orElseGet(Optional.java:364)
	at org.junit.jupiter.engine.descriptor.ClassBasedTestDescriptor.lambda$testInstancesProvider$0(ClassBasedTestDescriptor.java:321)
	at org.junit.jupiter.engine.execution.TestInstancesProvider.getTestInstances(TestInstancesProvider.java:27)
	at org.junit.jupiter.engine.descriptor.TestMethodTestDescriptor.lambda$prepare$0(TestMethodTestDescriptor.java:127)
	at org.junit.platform.engine.support.hierarchical.ThrowableCollector.execute(ThrowableCollector.java:74)
	at org.junit.jupiter.engine.descriptor.TestMethodTestDescriptor.prepare(TestMethodTestDescriptor.java:126)
	at org.junit.jupiter.engine.descriptor.TestMethodTestDescriptor.prepare(TestMethodTestDescriptor.java:70)
	at org.junit.platform.engine.support.hierarchical.NodeTestTask.lambda$prepare$0(NodeTestTask.java:144)
	at org.junit.platform.engine.support.hierarchical.ThrowableCollector.execute(ThrowableCollector.java:74)
	at org.junit.platform.engine.support.hierarchical.NodeTestTask.prepare(NodeTestTask.java:144)
	at org.junit.platform.engine.support.hierarchical.NodeTestTask.execute(NodeTestTask.java:110)
	at java.base/java.util.ArrayList.forEach(ArrayList.java:1596)
	at org.junit.platform.engine.support.hierarchical.SameThreadHierarchicalTestExecutorService.invokeAll(SameThreadHierarchicalTestExecutorService.java:42)
	at org.junit.platform.engine.support.hierarchical.NodeTestTask.lambda$executeRecursively$2(NodeTestTask.java:180)
	at org.junit.platform.engine.support.hierarchical.ThrowableCollector.execute(ThrowableCollector.java:74)
	at org.junit.platform.engine.support.hierarchical.NodeTestTask.lambda$executeRecursively$1(NodeTestTask.java:166)
	at org.junit.platform.engine.support.hierarchical.Node.around(Node.java:138)
	at org.junit.platform.engine.support.hierarchical.NodeTestTask.lambda$executeRecursively$0(NodeTestTask.java:164)
	at org.junit.platform.engine.support.hierarchical.ThrowableCollector.execute(ThrowableCollector.java:74)
	at org.junit.platform.engine.support.hierarchical.NodeTestTask.executeRecursively(NodeTestTask.java:163)
	at org.junit.platform.engine.support.hierarchical.NodeTestTask.execute(NodeTestTask.java:116)
	at java.base/java.util.ArrayList.forEach(ArrayList.java:1596)
	at org.junit.platform.engine.support.hierarchical.SameThreadHierarchicalTestExecutorService.invokeAll(SameThreadHierarchicalTestExecutorService.java:42)
	at org.junit.platform.engine.support.hierarchical.NodeTestTask.lambda$executeRecursively$2(NodeTestTask.java:180)
	at org.junit.platform.engine.support.hierarchical.ThrowableCollector.execute(ThrowableCollector.java:74)
	at org.junit.platform.engine.support.hierarchical.NodeTestTask.lambda$executeRecursively$1(NodeTestTask.java:166)
	at org.junit.platform.engine.support.hierarchical.Node.around(Node.java:138)
	at org.junit.platform.engine.support.hierarchical.NodeTestTask.lambda$executeRecursively$0(NodeTestTask.java:164)
	at org.junit.platform.engine.support.hierarchical.ThrowableCollector.execute(ThrowableCollector.java:74)
	at org.junit.platform.engine.support.hierarchical.NodeTestTask.executeRecursively(NodeTestTask.java:163)
	at org.junit.platform.engine.support.hierarchical.NodeTestTask.execute(NodeTestTask.java:116)
	at org.junit.platform.engine.support.hierarchical.SameThreadHierarchicalTestExecutorService.submit(SameThreadHierarchicalTestExecutorService.java:36)
	at org.junit.platform.engine.support.hierarchical.HierarchicalTestExecutor.execute(HierarchicalTestExecutor.java:52)
	at org.junit.platform.engine.support.hierarchical.HierarchicalTestEngine.execute(HierarchicalTestEngine.java:58)
	at org.junit.platform.launcher.core.EngineExecutionOrchestrator.executeEngine(EngineExecutionOrchestrator.java:246)
	at org.junit.platform.launcher.core.EngineExecutionOrchestrator.failOrExecuteEngine(EngineExecutionOrchestrator.java:218)
	at org.junit.platform.launcher.core.EngineExecutionOrchestrator.execute(EngineExecutionOrchestrator.java:179)
	at org.junit.platform.launcher.core.EngineExecutionOrchestrator.execute(EngineExecutionOrchestrator.java:108)
	at org.junit.platform.launcher.core.EngineExecutionOrchestrator.lambda$execute$0(EngineExecutionOrchestrator.java:66)
	at org.junit.platform.launcher.core.EngineExecutionOrchestrator.withInterceptedStreams(EngineExecutionOrchestrator.java:157)
	at org.junit.platform.launcher.core.EngineExecutionOrchestrator.execute(EngineExecutionOrchestrator.java:65)
	at org.junit.platform.launcher.core.DefaultLauncher.execute(DefaultLauncher.java:125)
	at org.junit.platform.launcher.core.DefaultLauncher.execute(DefaultLauncher.java:114)
	at org.junit.platform.launcher.core.DelegatingLauncher.execute(DelegatingLauncher.java:58)
	at org.junit.platform.launcher.core.InterceptingLauncher.lambda$execute$2(InterceptingLauncher.java:57)
	at org.junit.platform.launcher.core.ClasspathAlignmentCheckingLauncherInterceptor.intercept(ClasspathAlignmentCheckingLauncherInterceptor.java:25)
	at org.junit.platform.launcher.core.InterceptingLauncher.execute(InterceptingLauncher.java:56)
	at org.junit.platform.launcher.core.DelegatingLauncher.execute(DelegatingLauncher.java:58)
	at org.junit.platform.launcher.core.SessionPerRequestLauncher.execute(SessionPerRequestLauncher.java:81)
	at com.intellij.junit6.JUnit6TestRunnerHelper.execute(JUnit6TestRunnerHelper.java:69)
	at com.intellij.junit5.JUnit5IdeaTestRunner.startRunnerWithArgs(JUnit5IdeaTestRunner.java:70)
	at com.intellij.rt.junit.IdeaTestRunner$Repeater$1.execute(IdeaTestRunner.java:38)
	at com.intellij.rt.execution.junit.TestsRepeater.repeat(TestsRepeater.java:11)
	at com.intellij.rt.junit.IdeaTestRunner$Repeater.startRunnerWithArgs(IdeaTestRunner.java:35)
	at com.intellij.rt.junit.JUnitStarter.prepareStreamsAndStart(JUnitStarter.java:225)
	at com.intellij.rt.junit.JUnitStarter.main(JUnitStarter.java:61)
2026-06-24 21:32:54 WARN  o.springframework.test.context.TestContextManager - Caught exception while allowing TestExecutionListener [org.springframework.test.context.bean.override.BeanOverrideTestExecutionListener] to prepare test instance [com.example.libreriaMarketCatalogService.controllerV2.ProductoControllerV2Test@37cf91d8]
java.lang.IllegalStateException: ApplicationContext failure threshold (1) exceeded: skipping repeated attempt to load context for [WebMergedContextConfiguration@44de8e00 testClass = com.example.libreriaMarketCatalogService.controllerV2.ProductoControllerV2Test, locations = [], classes = [com.example.libreriaMarketCatalogService.LibreriaMarketCatalogServiceApplication], contextInitializerClasses = [], activeProfiles = [], propertySourceDescriptors = [], propertySourceProperties = ["org.springframework.boot.webmvc.test.autoconfigure.WebMvcTestContextBootstrapper=true"], contextCustomizers = [[ImportsContextCustomizer@3cbfdf5c key = [org.springframework.boot.hateoas.autoconfigure.HypermediaAutoConfiguration, org.springframework.boot.jackson2.autoconfigure.Jackson2AutoConfiguration, org.springframework.boot.autoconfigure.task.TaskExecutionAutoConfiguration, org.springframework.boot.webmvc.test.autoconfigure.MockMvcWebDriverAutoConfiguration, org.springframework.boot.security.autoconfigure.SecurityAutoConfiguration, org.springframework.boot.autoconfigure.context.MessageSourceAutoConfiguration, org.springframework.boot.security.autoconfigure.web.servlet.SecurityFilterAutoConfiguration, org.springframework.boot.data.autoconfigure.web.DataWebAutoConfiguration, org.springframework.boot.webmvc.autoconfigure.error.ErrorMvcAutoConfiguration, org.springframework.boot.validation.autoconfigure.ValidationAutoConfiguration, org.springframework.boot.webmvc.autoconfigure.WebMvcAutoConfiguration, org.springframework.boot.security.test.autoconfigure.webmvc.SecurityMockMvcAutoConfiguration, org.springframework.boot.http.converter.autoconfigure.HttpMessageConvertersAutoConfiguration, org.springframework.boot.jackson.autoconfigure.JacksonAutoConfiguration, org.springframework.boot.webmvc.test.autoconfigure.MockMvcWebClientAutoConfiguration, org.springframework.boot.servlet.autoconfigure.HttpEncodingAutoConfiguration, org.springframework.boot.security.autoconfigure.UserDetailsServiceAutoConfiguration, org.springframework.boot.webmvc.test.autoconfigure.MockMvcAutoConfiguration]], org.springframework.boot.test.context.PropertyMappingContextCustomizer@2d298995, org.springframework.boot.test.context.filter.ExcludeFilterContextCustomizer@22ee2d0, org.springframework.boot.test.context.filter.annotation.TypeExcludeFiltersContextCustomizer@9d6afc69, org.springframework.boot.test.json.DuplicateJsonObjectContextCustomizerFactory$DuplicateJsonObjectContextCustomizer@31198ceb, org.springframework.boot.test.autoconfigure.OnFailureConditionReportContextCustomizerFactory$OnFailureConditionReportContextCustomizer@7726e185, org.springframework.boot.test.autoconfigure.OverrideAutoConfigurationContextCustomizerFactory$DisableAutoConfigurationContextCustomizer@3d9fc57a, org.springframework.test.context.bean.override.BeanOverrideContextCustomizer@8cd7d1e8, org.springframework.test.context.support.DynamicPropertiesContextCustomizer@0, org.springframework.boot.webmvc.test.autoconfigure.WebDriverContextCustomizer@589b028e, org.springframework.boot.web.server.context.SpringBootTestRandomPortContextCustomizerFactory$Customizer@3b809711, org.springframework.boot.test.context.SpringBootTestAnnotation@dc96e641], resourceBasePath = "src/main/webapp", contextLoader = org.springframework.boot.test.context.SpringBootContextLoader, parent = null]
	at org.springframework.test.context.cache.DefaultCacheAwareContextLoaderDelegate.loadContext(DefaultCacheAwareContextLoaderDelegate.java:157)
	at org.springframework.test.context.support.DefaultTestContext.getApplicationContext(DefaultTestContext.java:128)
	at org.springframework.test.context.bean.override.BeanOverrideTestExecutionListener.injectFields(BeanOverrideTestExecutionListener.java:107)
	at org.springframework.test.context.bean.override.BeanOverrideTestExecutionListener.prepareTestInstance(BeanOverrideTestExecutionListener.java:70)
	at org.springframework.test.context.TestContextManager.prepareTestInstance(TestContextManager.java:260)
	at org.springframework.test.context.junit.jupiter.SpringExtension.postProcessTestInstance(SpringExtension.java:203)
	at org.junit.jupiter.engine.descriptor.ClassBasedTestDescriptor.lambda$invokeTestInstancePostProcessors$1(ClassBasedTestDescriptor.java:423)
	at org.junit.jupiter.engine.descriptor.ClassBasedTestDescriptor.executeAndMaskThrowable(ClassBasedTestDescriptor.java:428)
	at org.junit.jupiter.engine.descriptor.ClassBasedTestDescriptor.lambda$invokeTestInstancePostProcessors$0(ClassBasedTestDescriptor.java:422)
	at java.base/java.util.stream.ForEachOps$ForEachOp$OfRef.accept(ForEachOps.java:184)
	at java.base/java.util.stream.ReferencePipeline$3$1.accept(ReferencePipeline.java:197)
	at java.base/java.util.stream.ReferencePipeline$2$1.accept(ReferencePipeline.java:179)
	at java.base/java.util.stream.ReferencePipeline$3$1.accept(ReferencePipeline.java:197)
	at java.base/java.util.ArrayList$ArrayListSpliterator.forEachRemaining(ArrayList.java:1708)
	at java.base/java.util.stream.AbstractPipeline.copyInto(AbstractPipeline.java:509)
	at java.base/java.util.stream.AbstractPipeline.wrapAndCopyInto(AbstractPipeline.java:499)
	at java.base/java.util.stream.ForEachOps$ForEachOp.evaluateSequential(ForEachOps.java:151)
	at java.base/java.util.stream.ForEachOps$ForEachOp$OfRef.evaluateSequential(ForEachOps.java:174)
	at java.base/java.util.stream.AbstractPipeline.evaluate(AbstractPipeline.java:234)
	at java.base/java.util.stream.ReferencePipeline.forEach(ReferencePipeline.java:596)
	at org.junit.jupiter.engine.descriptor.ClassBasedTestDescriptor.invokeTestInstancePostProcessors(ClassBasedTestDescriptor.java:422)
	at org.junit.jupiter.engine.descriptor.ClassBasedTestDescriptor.lambda$instantiateAndPostProcessTestInstance$0(ClassBasedTestDescriptor.java:334)
	at org.junit.platform.engine.support.hierarchical.ThrowableCollector.execute(ThrowableCollector.java:74)
	at org.junit.jupiter.engine.descriptor.ClassBasedTestDescriptor.instantiateAndPostProcessTestInstance(ClassBasedTestDescriptor.java:333)
	at org.junit.jupiter.engine.descriptor.ClassBasedTestDescriptor.lambda$testInstancesProvider$1(ClassBasedTestDescriptor.java:322)
	at java.base/java.util.Optional.orElseGet(Optional.java:364)
	at org.junit.jupiter.engine.descriptor.ClassBasedTestDescriptor.lambda$testInstancesProvider$0(ClassBasedTestDescriptor.java:321)
	at org.junit.jupiter.engine.execution.TestInstancesProvider.getTestInstances(TestInstancesProvider.java:27)
	at org.junit.jupiter.engine.descriptor.TestMethodTestDescriptor.lambda$prepare$0(TestMethodTestDescriptor.java:127)
	at org.junit.platform.engine.support.hierarchical.ThrowableCollector.execute(ThrowableCollector.java:74)
	at org.junit.jupiter.engine.descriptor.TestMethodTestDescriptor.prepare(TestMethodTestDescriptor.java:126)
	at org.junit.jupiter.engine.descriptor.TestMethodTestDescriptor.prepare(TestMethodTestDescriptor.java:70)
	at org.junit.platform.engine.support.hierarchical.NodeTestTask.lambda$prepare$0(NodeTestTask.java:144)
	at org.junit.platform.engine.support.hierarchical.ThrowableCollector.execute(ThrowableCollector.java:74)
	at org.junit.platform.engine.support.hierarchical.NodeTestTask.prepare(NodeTestTask.java:144)
	at org.junit.platform.engine.support.hierarchical.NodeTestTask.execute(NodeTestTask.java:110)
	at java.base/java.util.ArrayList.forEach(ArrayList.java:1596)
	at org.junit.platform.engine.support.hierarchical.SameThreadHierarchicalTestExecutorService.invokeAll(SameThreadHierarchicalTestExecutorService.java:42)
	at org.junit.platform.engine.support.hierarchical.NodeTestTask.lambda$executeRecursively$2(NodeTestTask.java:180)
	at org.junit.platform.engine.support.hierarchical.ThrowableCollector.execute(ThrowableCollector.java:74)
	at org.junit.platform.engine.support.hierarchical.NodeTestTask.lambda$executeRecursively$1(NodeTestTask.java:166)
	at org.junit.platform.engine.support.hierarchical.Node.around(Node.java:138)
	at org.junit.platform.engine.support.hierarchical.NodeTestTask.lambda$executeRecursively$0(NodeTestTask.java:164)
	at org.junit.platform.engine.support.hierarchical.ThrowableCollector.execute(ThrowableCollector.java:74)
	at org.junit.platform.engine.support.hierarchical.NodeTestTask.executeRecursively(NodeTestTask.java:163)
	at org.junit.platform.engine.support.hierarchical.NodeTestTask.execute(NodeTestTask.java:116)
	at java.base/java.util.ArrayList.forEach(ArrayList.java:1596)
	at org.junit.platform.engine.support.hierarchical.SameThreadHierarchicalTestExecutorService.invokeAll(SameThreadHierarchicalTestExecutorService.java:42)
	at org.junit.platform.engine.support.hierarchical.NodeTestTask.lambda$executeRecursively$2(NodeTestTask.java:180)
	at org.junit.platform.engine.support.hierarchical.ThrowableCollector.execute(ThrowableCollector.java:74)
	at org.junit.platform.engine.support.hierarchical.NodeTestTask.lambda$executeRecursively$1(NodeTestTask.java:166)
	at org.junit.platform.engine.support.hierarchical.Node.around(Node.java:138)
	at org.junit.platform.engine.support.hierarchical.NodeTestTask.lambda$executeRecursively$0(NodeTestTask.java:164)
	at org.junit.platform.engine.support.hierarchical.ThrowableCollector.execute(ThrowableCollector.java:74)
	at org.junit.platform.engine.support.hierarchical.NodeTestTask.executeRecursively(NodeTestTask.java:163)
	at org.junit.platform.engine.support.hierarchical.NodeTestTask.execute(NodeTestTask.java:116)
	at org.junit.platform.engine.support.hierarchical.SameThreadHierarchicalTestExecutorService.submit(SameThreadHierarchicalTestExecutorService.java:36)
	at org.junit.platform.engine.support.hierarchical.HierarchicalTestExecutor.execute(HierarchicalTestExecutor.java:52)
	at org.junit.platform.engine.support.hierarchical.HierarchicalTestEngine.execute(HierarchicalTestEngine.java:58)
	at org.junit.platform.launcher.core.EngineExecutionOrchestrator.executeEngine(EngineExecutionOrchestrator.java:246)
	at org.junit.platform.launcher.core.EngineExecutionOrchestrator.failOrExecuteEngine(EngineExecutionOrchestrator.java:218)
	at org.junit.platform.launcher.core.EngineExecutionOrchestrator.execute(EngineExecutionOrchestrator.java:179)
	at org.junit.platform.launcher.core.EngineExecutionOrchestrator.execute(EngineExecutionOrchestrator.java:108)
	at org.junit.platform.launcher.core.EngineExecutionOrchestrator.lambda$execute$0(EngineExecutionOrchestrator.java:66)
	at org.junit.platform.launcher.core.EngineExecutionOrchestrator.withInterceptedStreams(EngineExecutionOrchestrator.java:157)
	at org.junit.platform.launcher.core.EngineExecutionOrchestrator.execute(EngineExecutionOrchestrator.java:65)
	at org.junit.platform.launcher.core.DefaultLauncher.execute(DefaultLauncher.java:125)
	at org.junit.platform.launcher.core.DefaultLauncher.execute(DefaultLauncher.java:114)
	at org.junit.platform.launcher.core.DelegatingLauncher.execute(DelegatingLauncher.java:58)
	at org.junit.platform.launcher.core.InterceptingLauncher.lambda$execute$2(InterceptingLauncher.java:57)
	at org.junit.platform.launcher.core.ClasspathAlignmentCheckingLauncherInterceptor.intercept(ClasspathAlignmentCheckingLauncherInterceptor.java:25)
	at org.junit.platform.launcher.core.InterceptingLauncher.execute(InterceptingLauncher.java:56)
	at org.junit.platform.launcher.core.DelegatingLauncher.execute(DelegatingLauncher.java:58)
	at org.junit.platform.launcher.core.SessionPerRequestLauncher.execute(SessionPerRequestLauncher.java:81)
	at com.intellij.junit6.JUnit6TestRunnerHelper.execute(JUnit6TestRunnerHelper.java:69)
	at com.intellij.junit5.JUnit5IdeaTestRunner.startRunnerWithArgs(JUnit5IdeaTestRunner.java:70)
	at com.intellij.rt.junit.IdeaTestRunner$Repeater$1.execute(IdeaTestRunner.java:38)
	at com.intellij.rt.execution.junit.TestsRepeater.repeat(TestsRepeater.java:11)
	at com.intellij.rt.junit.IdeaTestRunner$Repeater.startRunnerWithArgs(IdeaTestRunner.java:35)
	at com.intellij.rt.junit.JUnitStarter.prepareStreamsAndStart(JUnitStarter.java:225)
	at com.intellij.rt.junit.JUnitStarter.main(JUnitStarter.java:61)
2026-06-24 21:32:54 WARN  o.springframework.test.context.TestContextManager - Caught exception while allowing TestExecutionListener [org.springframework.test.context.bean.override.BeanOverrideTestExecutionListener] to prepare test instance [com.example.libreriaMarketCatalogService.controllerV2.ProductoControllerV2Test@18811c42]
java.lang.IllegalStateException: ApplicationContext failure threshold (1) exceeded: skipping repeated attempt to load context for [WebMergedContextConfiguration@44de8e00 testClass = com.example.libreriaMarketCatalogService.controllerV2.ProductoControllerV2Test, locations = [], classes = [com.example.libreriaMarketCatalogService.LibreriaMarketCatalogServiceApplication], contextInitializerClasses = [], activeProfiles = [], propertySourceDescriptors = [], propertySourceProperties = ["org.springframework.boot.webmvc.test.autoconfigure.WebMvcTestContextBootstrapper=true"], contextCustomizers = [[ImportsContextCustomizer@3cbfdf5c key = [org.springframework.boot.hateoas.autoconfigure.HypermediaAutoConfiguration, org.springframework.boot.jackson2.autoconfigure.Jackson2AutoConfiguration, org.springframework.boot.autoconfigure.task.TaskExecutionAutoConfiguration, org.springframework.boot.webmvc.test.autoconfigure.MockMvcWebDriverAutoConfiguration, org.springframework.boot.security.autoconfigure.SecurityAutoConfiguration, org.springframework.boot.autoconfigure.context.MessageSourceAutoConfiguration, org.springframework.boot.security.autoconfigure.web.servlet.SecurityFilterAutoConfiguration, org.springframework.boot.data.autoconfigure.web.DataWebAutoConfiguration, org.springframework.boot.webmvc.autoconfigure.error.ErrorMvcAutoConfiguration, org.springframework.boot.validation.autoconfigure.ValidationAutoConfiguration, org.springframework.boot.webmvc.autoconfigure.WebMvcAutoConfiguration, org.springframework.boot.security.test.autoconfigure.webmvc.SecurityMockMvcAutoConfiguration, org.springframework.boot.http.converter.autoconfigure.HttpMessageConvertersAutoConfiguration, org.springframework.boot.jackson.autoconfigure.JacksonAutoConfiguration, org.springframework.boot.webmvc.test.autoconfigure.MockMvcWebClientAutoConfiguration, org.springframework.boot.servlet.autoconfigure.HttpEncodingAutoConfiguration, org.springframework.boot.security.autoconfigure.UserDetailsServiceAutoConfiguration, org.springframework.boot.webmvc.test.autoconfigure.MockMvcAutoConfiguration]], org.springframework.boot.test.context.PropertyMappingContextCustomizer@2d298995, org.springframework.boot.test.context.filter.ExcludeFilterContextCustomizer@22ee2d0, org.springframework.boot.test.context.filter.annotation.TypeExcludeFiltersContextCustomizer@9d6afc69, org.springframework.boot.test.json.DuplicateJsonObjectContextCustomizerFactory$DuplicateJsonObjectContextCustomizer@31198ceb, org.springframework.boot.test.autoconfigure.OnFailureConditionReportContextCustomizerFactory$OnFailureConditionReportContextCustomizer@7726e185, org.springframework.boot.test.autoconfigure.OverrideAutoConfigurationContextCustomizerFactory$DisableAutoConfigurationContextCustomizer@3d9fc57a, org.springframework.test.context.bean.override.BeanOverrideContextCustomizer@8cd7d1e8, org.springframework.test.context.support.DynamicPropertiesContextCustomizer@0, org.springframework.boot.webmvc.test.autoconfigure.WebDriverContextCustomizer@589b028e, org.springframework.boot.web.server.context.SpringBootTestRandomPortContextCustomizerFactory$Customizer@3b809711, org.springframework.boot.test.context.SpringBootTestAnnotation@dc96e641], resourceBasePath = "src/main/webapp", contextLoader = org.springframework.boot.test.context.SpringBootContextLoader, parent = null]
	at org.springframework.test.context.cache.DefaultCacheAwareContextLoaderDelegate.loadContext(DefaultCacheAwareContextLoaderDelegate.java:157)
	at org.springframework.test.context.support.DefaultTestContext.getApplicationContext(DefaultTestContext.java:128)
	at org.springframework.test.context.bean.override.BeanOverrideTestExecutionListener.injectFields(BeanOverrideTestExecutionListener.java:107)
	at org.springframework.test.context.bean.override.BeanOverrideTestExecutionListener.prepareTestInstance(BeanOverrideTestExecutionListener.java:70)
	at org.springframework.test.context.TestContextManager.prepareTestInstance(TestContextManager.java:260)
	at org.springframework.test.context.junit.jupiter.SpringExtension.postProcessTestInstance(SpringExtension.java:203)
	at org.junit.jupiter.engine.descriptor.ClassBasedTestDescriptor.lambda$invokeTestInstancePostProcessors$1(ClassBasedTestDescriptor.java:423)
	at org.junit.jupiter.engine.descriptor.ClassBasedTestDescriptor.executeAndMaskThrowable(ClassBasedTestDescriptor.java:428)
	at org.junit.jupiter.engine.descriptor.ClassBasedTestDescriptor.lambda$invokeTestInstancePostProcessors$0(ClassBasedTestDescriptor.java:422)
	at java.base/java.util.stream.ForEachOps$ForEachOp$OfRef.accept(ForEachOps.java:184)
	at java.base/java.util.stream.ReferencePipeline$3$1.accept(ReferencePipeline.java:197)
	at java.base/java.util.stream.ReferencePipeline$2$1.accept(ReferencePipeline.java:179)
	at java.base/java.util.stream.ReferencePipeline$3$1.accept(ReferencePipeline.java:197)
	at java.base/java.util.ArrayList$ArrayListSpliterator.forEachRemaining(ArrayList.java:1708)
	at java.base/java.util.stream.AbstractPipeline.copyInto(AbstractPipeline.java:509)
	at java.base/java.util.stream.AbstractPipeline.wrapAndCopyInto(AbstractPipeline.java:499)
	at java.base/java.util.stream.ForEachOps$ForEachOp.evaluateSequential(ForEachOps.java:151)
	at java.base/java.util.stream.ForEachOps$ForEachOp$OfRef.evaluateSequential(ForEachOps.java:174)
	at java.base/java.util.stream.AbstractPipeline.evaluate(AbstractPipeline.java:234)
	at java.base/java.util.stream.ReferencePipeline.forEach(ReferencePipeline.java:596)
	at org.junit.jupiter.engine.descriptor.ClassBasedTestDescriptor.invokeTestInstancePostProcessors(ClassBasedTestDescriptor.java:422)
	at org.junit.jupiter.engine.descriptor.ClassBasedTestDescriptor.lambda$instantiateAndPostProcessTestInstance$0(ClassBasedTestDescriptor.java:334)
	at org.junit.platform.engine.support.hierarchical.ThrowableCollector.execute(ThrowableCollector.java:74)
	at org.junit.jupiter.engine.descriptor.ClassBasedTestDescriptor.instantiateAndPostProcessTestInstance(ClassBasedTestDescriptor.java:333)
	at org.junit.jupiter.engine.descriptor.ClassBasedTestDescriptor.lambda$testInstancesProvider$1(ClassBasedTestDescriptor.java:322)
	at java.base/java.util.Optional.orElseGet(Optional.java:364)
	at org.junit.jupiter.engine.descriptor.ClassBasedTestDescriptor.lambda$testInstancesProvider$0(ClassBasedTestDescriptor.java:321)
	at org.junit.jupiter.engine.execution.TestInstancesProvider.getTestInstances(TestInstancesProvider.java:27)
	at org.junit.jupiter.engine.descriptor.TestMethodTestDescriptor.lambda$prepare$0(TestMethodTestDescriptor.java:127)
	at org.junit.platform.engine.support.hierarchical.ThrowableCollector.execute(ThrowableCollector.java:74)
	at org.junit.jupiter.engine.descriptor.TestMethodTestDescriptor.prepare(TestMethodTestDescriptor.java:126)
	at org.junit.jupiter.engine.descriptor.TestMethodTestDescriptor.prepare(TestMethodTestDescriptor.java:70)
	at org.junit.platform.engine.support.hierarchical.NodeTestTask.lambda$prepare$0(NodeTestTask.java:144)
	at org.junit.platform.engine.support.hierarchical.ThrowableCollector.execute(ThrowableCollector.java:74)
	at org.junit.platform.engine.support.hierarchical.NodeTestTask.prepare(NodeTestTask.java:144)
	at org.junit.platform.engine.support.hierarchical.NodeTestTask.execute(NodeTestTask.java:110)
	at java.base/java.util.ArrayList.forEach(ArrayList.java:1596)
	at org.junit.platform.engine.support.hierarchical.SameThreadHierarchicalTestExecutorService.invokeAll(SameThreadHierarchicalTestExecutorService.java:42)
	at org.junit.platform.engine.support.hierarchical.NodeTestTask.lambda$executeRecursively$2(NodeTestTask.java:180)
	at org.junit.platform.engine.support.hierarchical.ThrowableCollector.execute(ThrowableCollector.java:74)
	at org.junit.platform.engine.support.hierarchical.NodeTestTask.lambda$executeRecursively$1(NodeTestTask.java:166)
	at org.junit.platform.engine.support.hierarchical.Node.around(Node.java:138)
	at org.junit.platform.engine.support.hierarchical.NodeTestTask.lambda$executeRecursively$0(NodeTestTask.java:164)
	at org.junit.platform.engine.support.hierarchical.ThrowableCollector.execute(ThrowableCollector.java:74)
	at org.junit.platform.engine.support.hierarchical.NodeTestTask.executeRecursively(NodeTestTask.java:163)
	at org.junit.platform.engine.support.hierarchical.NodeTestTask.execute(NodeTestTask.java:116)
	at java.base/java.util.ArrayList.forEach(ArrayList.java:1596)
	at org.junit.platform.engine.support.hierarchical.SameThreadHierarchicalTestExecutorService.invokeAll(SameThreadHierarchicalTestExecutorService.java:42)
	at org.junit.platform.engine.support.hierarchical.NodeTestTask.lambda$executeRecursively$2(NodeTestTask.java:180)
	at org.junit.platform.engine.support.hierarchical.ThrowableCollector.execute(ThrowableCollector.java:74)
	at org.junit.platform.engine.support.hierarchical.NodeTestTask.lambda$executeRecursively$1(NodeTestTask.java:166)
	at org.junit.platform.engine.support.hierarchical.Node.around(Node.java:138)
	at org.junit.platform.engine.support.hierarchical.NodeTestTask.lambda$executeRecursively$0(NodeTestTask.java:164)
	at org.junit.platform.engine.support.hierarchical.ThrowableCollector.execute(ThrowableCollector.java:74)
	at org.junit.platform.engine.support.hierarchical.NodeTestTask.executeRecursively(NodeTestTask.java:163)
	at org.junit.platform.engine.support.hierarchical.NodeTestTask.execute(NodeTestTask.java:116)
	at org.junit.platform.engine.support.hierarchical.SameThreadHierarchicalTestExecutorService.submit(SameThreadHierarchicalTestExecutorService.java:36)
	at org.junit.platform.engine.support.hierarchical.HierarchicalTestExecutor.execute(HierarchicalTestExecutor.java:52)
	at org.junit.platform.engine.support.hierarchical.HierarchicalTestEngine.execute(HierarchicalTestEngine.java:58)
	at org.junit.platform.launcher.core.EngineExecutionOrchestrator.executeEngine(EngineExecutionOrchestrator.java:246)
	at org.junit.platform.launcher.core.EngineExecutionOrchestrator.failOrExecuteEngine(EngineExecutionOrchestrator.java:218)
	at org.junit.platform.launcher.core.EngineExecutionOrchestrator.execute(EngineExecutionOrchestrator.java:179)
	at org.junit.platform.launcher.core.EngineExecutionOrchestrator.execute(EngineExecutionOrchestrator.java:108)
	at org.junit.platform.launcher.core.EngineExecutionOrchestrator.lambda$execute$0(EngineExecutionOrchestrator.java:66)
	at org.junit.platform.launcher.core.EngineExecutionOrchestrator.withInterceptedStreams(EngineExecutionOrchestrator.java:157)
	at org.junit.platform.launcher.core.EngineExecutionOrchestrator.execute(EngineExecutionOrchestrator.java:65)
	at org.junit.platform.launcher.core.DefaultLauncher.execute(DefaultLauncher.java:125)
	at org.junit.platform.launcher.core.DefaultLauncher.execute(DefaultLauncher.java:114)
	at org.junit.platform.launcher.core.DelegatingLauncher.execute(DelegatingLauncher.java:58)
	at org.junit.platform.launcher.core.InterceptingLauncher.lambda$execute$2(InterceptingLauncher.java:57)
	at org.junit.platform.launcher.core.ClasspathAlignmentCheckingLauncherInterceptor.intercept(ClasspathAlignmentCheckingLauncherInterceptor.java:25)
	at org.junit.platform.launcher.core.InterceptingLauncher.execute(InterceptingLauncher.java:56)
	at org.junit.platform.launcher.core.DelegatingLauncher.execute(DelegatingLauncher.java:58)
	at org.junit.platform.launcher.core.SessionPerRequestLauncher.execute(SessionPerRequestLauncher.java:81)
	at com.intellij.junit6.JUnit6TestRunnerHelper.execute(JUnit6TestRunnerHelper.java:69)
	at com.intellij.junit5.JUnit5IdeaTestRunner.startRunnerWithArgs(JUnit5IdeaTestRunner.java:70)
	at com.intellij.rt.junit.IdeaTestRunner$Repeater$1.execute(IdeaTestRunner.java:38)
	at com.intellij.rt.execution.junit.TestsRepeater.repeat(TestsRepeater.java:11)
	at com.intellij.rt.junit.IdeaTestRunner$Repeater.startRunnerWithArgs(IdeaTestRunner.java:35)
	at com.intellij.rt.junit.JUnitStarter.prepareStreamsAndStart(JUnitStarter.java:225)
	at com.intellij.rt.junit.JUnitStarter.main(JUnitStarter.java:61)
2026-06-24 21:32:54 WARN  o.springframework.test.context.TestContextManager - Caught exception while allowing TestExecutionListener [org.springframework.test.context.bean.override.BeanOverrideTestExecutionListener] to prepare test instance [com.example.libreriaMarketCatalogService.controllerV2.ProductoControllerV2Test@7d977a20]
java.lang.IllegalStateException: ApplicationContext failure threshold (1) exceeded: skipping repeated attempt to load context for [WebMergedContextConfiguration@44de8e00 testClass = com.example.libreriaMarketCatalogService.controllerV2.ProductoControllerV2Test, locations = [], classes = [com.example.libreriaMarketCatalogService.LibreriaMarketCatalogServiceApplication], contextInitializerClasses = [], activeProfiles = [], propertySourceDescriptors = [], propertySourceProperties = ["org.springframework.boot.webmvc.test.autoconfigure.WebMvcTestContextBootstrapper=true"], contextCustomizers = [[ImportsContextCustomizer@3cbfdf5c key = [org.springframework.boot.hateoas.autoconfigure.HypermediaAutoConfiguration, org.springframework.boot.jackson2.autoconfigure.Jackson2AutoConfiguration, org.springframework.boot.autoconfigure.task.TaskExecutionAutoConfiguration, org.springframework.boot.webmvc.test.autoconfigure.MockMvcWebDriverAutoConfiguration, org.springframework.boot.security.autoconfigure.SecurityAutoConfiguration, org.springframework.boot.autoconfigure.context.MessageSourceAutoConfiguration, org.springframework.boot.security.autoconfigure.web.servlet.SecurityFilterAutoConfiguration, org.springframework.boot.data.autoconfigure.web.DataWebAutoConfiguration, org.springframework.boot.webmvc.autoconfigure.error.ErrorMvcAutoConfiguration, org.springframework.boot.validation.autoconfigure.ValidationAutoConfiguration, org.springframework.boot.webmvc.autoconfigure.WebMvcAutoConfiguration, org.springframework.boot.security.test.autoconfigure.webmvc.SecurityMockMvcAutoConfiguration, org.springframework.boot.http.converter.autoconfigure.HttpMessageConvertersAutoConfiguration, org.springframework.boot.jackson.autoconfigure.JacksonAutoConfiguration, org.springframework.boot.webmvc.test.autoconfigure.MockMvcWebClientAutoConfiguration, org.springframework.boot.servlet.autoconfigure.HttpEncodingAutoConfiguration, org.springframework.boot.security.autoconfigure.UserDetailsServiceAutoConfiguration, org.springframework.boot.webmvc.test.autoconfigure.MockMvcAutoConfiguration]], org.springframework.boot.test.context.PropertyMappingContextCustomizer@2d298995, org.springframework.boot.test.context.filter.ExcludeFilterContextCustomizer@22ee2d0, org.springframework.boot.test.context.filter.annotation.TypeExcludeFiltersContextCustomizer@9d6afc69, org.springframework.boot.test.json.DuplicateJsonObjectContextCustomizerFactory$DuplicateJsonObjectContextCustomizer@31198ceb, org.springframework.boot.test.autoconfigure.OnFailureConditionReportContextCustomizerFactory$OnFailureConditionReportContextCustomizer@7726e185, org.springframework.boot.test.autoconfigure.OverrideAutoConfigurationContextCustomizerFactory$DisableAutoConfigurationContextCustomizer@3d9fc57a, org.springframework.test.context.bean.override.BeanOverrideContextCustomizer@8cd7d1e8, org.springframework.test.context.support.DynamicPropertiesContextCustomizer@0, org.springframework.boot.webmvc.test.autoconfigure.WebDriverContextCustomizer@589b028e, org.springframework.boot.web.server.context.SpringBootTestRandomPortContextCustomizerFactory$Customizer@3b809711, org.springframework.boot.test.context.SpringBootTestAnnotation@dc96e641], resourceBasePath = "src/main/webapp", contextLoader = org.springframework.boot.test.context.SpringBootContextLoader, parent = null]
	at org.springframework.test.context.cache.DefaultCacheAwareContextLoaderDelegate.loadContext(DefaultCacheAwareContextLoaderDelegate.java:157)
	at org.springframework.test.context.support.DefaultTestContext.getApplicationContext(DefaultTestContext.java:128)
	at org.springframework.test.context.bean.override.BeanOverrideTestExecutionListener.injectFields(BeanOverrideTestExecutionListener.java:107)
	at org.springframework.test.context.bean.override.BeanOverrideTestExecutionListener.prepareTestInstance(BeanOverrideTestExecutionListener.java:70)
	at org.springframework.test.context.TestContextManager.prepareTestInstance(TestContextManager.java:260)
	at org.springframework.test.context.junit.jupiter.SpringExtension.postProcessTestInstance(SpringExtension.java:203)
	at org.junit.jupiter.engine.descriptor.ClassBasedTestDescriptor.lambda$invokeTestInstancePostProcessors$1(ClassBasedTestDescriptor.java:423)
	at org.junit.jupiter.engine.descriptor.ClassBasedTestDescriptor.executeAndMaskThrowable(ClassBasedTestDescriptor.java:428)
	at org.junit.jupiter.engine.descriptor.ClassBasedTestDescriptor.lambda$invokeTestInstancePostProcessors$0(ClassBasedTestDescriptor.java:422)
	at java.base/java.util.stream.ForEachOps$ForEachOp$OfRef.accept(ForEachOps.java:184)
	at java.base/java.util.stream.ReferencePipeline$3$1.accept(ReferencePipeline.java:197)
	at java.base/java.util.stream.ReferencePipeline$2$1.accept(ReferencePipeline.java:179)
	at java.base/java.util.stream.ReferencePipeline$3$1.accept(ReferencePipeline.java:197)
	at java.base/java.util.ArrayList$ArrayListSpliterator.forEachRemaining(ArrayList.java:1708)
	at java.base/java.util.stream.AbstractPipeline.copyInto(AbstractPipeline.java:509)
	at java.base/java.util.stream.AbstractPipeline.wrapAndCopyInto(AbstractPipeline.java:499)
	at java.base/java.util.stream.ForEachOps$ForEachOp.evaluateSequential(ForEachOps.java:151)
	at java.base/java.util.stream.ForEachOps$ForEachOp$OfRef.evaluateSequential(ForEachOps.java:174)
	at java.base/java.util.stream.AbstractPipeline.evaluate(AbstractPipeline.java:234)
	at java.base/java.util.stream.ReferencePipeline.forEach(ReferencePipeline.java:596)
	at org.junit.jupiter.engine.descriptor.ClassBasedTestDescriptor.invokeTestInstancePostProcessors(ClassBasedTestDescriptor.java:422)
	at org.junit.jupiter.engine.descriptor.ClassBasedTestDescriptor.lambda$instantiateAndPostProcessTestInstance$0(ClassBasedTestDescriptor.java:334)
	at org.junit.platform.engine.support.hierarchical.ThrowableCollector.execute(ThrowableCollector.java:74)
	at org.junit.jupiter.engine.descriptor.ClassBasedTestDescriptor.instantiateAndPostProcessTestInstance(ClassBasedTestDescriptor.java:333)
	at org.junit.jupiter.engine.descriptor.ClassBasedTestDescriptor.lambda$testInstancesProvider$1(ClassBasedTestDescriptor.java:322)
	at java.base/java.util.Optional.orElseGet(Optional.java:364)
	at org.junit.jupiter.engine.descriptor.ClassBasedTestDescriptor.lambda$testInstancesProvider$0(ClassBasedTestDescriptor.java:321)
	at org.junit.jupiter.engine.execution.TestInstancesProvider.getTestInstances(TestInstancesProvider.java:27)
	at org.junit.jupiter.engine.descriptor.TestMethodTestDescriptor.lambda$prepare$0(TestMethodTestDescriptor.java:127)
	at org.junit.platform.engine.support.hierarchical.ThrowableCollector.execute(ThrowableCollector.java:74)
	at org.junit.jupiter.engine.descriptor.TestMethodTestDescriptor.prepare(TestMethodTestDescriptor.java:126)
	at org.junit.jupiter.engine.descriptor.TestMethodTestDescriptor.prepare(TestMethodTestDescriptor.java:70)
	at org.junit.platform.engine.support.hierarchical.NodeTestTask.lambda$prepare$0(NodeTestTask.java:144)
	at org.junit.platform.engine.support.hierarchical.ThrowableCollector.execute(ThrowableCollector.java:74)
	at org.junit.platform.engine.support.hierarchical.NodeTestTask.prepare(NodeTestTask.java:144)
	at org.junit.platform.engine.support.hierarchical.NodeTestTask.execute(NodeTestTask.java:110)
	at java.base/java.util.ArrayList.forEach(ArrayList.java:1596)
	at org.junit.platform.engine.support.hierarchical.SameThreadHierarchicalTestExecutorService.invokeAll(SameThreadHierarchicalTestExecutorService.java:42)
	at org.junit.platform.engine.support.hierarchical.NodeTestTask.lambda$executeRecursively$2(NodeTestTask.java:180)
	at org.junit.platform.engine.support.hierarchical.ThrowableCollector.execute(ThrowableCollector.java:74)
	at org.junit.platform.engine.support.hierarchical.NodeTestTask.lambda$executeRecursively$1(NodeTestTask.java:166)
	at org.junit.platform.engine.support.hierarchical.Node.around(Node.java:138)
	at org.junit.platform.engine.support.hierarchical.NodeTestTask.lambda$executeRecursively$0(NodeTestTask.java:164)
	at org.junit.platform.engine.support.hierarchical.ThrowableCollector.execute(ThrowableCollector.java:74)
	at org.junit.platform.engine.support.hierarchical.NodeTestTask.executeRecursively(NodeTestTask.java:163)
	at org.junit.platform.engine.support.hierarchical.NodeTestTask.execute(NodeTestTask.java:116)
	at java.base/java.util.ArrayList.forEach(ArrayList.java:1596)
	at org.junit.platform.engine.support.hierarchical.SameThreadHierarchicalTestExecutorService.invokeAll(SameThreadHierarchicalTestExecutorService.java:42)
	at org.junit.platform.engine.support.hierarchical.NodeTestTask.lambda$executeRecursively$2(NodeTestTask.java:180)
	at org.junit.platform.engine.support.hierarchical.ThrowableCollector.execute(ThrowableCollector.java:74)
	at org.junit.platform.engine.support.hierarchical.NodeTestTask.lambda$executeRecursively$1(NodeTestTask.java:166)
	at org.junit.platform.engine.support.hierarchical.Node.around(Node.java:138)
	at org.junit.platform.engine.support.hierarchical.NodeTestTask.lambda$executeRecursively$0(NodeTestTask.java:164)
	at org.junit.platform.engine.support.hierarchical.ThrowableCollector.execute(ThrowableCollector.java:74)
	at org.junit.platform.engine.support.hierarchical.NodeTestTask.executeRecursively(NodeTestTask.java:163)
	at org.junit.platform.engine.support.hierarchical.NodeTestTask.execute(NodeTestTask.java:116)
	at org.junit.platform.engine.support.hierarchical.SameThreadHierarchicalTestExecutorService.submit(SameThreadHierarchicalTestExecutorService.java:36)
	at org.junit.platform.engine.support.hierarchical.HierarchicalTestExecutor.execute(HierarchicalTestExecutor.java:52)
	at org.junit.platform.engine.support.hierarchical.HierarchicalTestEngine.execute(HierarchicalTestEngine.java:58)
	at org.junit.platform.launcher.core.EngineExecutionOrchestrator.executeEngine(EngineExecutionOrchestrator.java:246)
	at org.junit.platform.launcher.core.EngineExecutionOrchestrator.failOrExecuteEngine(EngineExecutionOrchestrator.java:218)
	at org.junit.platform.launcher.core.EngineExecutionOrchestrator.execute(EngineExecutionOrchestrator.java:179)
	at org.junit.platform.launcher.core.EngineExecutionOrchestrator.execute(EngineExecutionOrchestrator.java:108)
	at org.junit.platform.launcher.core.EngineExecutionOrchestrator.lambda$execute$0(EngineExecutionOrchestrator.java:66)
	at org.junit.platform.launcher.core.EngineExecutionOrchestrator.withInterceptedStreams(EngineExecutionOrchestrator.java:157)
	at org.junit.platform.launcher.core.EngineExecutionOrchestrator.execute(EngineExecutionOrchestrator.java:65)
	at org.junit.platform.launcher.core.DefaultLauncher.execute(DefaultLauncher.java:125)
	at org.junit.platform.launcher.core.DefaultLauncher.execute(DefaultLauncher.java:114)
	at org.junit.platform.launcher.core.DelegatingLauncher.execute(DelegatingLauncher.java:58)
	at org.junit.platform.launcher.core.InterceptingLauncher.lambda$execute$2(InterceptingLauncher.java:57)
	at org.junit.platform.launcher.core.ClasspathAlignmentCheckingLauncherInterceptor.intercept(ClasspathAlignmentCheckingLauncherInterceptor.java:25)
	at org.junit.platform.launcher.core.InterceptingLauncher.execute(InterceptingLauncher.java:56)
	at org.junit.platform.launcher.core.DelegatingLauncher.execute(DelegatingLauncher.java:58)
	at org.junit.platform.launcher.core.SessionPerRequestLauncher.execute(SessionPerRequestLauncher.java:81)
	at com.intellij.junit6.JUnit6TestRunnerHelper.execute(JUnit6TestRunnerHelper.java:69)
	at com.intellij.junit5.JUnit5IdeaTestRunner.startRunnerWithArgs(JUnit5IdeaTestRunner.java:70)
	at com.intellij.rt.junit.IdeaTestRunner$Repeater$1.execute(IdeaTestRunner.java:38)
	at com.intellij.rt.execution.junit.TestsRepeater.repeat(TestsRepeater.java:11)
	at com.intellij.rt.junit.IdeaTestRunner$Repeater.startRunnerWithArgs(IdeaTestRunner.java:35)
	at com.intellij.rt.junit.JUnitStarter.prepareStreamsAndStart(JUnitStarter.java:225)
	at com.intellij.rt.junit.JUnitStarter.main(JUnitStarter.java:61)
2026-06-24 21:32:54 WARN  o.springframework.test.context.TestContextManager - Caught exception while allowing TestExecutionListener [org.springframework.test.context.bean.override.BeanOverrideTestExecutionListener] to prepare test instance [com.example.libreriaMarketCatalogService.controllerV2.ProductoControllerV2Test@7d126083]
java.lang.IllegalStateException: ApplicationContext failure threshold (1) exceeded: skipping repeated attempt to load context for [WebMergedContextConfiguration@44de8e00 testClass = com.example.libreriaMarketCatalogService.controllerV2.ProductoControllerV2Test, locations = [], classes = [com.example.libreriaMarketCatalogService.LibreriaMarketCatalogServiceApplication], contextInitializerClasses = [], activeProfiles = [], propertySourceDescriptors = [], propertySourceProperties = ["org.springframework.boot.webmvc.test.autoconfigure.WebMvcTestContextBootstrapper=true"], contextCustomizers = [[ImportsContextCustomizer@3cbfdf5c key = [org.springframework.boot.hateoas.autoconfigure.HypermediaAutoConfiguration, org.springframework.boot.jackson2.autoconfigure.Jackson2AutoConfiguration, org.springframework.boot.autoconfigure.task.TaskExecutionAutoConfiguration, org.springframework.boot.webmvc.test.autoconfigure.MockMvcWebDriverAutoConfiguration, org.springframework.boot.security.autoconfigure.SecurityAutoConfiguration, org.springframework.boot.autoconfigure.context.MessageSourceAutoConfiguration, org.springframework.boot.security.autoconfigure.web.servlet.SecurityFilterAutoConfiguration, org.springframework.boot.data.autoconfigure.web.DataWebAutoConfiguration, org.springframework.boot.webmvc.autoconfigure.error.ErrorMvcAutoConfiguration, org.springframework.boot.validation.autoconfigure.ValidationAutoConfiguration, org.springframework.boot.webmvc.autoconfigure.WebMvcAutoConfiguration, org.springframework.boot.security.test.autoconfigure.webmvc.SecurityMockMvcAutoConfiguration, org.springframework.boot.http.converter.autoconfigure.HttpMessageConvertersAutoConfiguration, org.springframework.boot.jackson.autoconfigure.JacksonAutoConfiguration, org.springframework.boot.webmvc.test.autoconfigure.MockMvcWebClientAutoConfiguration, org.springframework.boot.servlet.autoconfigure.HttpEncodingAutoConfiguration, org.springframework.boot.security.autoconfigure.UserDetailsServiceAutoConfiguration, org.springframework.boot.webmvc.test.autoconfigure.MockMvcAutoConfiguration]], org.springframework.boot.test.context.PropertyMappingContextCustomizer@2d298995, org.springframework.boot.test.context.filter.ExcludeFilterContextCustomizer@22ee2d0, org.springframework.boot.test.context.filter.annotation.TypeExcludeFiltersContextCustomizer@9d6afc69, org.springframework.boot.test.json.DuplicateJsonObjectContextCustomizerFactory$DuplicateJsonObjectContextCustomizer@31198ceb, org.springframework.boot.test.autoconfigure.OnFailureConditionReportContextCustomizerFactory$OnFailureConditionReportContextCustomizer@7726e185, org.springframework.boot.test.autoconfigure.OverrideAutoConfigurationContextCustomizerFactory$DisableAutoConfigurationContextCustomizer@3d9fc57a, org.springframework.test.context.bean.override.BeanOverrideContextCustomizer@8cd7d1e8, org.springframework.test.context.support.DynamicPropertiesContextCustomizer@0, org.springframework.boot.webmvc.test.autoconfigure.WebDriverContextCustomizer@589b028e, org.springframework.boot.web.server.context.SpringBootTestRandomPortContextCustomizerFactory$Customizer@3b809711, org.springframework.boot.test.context.SpringBootTestAnnotation@dc96e641], resourceBasePath = "src/main/webapp", contextLoader = org.springframework.boot.test.context.SpringBootContextLoader, parent = null]
	at org.springframework.test.context.cache.DefaultCacheAwareContextLoaderDelegate.loadContext(DefaultCacheAwareContextLoaderDelegate.java:157)
	at org.springframework.test.context.support.DefaultTestContext.getApplicationContext(DefaultTestContext.java:128)
	at org.springframework.test.context.bean.override.BeanOverrideTestExecutionListener.injectFields(BeanOverrideTestExecutionListener.java:107)
	at org.springframework.test.context.bean.override.BeanOverrideTestExecutionListener.prepareTestInstance(BeanOverrideTestExecutionListener.java:70)
	at org.springframework.test.context.TestContextManager.prepareTestInstance(TestContextManager.java:260)
	at org.springframework.test.context.junit.jupiter.SpringExtension.postProcessTestInstance(SpringExtension.java:203)
	at org.junit.jupiter.engine.descriptor.ClassBasedTestDescriptor.lambda$invokeTestInstancePostProcessors$1(ClassBasedTestDescriptor.java:423)
	at org.junit.jupiter.engine.descriptor.ClassBasedTestDescriptor.executeAndMaskThrowable(ClassBasedTestDescriptor.java:428)
	at org.junit.jupiter.engine.descriptor.ClassBasedTestDescriptor.lambda$invokeTestInstancePostProcessors$0(ClassBasedTestDescriptor.java:422)
	at java.base/java.util.stream.ForEachOps$ForEachOp$OfRef.accept(ForEachOps.java:184)
	at java.base/java.util.stream.ReferencePipeline$3$1.accept(ReferencePipeline.java:197)
	at java.base/java.util.stream.ReferencePipeline$2$1.accept(ReferencePipeline.java:179)
	at java.base/java.util.stream.ReferencePipeline$3$1.accept(ReferencePipeline.java:197)
	at java.base/java.util.ArrayList$ArrayListSpliterator.forEachRemaining(ArrayList.java:1708)
	at java.base/java.util.stream.AbstractPipeline.copyInto(AbstractPipeline.java:509)
	at java.base/java.util.stream.AbstractPipeline.wrapAndCopyInto(AbstractPipeline.java:499)
	at java.base/java.util.stream.ForEachOps$ForEachOp.evaluateSequential(ForEachOps.java:151)
	at java.base/java.util.stream.ForEachOps$ForEachOp$OfRef.evaluateSequential(ForEachOps.java:174)
	at java.base/java.util.stream.AbstractPipeline.evaluate(AbstractPipeline.java:234)
	at java.base/java.util.stream.ReferencePipeline.forEach(ReferencePipeline.java:596)
	at org.junit.jupiter.engine.descriptor.ClassBasedTestDescriptor.invokeTestInstancePostProcessors(ClassBasedTestDescriptor.java:422)
	at org.junit.jupiter.engine.descriptor.ClassBasedTestDescriptor.lambda$instantiateAndPostProcessTestInstance$0(ClassBasedTestDescriptor.java:334)
	at org.junit.platform.engine.support.hierarchical.ThrowableCollector.execute(ThrowableCollector.java:74)
	at org.junit.jupiter.engine.descriptor.ClassBasedTestDescriptor.instantiateAndPostProcessTestInstance(ClassBasedTestDescriptor.java:333)
	at org.junit.jupiter.engine.descriptor.ClassBasedTestDescriptor.lambda$testInstancesProvider$1(ClassBasedTestDescriptor.java:322)
	at java.base/java.util.Optional.orElseGet(Optional.java:364)
	at org.junit.jupiter.engine.descriptor.ClassBasedTestDescriptor.lambda$testInstancesProvider$0(ClassBasedTestDescriptor.java:321)
	at org.junit.jupiter.engine.execution.TestInstancesProvider.getTestInstances(TestInstancesProvider.java:27)
	at org.junit.jupiter.engine.descriptor.TestMethodTestDescriptor.lambda$prepare$0(TestMethodTestDescriptor.java:127)
	at org.junit.platform.engine.support.hierarchical.ThrowableCollector.execute(ThrowableCollector.java:74)
	at org.junit.jupiter.engine.descriptor.TestMethodTestDescriptor.prepare(TestMethodTestDescriptor.java:126)
	at org.junit.jupiter.engine.descriptor.TestMethodTestDescriptor.prepare(TestMethodTestDescriptor.java:70)
	at org.junit.platform.engine.support.hierarchical.NodeTestTask.lambda$prepare$0(NodeTestTask.java:144)
	at org.junit.platform.engine.support.hierarchical.ThrowableCollector.execute(ThrowableCollector.java:74)
	at org.junit.platform.engine.support.hierarchical.NodeTestTask.prepare(NodeTestTask.java:144)
	at org.junit.platform.engine.support.hierarchical.NodeTestTask.execute(NodeTestTask.java:110)
	at java.base/java.util.ArrayList.forEach(ArrayList.java:1596)
	at org.junit.platform.engine.support.hierarchical.SameThreadHierarchicalTestExecutorService.invokeAll(SameThreadHierarchicalTestExecutorService.java:42)
	at org.junit.platform.engine.support.hierarchical.NodeTestTask.lambda$executeRecursively$2(NodeTestTask.java:180)
	at org.junit.platform.engine.support.hierarchical.ThrowableCollector.execute(ThrowableCollector.java:74)
	at org.junit.platform.engine.support.hierarchical.NodeTestTask.lambda$executeRecursively$1(NodeTestTask.java:166)
	at org.junit.platform.engine.support.hierarchical.Node.around(Node.java:138)
	at org.junit.platform.engine.support.hierarchical.NodeTestTask.lambda$executeRecursively$0(NodeTestTask.java:164)
	at org.junit.platform.engine.support.hierarchical.ThrowableCollector.execute(ThrowableCollector.java:74)
	at org.junit.platform.engine.support.hierarchical.NodeTestTask.executeRecursively(NodeTestTask.java:163)
	at org.junit.platform.engine.support.hierarchical.NodeTestTask.execute(NodeTestTask.java:116)
	at java.base/java.util.ArrayList.forEach(ArrayList.java:1596)
	at org.junit.platform.engine.support.hierarchical.SameThreadHierarchicalTestExecutorService.invokeAll(SameThreadHierarchicalTestExecutorService.java:42)
	at org.junit.platform.engine.support.hierarchical.NodeTestTask.lambda$executeRecursively$2(NodeTestTask.java:180)
	at org.junit.platform.engine.support.hierarchical.ThrowableCollector.execute(ThrowableCollector.java:74)
	at org.junit.platform.engine.support.hierarchical.NodeTestTask.lambda$executeRecursively$1(NodeTestTask.java:166)
	at org.junit.platform.engine.support.hierarchical.Node.around(Node.java:138)
	at org.junit.platform.engine.support.hierarchical.NodeTestTask.lambda$executeRecursively$0(NodeTestTask.java:164)
	at org.junit.platform.engine.support.hierarchical.ThrowableCollector.execute(ThrowableCollector.java:74)
	at org.junit.platform.engine.support.hierarchical.NodeTestTask.executeRecursively(NodeTestTask.java:163)
	at org.junit.platform.engine.support.hierarchical.NodeTestTask.execute(NodeTestTask.java:116)
	at org.junit.platform.engine.support.hierarchical.SameThreadHierarchicalTestExecutorService.submit(SameThreadHierarchicalTestExecutorService.java:36)
	at org.junit.platform.engine.support.hierarchical.HierarchicalTestExecutor.execute(HierarchicalTestExecutor.java:52)
	at org.junit.platform.engine.support.hierarchical.HierarchicalTestEngine.execute(HierarchicalTestEngine.java:58)
	at org.junit.platform.launcher.core.EngineExecutionOrchestrator.executeEngine(EngineExecutionOrchestrator.java:246)
	at org.junit.platform.launcher.core.EngineExecutionOrchestrator.failOrExecuteEngine(EngineExecutionOrchestrator.java:218)
	at org.junit.platform.launcher.core.EngineExecutionOrchestrator.execute(EngineExecutionOrchestrator.java:179)
	at org.junit.platform.launcher.core.EngineExecutionOrchestrator.execute(EngineExecutionOrchestrator.java:108)
	at org.junit.platform.launcher.core.EngineExecutionOrchestrator.lambda$execute$0(EngineExecutionOrchestrator.java:66)
	at org.junit.platform.launcher.core.EngineExecutionOrchestrator.withInterceptedStreams(EngineExecutionOrchestrator.java:157)
	at org.junit.platform.launcher.core.EngineExecutionOrchestrator.execute(EngineExecutionOrchestrator.java:65)
	at org.junit.platform.launcher.core.DefaultLauncher.execute(DefaultLauncher.java:125)
	at org.junit.platform.launcher.core.DefaultLauncher.execute(DefaultLauncher.java:114)
	at org.junit.platform.launcher.core.DelegatingLauncher.execute(DelegatingLauncher.java:58)
	at org.junit.platform.launcher.core.InterceptingLauncher.lambda$execute$2(InterceptingLauncher.java:57)
	at org.junit.platform.launcher.core.ClasspathAlignmentCheckingLauncherInterceptor.intercept(ClasspathAlignmentCheckingLauncherInterceptor.java:25)
	at org.junit.platform.launcher.core.InterceptingLauncher.execute(InterceptingLauncher.java:56)
	at org.junit.platform.launcher.core.DelegatingLauncher.execute(DelegatingLauncher.java:58)
	at org.junit.platform.launcher.core.SessionPerRequestLauncher.execute(SessionPerRequestLauncher.java:81)
	at com.intellij.junit6.JUnit6TestRunnerHelper.execute(JUnit6TestRunnerHelper.java:69)
	at com.intellij.junit5.JUnit5IdeaTestRunner.startRunnerWithArgs(JUnit5IdeaTestRunner.java:70)
	at com.intellij.rt.junit.IdeaTestRunner$Repeater$1.execute(IdeaTestRunner.java:38)
	at com.intellij.rt.execution.junit.TestsRepeater.repeat(TestsRepeater.java:11)
	at com.intellij.rt.junit.IdeaTestRunner$Repeater.startRunnerWithArgs(IdeaTestRunner.java:35)
	at com.intellij.rt.junit.JUnitStarter.prepareStreamsAndStart(JUnitStarter.java:225)
	at com.intellij.rt.junit.JUnitStarter.main(JUnitStarter.java:61)
2026-06-24 21:32:54 WARN  o.springframework.test.context.TestContextManager - Caught exception while allowing TestExecutionListener [org.springframework.test.context.bean.override.BeanOverrideTestExecutionListener] to prepare test instance [com.example.libreriaMarketCatalogService.controllerV2.ProductoControllerV2Test@71a2df1]
java.lang.IllegalStateException: ApplicationContext failure threshold (1) exceeded: skipping repeated attempt to load context for [WebMergedContextConfiguration@44de8e00 testClass = com.example.libreriaMarketCatalogService.controllerV2.ProductoControllerV2Test, locations = [], classes = [com.example.libreriaMarketCatalogService.LibreriaMarketCatalogServiceApplication], contextInitializerClasses = [], activeProfiles = [], propertySourceDescriptors = [], propertySourceProperties = ["org.springframework.boot.webmvc.test.autoconfigure.WebMvcTestContextBootstrapper=true"], contextCustomizers = [[ImportsContextCustomizer@3cbfdf5c key = [org.springframework.boot.hateoas.autoconfigure.HypermediaAutoConfiguration, org.springframework.boot.jackson2.autoconfigure.Jackson2AutoConfiguration, org.springframework.boot.autoconfigure.task.TaskExecutionAutoConfiguration, org.springframework.boot.webmvc.test.autoconfigure.MockMvcWebDriverAutoConfiguration, org.springframework.boot.security.autoconfigure.SecurityAutoConfiguration, org.springframework.boot.autoconfigure.context.MessageSourceAutoConfiguration, org.springframework.boot.security.autoconfigure.web.servlet.SecurityFilterAutoConfiguration, org.springframework.boot.data.autoconfigure.web.DataWebAutoConfiguration, org.springframework.boot.webmvc.autoconfigure.error.ErrorMvcAutoConfiguration, org.springframework.boot.validation.autoconfigure.ValidationAutoConfiguration, org.springframework.boot.webmvc.autoconfigure.WebMvcAutoConfiguration, org.springframework.boot.security.test.autoconfigure.webmvc.SecurityMockMvcAutoConfiguration, org.springframework.boot.http.converter.autoconfigure.HttpMessageConvertersAutoConfiguration, org.springframework.boot.jackson.autoconfigure.JacksonAutoConfiguration, org.springframework.boot.webmvc.test.autoconfigure.MockMvcWebClientAutoConfiguration, org.springframework.boot.servlet.autoconfigure.HttpEncodingAutoConfiguration, org.springframework.boot.security.autoconfigure.UserDetailsServiceAutoConfiguration, org.springframework.boot.webmvc.test.autoconfigure.MockMvcAutoConfiguration]], org.springframework.boot.test.context.PropertyMappingContextCustomizer@2d298995, org.springframework.boot.test.context.filter.ExcludeFilterContextCustomizer@22ee2d0, org.springframework.boot.test.context.filter.annotation.TypeExcludeFiltersContextCustomizer@9d6afc69, org.springframework.boot.test.json.DuplicateJsonObjectContextCustomizerFactory$DuplicateJsonObjectContextCustomizer@31198ceb, org.springframework.boot.test.autoconfigure.OnFailureConditionReportContextCustomizerFactory$OnFailureConditionReportContextCustomizer@7726e185, org.springframework.boot.test.autoconfigure.OverrideAutoConfigurationContextCustomizerFactory$DisableAutoConfigurationContextCustomizer@3d9fc57a, org.springframework.test.context.bean.override.BeanOverrideContextCustomizer@8cd7d1e8, org.springframework.test.context.support.DynamicPropertiesContextCustomizer@0, org.springframework.boot.webmvc.test.autoconfigure.WebDriverContextCustomizer@589b028e, org.springframework.boot.web.server.context.SpringBootTestRandomPortContextCustomizerFactory$Customizer@3b809711, org.springframework.boot.test.context.SpringBootTestAnnotation@dc96e641], resourceBasePath = "src/main/webapp", contextLoader = org.springframework.boot.test.context.SpringBootContextLoader, parent = null]
	at org.springframework.test.context.cache.DefaultCacheAwareContextLoaderDelegate.loadContext(DefaultCacheAwareContextLoaderDelegate.java:157)
	at org.springframework.test.context.support.DefaultTestContext.getApplicationContext(DefaultTestContext.java:128)
	at org.springframework.test.context.bean.override.BeanOverrideTestExecutionListener.injectFields(BeanOverrideTestExecutionListener.java:107)
	at org.springframework.test.context.bean.override.BeanOverrideTestExecutionListener.prepareTestInstance(BeanOverrideTestExecutionListener.java:70)
	at org.springframework.test.context.TestContextManager.prepareTestInstance(TestContextManager.java:260)
	at org.springframework.test.context.junit.jupiter.SpringExtension.postProcessTestInstance(SpringExtension.java:203)
	at org.junit.jupiter.engine.descriptor.ClassBasedTestDescriptor.lambda$invokeTestInstancePostProcessors$1(ClassBasedTestDescriptor.java:423)
	at org.junit.jupiter.engine.descriptor.ClassBasedTestDescriptor.executeAndMaskThrowable(ClassBasedTestDescriptor.java:428)
	at org.junit.jupiter.engine.descriptor.ClassBasedTestDescriptor.lambda$invokeTestInstancePostProcessors$0(ClassBasedTestDescriptor.java:422)
	at java.base/java.util.stream.ForEachOps$ForEachOp$OfRef.accept(ForEachOps.java:184)
	at java.base/java.util.stream.ReferencePipeline$3$1.accept(ReferencePipeline.java:197)
	at java.base/java.util.stream.ReferencePipeline$2$1.accept(ReferencePipeline.java:179)
	at java.base/java.util.stream.ReferencePipeline$3$1.accept(ReferencePipeline.java:197)
	at java.base/java.util.ArrayList$ArrayListSpliterator.forEachRemaining(ArrayList.java:1708)
	at java.base/java.util.stream.AbstractPipeline.copyInto(AbstractPipeline.java:509)
	at java.base/java.util.stream.AbstractPipeline.wrapAndCopyInto(AbstractPipeline.java:499)
	at java.base/java.util.stream.ForEachOps$ForEachOp.evaluateSequential(ForEachOps.java:151)
	at java.base/java.util.stream.ForEachOps$ForEachOp$OfRef.evaluateSequential(ForEachOps.java:174)
	at java.base/java.util.stream.AbstractPipeline.evaluate(AbstractPipeline.java:234)
	at java.base/java.util.stream.ReferencePipeline.forEach(ReferencePipeline.java:596)
	at org.junit.jupiter.engine.descriptor.ClassBasedTestDescriptor.invokeTestInstancePostProcessors(ClassBasedTestDescriptor.java:422)
	at org.junit.jupiter.engine.descriptor.ClassBasedTestDescriptor.lambda$instantiateAndPostProcessTestInstance$0(ClassBasedTestDescriptor.java:334)
	at org.junit.platform.engine.support.hierarchical.ThrowableCollector.execute(ThrowableCollector.java:74)
	at org.junit.jupiter.engine.descriptor.ClassBasedTestDescriptor.instantiateAndPostProcessTestInstance(ClassBasedTestDescriptor.java:333)
	at org.junit.jupiter.engine.descriptor.ClassBasedTestDescriptor.lambda$testInstancesProvider$1(ClassBasedTestDescriptor.java:322)
	at java.base/java.util.Optional.orElseGet(Optional.java:364)
	at org.junit.jupiter.engine.descriptor.ClassBasedTestDescriptor.lambda$testInstancesProvider$0(ClassBasedTestDescriptor.java:321)
	at org.junit.jupiter.engine.execution.TestInstancesProvider.getTestInstances(TestInstancesProvider.java:27)
	at org.junit.jupiter.engine.descriptor.TestMethodTestDescriptor.lambda$prepare$0(TestMethodTestDescriptor.java:127)
	at org.junit.platform.engine.support.hierarchical.ThrowableCollector.execute(ThrowableCollector.java:74)
	at org.junit.jupiter.engine.descriptor.TestMethodTestDescriptor.prepare(TestMethodTestDescriptor.java:126)
	at org.junit.jupiter.engine.descriptor.TestMethodTestDescriptor.prepare(TestMethodTestDescriptor.java:70)
	at org.junit.platform.engine.support.hierarchical.NodeTestTask.lambda$prepare$0(NodeTestTask.java:144)
	at org.junit.platform.engine.support.hierarchical.ThrowableCollector.execute(ThrowableCollector.java:74)
	at org.junit.platform.engine.support.hierarchical.NodeTestTask.prepare(NodeTestTask.java:144)
	at org.junit.platform.engine.support.hierarchical.NodeTestTask.execute(NodeTestTask.java:110)
	at java.base/java.util.ArrayList.forEach(ArrayList.java:1596)
	at org.junit.platform.engine.support.hierarchical.SameThreadHierarchicalTestExecutorService.invokeAll(SameThreadHierarchicalTestExecutorService.java:42)
	at org.junit.platform.engine.support.hierarchical.NodeTestTask.lambda$executeRecursively$2(NodeTestTask.java:180)
	at org.junit.platform.engine.support.hierarchical.ThrowableCollector.execute(ThrowableCollector.java:74)
	at org.junit.platform.engine.support.hierarchical.NodeTestTask.lambda$executeRecursively$1(NodeTestTask.java:166)
	at org.junit.platform.engine.support.hierarchical.Node.around(Node.java:138)
	at org.junit.platform.engine.support.hierarchical.NodeTestTask.lambda$executeRecursively$0(NodeTestTask.java:164)
	at org.junit.platform.engine.support.hierarchical.ThrowableCollector.execute(ThrowableCollector.java:74)
	at org.junit.platform.engine.support.hierarchical.NodeTestTask.executeRecursively(NodeTestTask.java:163)
	at org.junit.platform.engine.support.hierarchical.NodeTestTask.execute(NodeTestTask.java:116)
	at java.base/java.util.ArrayList.forEach(ArrayList.java:1596)
	at org.junit.platform.engine.support.hierarchical.SameThreadHierarchicalTestExecutorService.invokeAll(SameThreadHierarchicalTestExecutorService.java:42)
	at org.junit.platform.engine.support.hierarchical.NodeTestTask.lambda$executeRecursively$2(NodeTestTask.java:180)
	at org.junit.platform.engine.support.hierarchical.ThrowableCollector.execute(ThrowableCollector.java:74)
	at org.junit.platform.engine.support.hierarchical.NodeTestTask.lambda$executeRecursively$1(NodeTestTask.java:166)
	at org.junit.platform.engine.support.hierarchical.Node.around(Node.java:138)
	at org.junit.platform.engine.support.hierarchical.NodeTestTask.lambda$executeRecursively$0(NodeTestTask.java:164)
	at org.junit.platform.engine.support.hierarchical.ThrowableCollector.execute(ThrowableCollector.java:74)
	at org.junit.platform.engine.support.hierarchical.NodeTestTask.executeRecursively(NodeTestTask.java:163)
	at org.junit.platform.engine.support.hierarchical.NodeTestTask.execute(NodeTestTask.java:116)
	at org.junit.platform.engine.support.hierarchical.SameThreadHierarchicalTestExecutorService.submit(SameThreadHierarchicalTestExecutorService.java:36)
	at org.junit.platform.engine.support.hierarchical.HierarchicalTestExecutor.execute(HierarchicalTestExecutor.java:52)
	at org.junit.platform.engine.support.hierarchical.HierarchicalTestEngine.execute(HierarchicalTestEngine.java:58)
	at org.junit.platform.launcher.core.EngineExecutionOrchestrator.executeEngine(EngineExecutionOrchestrator.java:246)
	at org.junit.platform.launcher.core.EngineExecutionOrchestrator.failOrExecuteEngine(EngineExecutionOrchestrator.java:218)
	at org.junit.platform.launcher.core.EngineExecutionOrchestrator.execute(EngineExecutionOrchestrator.java:179)
	at org.junit.platform.launcher.core.EngineExecutionOrchestrator.execute(EngineExecutionOrchestrator.java:108)
	at org.junit.platform.launcher.core.EngineExecutionOrchestrator.lambda$execute$0(EngineExecutionOrchestrator.java:66)
	at org.junit.platform.launcher.core.EngineExecutionOrchestrator.withInterceptedStreams(EngineExecutionOrchestrator.java:157)
	at org.junit.platform.launcher.core.EngineExecutionOrchestrator.execute(EngineExecutionOrchestrator.java:65)
	at org.junit.platform.launcher.core.DefaultLauncher.execute(DefaultLauncher.java:125)
	at org.junit.platform.launcher.core.DefaultLauncher.execute(DefaultLauncher.java:114)
	at org.junit.platform.launcher.core.DelegatingLauncher.execute(DelegatingLauncher.java:58)
	at org.junit.platform.launcher.core.InterceptingLauncher.lambda$execute$2(InterceptingLauncher.java:57)
	at org.junit.platform.launcher.core.ClasspathAlignmentCheckingLauncherInterceptor.intercept(ClasspathAlignmentCheckingLauncherInterceptor.java:25)
	at org.junit.platform.launcher.core.InterceptingLauncher.execute(InterceptingLauncher.java:56)
	at org.junit.platform.launcher.core.DelegatingLauncher.execute(DelegatingLauncher.java:58)
	at org.junit.platform.launcher.core.SessionPerRequestLauncher.execute(SessionPerRequestLauncher.java:81)
	at com.intellij.junit6.JUnit6TestRunnerHelper.execute(JUnit6TestRunnerHelper.java:69)
	at com.intellij.junit5.JUnit5IdeaTestRunner.startRunnerWithArgs(JUnit5IdeaTestRunner.java:70)
	at com.intellij.rt.junit.IdeaTestRunner$Repeater$1.execute(IdeaTestRunner.java:38)
	at com.intellij.rt.execution.junit.TestsRepeater.repeat(TestsRepeater.java:11)
	at com.intellij.rt.junit.IdeaTestRunner$Repeater.startRunnerWithArgs(IdeaTestRunner.java:35)
	at com.intellij.rt.junit.JUnitStarter.prepareStreamsAndStart(JUnitStarter.java:225)
	at com.intellij.rt.junit.JUnitStarter.main(JUnitStarter.java:61)
2026-06-24 21:32:54 WARN  o.springframework.test.context.TestContextManager - Caught exception while allowing TestExecutionListener [org.springframework.test.context.bean.override.BeanOverrideTestExecutionListener] to prepare test instance [com.example.libreriaMarketCatalogService.controllerV2.ProductoControllerV2Test@340c57e0]
java.lang.IllegalStateException: ApplicationContext failure threshold (1) exceeded: skipping repeated attempt to load context for [WebMergedContextConfiguration@44de8e00 testClass = com.example.libreriaMarketCatalogService.controllerV2.ProductoControllerV2Test, locations = [], classes = [com.example.libreriaMarketCatalogService.LibreriaMarketCatalogServiceApplication], contextInitializerClasses = [], activeProfiles = [], propertySourceDescriptors = [], propertySourceProperties = ["org.springframework.boot.webmvc.test.autoconfigure.WebMvcTestContextBootstrapper=true"], contextCustomizers = [[ImportsContextCustomizer@3cbfdf5c key = [org.springframework.boot.hateoas.autoconfigure.HypermediaAutoConfiguration, org.springframework.boot.jackson2.autoconfigure.Jackson2AutoConfiguration, org.springframework.boot.autoconfigure.task.TaskExecutionAutoConfiguration, org.springframework.boot.webmvc.test.autoconfigure.MockMvcWebDriverAutoConfiguration, org.springframework.boot.security.autoconfigure.SecurityAutoConfiguration, org.springframework.boot.autoconfigure.context.MessageSourceAutoConfiguration, org.springframework.boot.security.autoconfigure.web.servlet.SecurityFilterAutoConfiguration, org.springframework.boot.data.autoconfigure.web.DataWebAutoConfiguration, org.springframework.boot.webmvc.autoconfigure.error.ErrorMvcAutoConfiguration, org.springframework.boot.validation.autoconfigure.ValidationAutoConfiguration, org.springframework.boot.webmvc.autoconfigure.WebMvcAutoConfiguration, org.springframework.boot.security.test.autoconfigure.webmvc.SecurityMockMvcAutoConfiguration, org.springframework.boot.http.converter.autoconfigure.HttpMessageConvertersAutoConfiguration, org.springframework.boot.jackson.autoconfigure.JacksonAutoConfiguration, org.springframework.boot.webmvc.test.autoconfigure.MockMvcWebClientAutoConfiguration, org.springframework.boot.servlet.autoconfigure.HttpEncodingAutoConfiguration, org.springframework.boot.security.autoconfigure.UserDetailsServiceAutoConfiguration, org.springframework.boot.webmvc.test.autoconfigure.MockMvcAutoConfiguration]], org.springframework.boot.test.context.PropertyMappingContextCustomizer@2d298995, org.springframework.boot.test.context.filter.ExcludeFilterContextCustomizer@22ee2d0, org.springframework.boot.test.context.filter.annotation.TypeExcludeFiltersContextCustomizer@9d6afc69, org.springframework.boot.test.json.DuplicateJsonObjectContextCustomizerFactory$DuplicateJsonObjectContextCustomizer@31198ceb, org.springframework.boot.test.autoconfigure.OnFailureConditionReportContextCustomizerFactory$OnFailureConditionReportContextCustomizer@7726e185, org.springframework.boot.test.autoconfigure.OverrideAutoConfigurationContextCustomizerFactory$DisableAutoConfigurationContextCustomizer@3d9fc57a, org.springframework.test.context.bean.override.BeanOverrideContextCustomizer@8cd7d1e8, org.springframework.test.context.support.DynamicPropertiesContextCustomizer@0, org.springframework.boot.webmvc.test.autoconfigure.WebDriverContextCustomizer@589b028e, org.springframework.boot.web.server.context.SpringBootTestRandomPortContextCustomizerFactory$Customizer@3b809711, org.springframework.boot.test.context.SpringBootTestAnnotation@dc96e641], resourceBasePath = "src/main/webapp", contextLoader = org.springframework.boot.test.context.SpringBootContextLoader, parent = null]
	at org.springframework.test.context.cache.DefaultCacheAwareContextLoaderDelegate.loadContext(DefaultCacheAwareContextLoaderDelegate.java:157)
	at org.springframework.test.context.support.DefaultTestContext.getApplicationContext(DefaultTestContext.java:128)
	at org.springframework.test.context.bean.override.BeanOverrideTestExecutionListener.injectFields(BeanOverrideTestExecutionListener.java:107)
	at org.springframework.test.context.bean.override.BeanOverrideTestExecutionListener.prepareTestInstance(BeanOverrideTestExecutionListener.java:70)
	at org.springframework.test.context.TestContextManager.prepareTestInstance(TestContextManager.java:260)
	at org.springframework.test.context.junit.jupiter.SpringExtension.postProcessTestInstance(SpringExtension.java:203)
	at org.junit.jupiter.engine.descriptor.ClassBasedTestDescriptor.lambda$invokeTestInstancePostProcessors$1(ClassBasedTestDescriptor.java:423)
	at org.junit.jupiter.engine.descriptor.ClassBasedTestDescriptor.executeAndMaskThrowable(ClassBasedTestDescriptor.java:428)
	at org.junit.jupiter.engine.descriptor.ClassBasedTestDescriptor.lambda$invokeTestInstancePostProcessors$0(ClassBasedTestDescriptor.java:422)
	at java.base/java.util.stream.ForEachOps$ForEachOp$OfRef.accept(ForEachOps.java:184)
	at java.base/java.util.stream.ReferencePipeline$3$1.accept(ReferencePipeline.java:197)
	at java.base/java.util.stream.ReferencePipeline$2$1.accept(ReferencePipeline.java:179)
	at java.base/java.util.stream.ReferencePipeline$3$1.accept(ReferencePipeline.java:197)
	at java.base/java.util.ArrayList$ArrayListSpliterator.forEachRemaining(ArrayList.java:1708)
	at java.base/java.util.stream.AbstractPipeline.copyInto(AbstractPipeline.java:509)
	at java.base/java.util.stream.AbstractPipeline.wrapAndCopyInto(AbstractPipeline.java:499)
	at java.base/java.util.stream.ForEachOps$ForEachOp.evaluateSequential(ForEachOps.java:151)
	at java.base/java.util.stream.ForEachOps$ForEachOp$OfRef.evaluateSequential(ForEachOps.java:174)
	at java.base/java.util.stream.AbstractPipeline.evaluate(AbstractPipeline.java:234)
	at java.base/java.util.stream.ReferencePipeline.forEach(ReferencePipeline.java:596)
	at org.junit.jupiter.engine.descriptor.ClassBasedTestDescriptor.invokeTestInstancePostProcessors(ClassBasedTestDescriptor.java:422)
	at org.junit.jupiter.engine.descriptor.ClassBasedTestDescriptor.lambda$instantiateAndPostProcessTestInstance$0(ClassBasedTestDescriptor.java:334)
	at org.junit.platform.engine.support.hierarchical.ThrowableCollector.execute(ThrowableCollector.java:74)
	at org.junit.jupiter.engine.descriptor.ClassBasedTestDescriptor.instantiateAndPostProcessTestInstance(ClassBasedTestDescriptor.java:333)
	at org.junit.jupiter.engine.descriptor.ClassBasedTestDescriptor.lambda$testInstancesProvider$1(ClassBasedTestDescriptor.java:322)
	at java.base/java.util.Optional.orElseGet(Optional.java:364)
	at org.junit.jupiter.engine.descriptor.ClassBasedTestDescriptor.lambda$testInstancesProvider$0(ClassBasedTestDescriptor.java:321)
	at org.junit.jupiter.engine.execution.TestInstancesProvider.getTestInstances(TestInstancesProvider.java:27)
	at org.junit.jupiter.engine.descriptor.TestMethodTestDescriptor.lambda$prepare$0(TestMethodTestDescriptor.java:127)
	at org.junit.platform.engine.support.hierarchical.ThrowableCollector.execute(ThrowableCollector.java:74)
	at org.junit.jupiter.engine.descriptor.TestMethodTestDescriptor.prepare(TestMethodTestDescriptor.java:126)
	at org.junit.jupiter.engine.descriptor.TestMethodTestDescriptor.prepare(TestMethodTestDescriptor.java:70)
	at org.junit.platform.engine.support.hierarchical.NodeTestTask.lambda$prepare$0(NodeTestTask.java:144)
	at org.junit.platform.engine.support.hierarchical.ThrowableCollector.execute(ThrowableCollector.java:74)
	at org.junit.platform.engine.support.hierarchical.NodeTestTask.prepare(NodeTestTask.java:144)
	at org.junit.platform.engine.support.hierarchical.NodeTestTask.execute(NodeTestTask.java:110)
	at java.base/java.util.ArrayList.forEach(ArrayList.java:1596)
	at org.junit.platform.engine.support.hierarchical.SameThreadHierarchicalTestExecutorService.invokeAll(SameThreadHierarchicalTestExecutorService.java:42)
	at org.junit.platform.engine.support.hierarchical.NodeTestTask.lambda$executeRecursively$2(NodeTestTask.java:180)
	at org.junit.platform.engine.support.hierarchical.ThrowableCollector.execute(ThrowableCollector.java:74)
	at org.junit.platform.engine.support.hierarchical.NodeTestTask.lambda$executeRecursively$1(NodeTestTask.java:166)
	at org.junit.platform.engine.support.hierarchical.Node.around(Node.java:138)
	at org.junit.platform.engine.support.hierarchical.NodeTestTask.lambda$executeRecursively$0(NodeTestTask.java:164)
	at org.junit.platform.engine.support.hierarchical.ThrowableCollector.execute(ThrowableCollector.java:74)
	at org.junit.platform.engine.support.hierarchical.NodeTestTask.executeRecursively(NodeTestTask.java:163)
	at org.junit.platform.engine.support.hierarchical.NodeTestTask.execute(NodeTestTask.java:116)
	at java.base/java.util.ArrayList.forEach(ArrayList.java:1596)
	at org.junit.platform.engine.support.hierarchical.SameThreadHierarchicalTestExecutorService.invokeAll(SameThreadHierarchicalTestExecutorService.java:42)
	at org.junit.platform.engine.support.hierarchical.NodeTestTask.lambda$executeRecursively$2(NodeTestTask.java:180)
	at org.junit.platform.engine.support.hierarchical.ThrowableCollector.execute(ThrowableCollector.java:74)
	at org.junit.platform.engine.support.hierarchical.NodeTestTask.lambda$executeRecursively$1(NodeTestTask.java:166)
	at org.junit.platform.engine.support.hierarchical.Node.around(Node.java:138)
	at org.junit.platform.engine.support.hierarchical.NodeTestTask.lambda$executeRecursively$0(NodeTestTask.java:164)
	at org.junit.platform.engine.support.hierarchical.ThrowableCollector.execute(ThrowableCollector.java:74)
	at org.junit.platform.engine.support.hierarchical.NodeTestTask.executeRecursively(NodeTestTask.java:163)
	at org.junit.platform.engine.support.hierarchical.NodeTestTask.execute(NodeTestTask.java:116)
	at org.junit.platform.engine.support.hierarchical.SameThreadHierarchicalTestExecutorService.submit(SameThreadHierarchicalTestExecutorService.java:36)
	at org.junit.platform.engine.support.hierarchical.HierarchicalTestExecutor.execute(HierarchicalTestExecutor.java:52)
	at org.junit.platform.engine.support.hierarchical.HierarchicalTestEngine.execute(HierarchicalTestEngine.java:58)
	at org.junit.platform.launcher.core.EngineExecutionOrchestrator.executeEngine(EngineExecutionOrchestrator.java:246)
	at org.junit.platform.launcher.core.EngineExecutionOrchestrator.failOrExecuteEngine(EngineExecutionOrchestrator.java:218)
	at org.junit.platform.launcher.core.EngineExecutionOrchestrator.execute(EngineExecutionOrchestrator.java:179)
	at org.junit.platform.launcher.core.EngineExecutionOrchestrator.execute(EngineExecutionOrchestrator.java:108)
	at org.junit.platform.launcher.core.EngineExecutionOrchestrator.lambda$execute$0(EngineExecutionOrchestrator.java:66)
	at org.junit.platform.launcher.core.EngineExecutionOrchestrator.withInterceptedStreams(EngineExecutionOrchestrator.java:157)
	at org.junit.platform.launcher.core.EngineExecutionOrchestrator.execute(EngineExecutionOrchestrator.java:65)
	at org.junit.platform.launcher.core.DefaultLauncher.execute(DefaultLauncher.java:125)
	at org.junit.platform.launcher.core.DefaultLauncher.execute(DefaultLauncher.java:114)
	at org.junit.platform.launcher.core.DelegatingLauncher.execute(DelegatingLauncher.java:58)
	at org.junit.platform.launcher.core.InterceptingLauncher.lambda$execute$2(InterceptingLauncher.java:57)
	at org.junit.platform.launcher.core.ClasspathAlignmentCheckingLauncherInterceptor.intercept(ClasspathAlignmentCheckingLauncherInterceptor.java:25)
	at org.junit.platform.launcher.core.InterceptingLauncher.execute(InterceptingLauncher.java:56)
	at org.junit.platform.launcher.core.DelegatingLauncher.execute(DelegatingLauncher.java:58)
	at org.junit.platform.launcher.core.SessionPerRequestLauncher.execute(SessionPerRequestLauncher.java:81)
	at com.intellij.junit6.JUnit6TestRunnerHelper.execute(JUnit6TestRunnerHelper.java:69)
	at com.intellij.junit5.JUnit5IdeaTestRunner.startRunnerWithArgs(JUnit5IdeaTestRunner.java:70)
	at com.intellij.rt.junit.IdeaTestRunner$Repeater$1.execute(IdeaTestRunner.java:38)
	at com.intellij.rt.execution.junit.TestsRepeater.repeat(TestsRepeater.java:11)
	at com.intellij.rt.junit.IdeaTestRunner$Repeater.startRunnerWithArgs(IdeaTestRunner.java:35)
	at com.intellij.rt.junit.JUnitStarter.prepareStreamsAndStart(JUnitStarter.java:225)
	at com.intellij.rt.junit.JUnitStarter.main(JUnitStarter.java:61)
2026-06-24 21:32:54 WARN  o.springframework.test.context.TestContextManager - Caught exception while allowing TestExecutionListener [org.springframework.test.context.bean.override.BeanOverrideTestExecutionListener] to prepare test instance [com.example.libreriaMarketCatalogService.controllerV2.ProductoControllerV2Test@6a2badb1]
java.lang.IllegalStateException: ApplicationContext failure threshold (1) exceeded: skipping repeated attempt to load context for [WebMergedContextConfiguration@44de8e00 testClass = com.example.libreriaMarketCatalogService.controllerV2.ProductoControllerV2Test, locations = [], classes = [com.example.libreriaMarketCatalogService.LibreriaMarketCatalogServiceApplication], contextInitializerClasses = [], activeProfiles = [], propertySourceDescriptors = [], propertySourceProperties = ["org.springframework.boot.webmvc.test.autoconfigure.WebMvcTestContextBootstrapper=true"], contextCustomizers = [[ImportsContextCustomizer@3cbfdf5c key = [org.springframework.boot.hateoas.autoconfigure.HypermediaAutoConfiguration, org.springframework.boot.jackson2.autoconfigure.Jackson2AutoConfiguration, org.springframework.boot.autoconfigure.task.TaskExecutionAutoConfiguration, org.springframework.boot.webmvc.test.autoconfigure.MockMvcWebDriverAutoConfiguration, org.springframework.boot.security.autoconfigure.SecurityAutoConfiguration, org.springframework.boot.autoconfigure.context.MessageSourceAutoConfiguration, org.springframework.boot.security.autoconfigure.web.servlet.SecurityFilterAutoConfiguration, org.springframework.boot.data.autoconfigure.web.DataWebAutoConfiguration, org.springframework.boot.webmvc.autoconfigure.error.ErrorMvcAutoConfiguration, org.springframework.boot.validation.autoconfigure.ValidationAutoConfiguration, org.springframework.boot.webmvc.autoconfigure.WebMvcAutoConfiguration, org.springframework.boot.security.test.autoconfigure.webmvc.SecurityMockMvcAutoConfiguration, org.springframework.boot.http.converter.autoconfigure.HttpMessageConvertersAutoConfiguration, org.springframework.boot.jackson.autoconfigure.JacksonAutoConfiguration, org.springframework.boot.webmvc.test.autoconfigure.MockMvcWebClientAutoConfiguration, org.springframework.boot.servlet.autoconfigure.HttpEncodingAutoConfiguration, org.springframework.boot.security.autoconfigure.UserDetailsServiceAutoConfiguration, org.springframework.boot.webmvc.test.autoconfigure.MockMvcAutoConfiguration]], org.springframework.boot.test.context.PropertyMappingContextCustomizer@2d298995, org.springframework.boot.test.context.filter.ExcludeFilterContextCustomizer@22ee2d0, org.springframework.boot.test.context.filter.annotation.TypeExcludeFiltersContextCustomizer@9d6afc69, org.springframework.boot.test.json.DuplicateJsonObjectContextCustomizerFactory$DuplicateJsonObjectContextCustomizer@31198ceb, org.springframework.boot.test.autoconfigure.OnFailureConditionReportContextCustomizerFactory$OnFailureConditionReportContextCustomizer@7726e185, org.springframework.boot.test.autoconfigure.OverrideAutoConfigurationContextCustomizerFactory$DisableAutoConfigurationContextCustomizer@3d9fc57a, org.springframework.test.context.bean.override.BeanOverrideContextCustomizer@8cd7d1e8, org.springframework.test.context.support.DynamicPropertiesContextCustomizer@0, org.springframework.boot.webmvc.test.autoconfigure.WebDriverContextCustomizer@589b028e, org.springframework.boot.web.server.context.SpringBootTestRandomPortContextCustomizerFactory$Customizer@3b809711, org.springframework.boot.test.context.SpringBootTestAnnotation@dc96e641], resourceBasePath = "src/main/webapp", contextLoader = org.springframework.boot.test.context.SpringBootContextLoader, parent = null]
	at org.springframework.test.context.cache.DefaultCacheAwareContextLoaderDelegate.loadContext(DefaultCacheAwareContextLoaderDelegate.java:157)
	at org.springframework.test.context.support.DefaultTestContext.getApplicationContext(DefaultTestContext.java:128)
	at org.springframework.test.context.bean.override.BeanOverrideTestExecutionListener.injectFields(BeanOverrideTestExecutionListener.java:107)
	at org.springframework.test.context.bean.override.BeanOverrideTestExecutionListener.prepareTestInstance(BeanOverrideTestExecutionListener.java:70)
	at org.springframework.test.context.TestContextManager.prepareTestInstance(TestContextManager.java:260)
	at org.springframework.test.context.junit.jupiter.SpringExtension.postProcessTestInstance(SpringExtension.java:203)
	at org.junit.jupiter.engine.descriptor.ClassBasedTestDescriptor.lambda$invokeTestInstancePostProcessors$1(ClassBasedTestDescriptor.java:423)
	at org.junit.jupiter.engine.descriptor.ClassBasedTestDescriptor.executeAndMaskThrowable(ClassBasedTestDescriptor.java:428)
	at org.junit.jupiter.engine.descriptor.ClassBasedTestDescriptor.lambda$invokeTestInstancePostProcessors$0(ClassBasedTestDescriptor.java:422)
	at java.base/java.util.stream.ForEachOps$ForEachOp$OfRef.accept(ForEachOps.java:184)
	at java.base/java.util.stream.ReferencePipeline$3$1.accept(ReferencePipeline.java:197)
	at java.base/java.util.stream.ReferencePipeline$2$1.accept(ReferencePipeline.java:179)
	at java.base/java.util.stream.ReferencePipeline$3$1.accept(ReferencePipeline.java:197)
	at java.base/java.util.ArrayList$ArrayListSpliterator.forEachRemaining(ArrayList.java:1708)
	at java.base/java.util.stream.AbstractPipeline.copyInto(AbstractPipeline.java:509)
	at java.base/java.util.stream.AbstractPipeline.wrapAndCopyInto(AbstractPipeline.java:499)
	at java.base/java.util.stream.ForEachOps$ForEachOp.evaluateSequential(ForEachOps.java:151)
	at java.base/java.util.stream.ForEachOps$ForEachOp$OfRef.evaluateSequential(ForEachOps.java:174)
	at java.base/java.util.stream.AbstractPipeline.evaluate(AbstractPipeline.java:234)
	at java.base/java.util.stream.ReferencePipeline.forEach(ReferencePipeline.java:596)
	at org.junit.jupiter.engine.descriptor.ClassBasedTestDescriptor.invokeTestInstancePostProcessors(ClassBasedTestDescriptor.java:422)
	at org.junit.jupiter.engine.descriptor.ClassBasedTestDescriptor.lambda$instantiateAndPostProcessTestInstance$0(ClassBasedTestDescriptor.java:334)
	at org.junit.platform.engine.support.hierarchical.ThrowableCollector.execute(ThrowableCollector.java:74)
	at org.junit.jupiter.engine.descriptor.ClassBasedTestDescriptor.instantiateAndPostProcessTestInstance(ClassBasedTestDescriptor.java:333)
	at org.junit.jupiter.engine.descriptor.ClassBasedTestDescriptor.lambda$testInstancesProvider$1(ClassBasedTestDescriptor.java:322)
	at java.base/java.util.Optional.orElseGet(Optional.java:364)
	at org.junit.jupiter.engine.descriptor.ClassBasedTestDescriptor.lambda$testInstancesProvider$0(ClassBasedTestDescriptor.java:321)
	at org.junit.jupiter.engine.execution.TestInstancesProvider.getTestInstances(TestInstancesProvider.java:27)
	at org.junit.jupiter.engine.descriptor.TestMethodTestDescriptor.lambda$prepare$0(TestMethodTestDescriptor.java:127)
	at org.junit.platform.engine.support.hierarchical.ThrowableCollector.execute(ThrowableCollector.java:74)
	at org.junit.jupiter.engine.descriptor.TestMethodTestDescriptor.prepare(TestMethodTestDescriptor.java:126)
	at org.junit.jupiter.engine.descriptor.TestMethodTestDescriptor.prepare(TestMethodTestDescriptor.java:70)
	at org.junit.platform.engine.support.hierarchical.NodeTestTask.lambda$prepare$0(NodeTestTask.java:144)
	at org.junit.platform.engine.support.hierarchical.ThrowableCollector.execute(ThrowableCollector.java:74)
	at org.junit.platform.engine.support.hierarchical.NodeTestTask.prepare(NodeTestTask.java:144)
	at org.junit.platform.engine.support.hierarchical.NodeTestTask.execute(NodeTestTask.java:110)
	at java.base/java.util.ArrayList.forEach(ArrayList.java:1596)
	at org.junit.platform.engine.support.hierarchical.SameThreadHierarchicalTestExecutorService.invokeAll(SameThreadHierarchicalTestExecutorService.java:42)
	at org.junit.platform.engine.support.hierarchical.NodeTestTask.lambda$executeRecursively$2(NodeTestTask.java:180)
	at org.junit.platform.engine.support.hierarchical.ThrowableCollector.execute(ThrowableCollector.java:74)
	at org.junit.platform.engine.support.hierarchical.NodeTestTask.lambda$executeRecursively$1(NodeTestTask.java:166)
	at org.junit.platform.engine.support.hierarchical.Node.around(Node.java:138)
	at org.junit.platform.engine.support.hierarchical.NodeTestTask.lambda$executeRecursively$0(NodeTestTask.java:164)
	at org.junit.platform.engine.support.hierarchical.ThrowableCollector.execute(ThrowableCollector.java:74)
	at org.junit.platform.engine.support.hierarchical.NodeTestTask.executeRecursively(NodeTestTask.java:163)
	at org.junit.platform.engine.support.hierarchical.NodeTestTask.execute(NodeTestTask.java:116)
	at java.base/java.util.ArrayList.forEach(ArrayList.java:1596)
	at org.junit.platform.engine.support.hierarchical.SameThreadHierarchicalTestExecutorService.invokeAll(SameThreadHierarchicalTestExecutorService.java:42)
	at org.junit.platform.engine.support.hierarchical.NodeTestTask.lambda$executeRecursively$2(NodeTestTask.java:180)
	at org.junit.platform.engine.support.hierarchical.ThrowableCollector.execute(ThrowableCollector.java:74)
	at org.junit.platform.engine.support.hierarchical.NodeTestTask.lambda$executeRecursively$1(NodeTestTask.java:166)
	at org.junit.platform.engine.support.hierarchical.Node.around(Node.java:138)
	at org.junit.platform.engine.support.hierarchical.NodeTestTask.lambda$executeRecursively$0(NodeTestTask.java:164)
	at org.junit.platform.engine.support.hierarchical.ThrowableCollector.execute(ThrowableCollector.java:74)
	at org.junit.platform.engine.support.hierarchical.NodeTestTask.executeRecursively(NodeTestTask.java:163)
	at org.junit.platform.engine.support.hierarchical.NodeTestTask.execute(NodeTestTask.java:116)
	at org.junit.platform.engine.support.hierarchical.SameThreadHierarchicalTestExecutorService.submit(SameThreadHierarchicalTestExecutorService.java:36)
	at org.junit.platform.engine.support.hierarchical.HierarchicalTestExecutor.execute(HierarchicalTestExecutor.java:52)
	at org.junit.platform.engine.support.hierarchical.HierarchicalTestEngine.execute(HierarchicalTestEngine.java:58)
	at org.junit.platform.launcher.core.EngineExecutionOrchestrator.executeEngine(EngineExecutionOrchestrator.java:246)
	at org.junit.platform.launcher.core.EngineExecutionOrchestrator.failOrExecuteEngine(EngineExecutionOrchestrator.java:218)
	at org.junit.platform.launcher.core.EngineExecutionOrchestrator.execute(EngineExecutionOrchestrator.java:179)
	at org.junit.platform.launcher.core.EngineExecutionOrchestrator.execute(EngineExecutionOrchestrator.java:108)
	at org.junit.platform.launcher.core.EngineExecutionOrchestrator.lambda$execute$0(EngineExecutionOrchestrator.java:66)
	at org.junit.platform.launcher.core.EngineExecutionOrchestrator.withInterceptedStreams(EngineExecutionOrchestrator.java:157)
	at org.junit.platform.launcher.core.EngineExecutionOrchestrator.execute(EngineExecutionOrchestrator.java:65)
	at org.junit.platform.launcher.core.DefaultLauncher.execute(DefaultLauncher.java:125)
	at org.junit.platform.launcher.core.DefaultLauncher.execute(DefaultLauncher.java:114)
	at org.junit.platform.launcher.core.DelegatingLauncher.execute(DelegatingLauncher.java:58)
	at org.junit.platform.launcher.core.InterceptingLauncher.lambda$execute$2(InterceptingLauncher.java:57)
	at org.junit.platform.launcher.core.ClasspathAlignmentCheckingLauncherInterceptor.intercept(ClasspathAlignmentCheckingLauncherInterceptor.java:25)
	at org.junit.platform.launcher.core.InterceptingLauncher.execute(InterceptingLauncher.java:56)
	at org.junit.platform.launcher.core.DelegatingLauncher.execute(DelegatingLauncher.java:58)
	at org.junit.platform.launcher.core.SessionPerRequestLauncher.execute(SessionPerRequestLauncher.java:81)
	at com.intellij.junit6.JUnit6TestRunnerHelper.execute(JUnit6TestRunnerHelper.java:69)
	at com.intellij.junit5.JUnit5IdeaTestRunner.startRunnerWithArgs(JUnit5IdeaTestRunner.java:70)
	at com.intellij.rt.junit.IdeaTestRunner$Repeater$1.execute(IdeaTestRunner.java:38)
	at com.intellij.rt.execution.junit.TestsRepeater.repeat(TestsRepeater.java:11)
	at com.intellij.rt.junit.IdeaTestRunner$Repeater.startRunnerWithArgs(IdeaTestRunner.java:35)
	at com.intellij.rt.junit.JUnitStarter.prepareStreamsAndStart(JUnitStarter.java:225)
	at com.intellij.rt.junit.JUnitStarter.main(JUnitStarter.java:61)
2026-06-24 21:32:54 WARN  o.springframework.test.context.TestContextManager - Caught exception while allowing TestExecutionListener [org.springframework.test.context.bean.override.BeanOverrideTestExecutionListener] to prepare test instance [com.example.libreriaMarketCatalogService.controllerV2.ProductoControllerV2Test@2c2aab92]
java.lang.IllegalStateException: ApplicationContext failure threshold (1) exceeded: skipping repeated attempt to load context for [WebMergedContextConfiguration@44de8e00 testClass = com.example.libreriaMarketCatalogService.controllerV2.ProductoControllerV2Test, locations = [], classes = [com.example.libreriaMarketCatalogService.LibreriaMarketCatalogServiceApplication], contextInitializerClasses = [], activeProfiles = [], propertySourceDescriptors = [], propertySourceProperties = ["org.springframework.boot.webmvc.test.autoconfigure.WebMvcTestContextBootstrapper=true"], contextCustomizers = [[ImportsContextCustomizer@3cbfdf5c key = [org.springframework.boot.hateoas.autoconfigure.HypermediaAutoConfiguration, org.springframework.boot.jackson2.autoconfigure.Jackson2AutoConfiguration, org.springframework.boot.autoconfigure.task.TaskExecutionAutoConfiguration, org.springframework.boot.webmvc.test.autoconfigure.MockMvcWebDriverAutoConfiguration, org.springframework.boot.security.autoconfigure.SecurityAutoConfiguration, org.springframework.boot.autoconfigure.context.MessageSourceAutoConfiguration, org.springframework.boot.security.autoconfigure.web.servlet.SecurityFilterAutoConfiguration, org.springframework.boot.data.autoconfigure.web.DataWebAutoConfiguration, org.springframework.boot.webmvc.autoconfigure.error.ErrorMvcAutoConfiguration, org.springframework.boot.validation.autoconfigure.ValidationAutoConfiguration, org.springframework.boot.webmvc.autoconfigure.WebMvcAutoConfiguration, org.springframework.boot.security.test.autoconfigure.webmvc.SecurityMockMvcAutoConfiguration, org.springframework.boot.http.converter.autoconfigure.HttpMessageConvertersAutoConfiguration, org.springframework.boot.jackson.autoconfigure.JacksonAutoConfiguration, org.springframework.boot.webmvc.test.autoconfigure.MockMvcWebClientAutoConfiguration, org.springframework.boot.servlet.autoconfigure.HttpEncodingAutoConfiguration, org.springframework.boot.security.autoconfigure.UserDetailsServiceAutoConfiguration, org.springframework.boot.webmvc.test.autoconfigure.MockMvcAutoConfiguration]], org.springframework.boot.test.context.PropertyMappingContextCustomizer@2d298995, org.springframework.boot.test.context.filter.ExcludeFilterContextCustomizer@22ee2d0, org.springframework.boot.test.context.filter.annotation.TypeExcludeFiltersContextCustomizer@9d6afc69, org.springframework.boot.test.json.DuplicateJsonObjectContextCustomizerFactory$DuplicateJsonObjectContextCustomizer@31198ceb, org.springframework.boot.test.autoconfigure.OnFailureConditionReportContextCustomizerFactory$OnFailureConditionReportContextCustomizer@7726e185, org.springframework.boot.test.autoconfigure.OverrideAutoConfigurationContextCustomizerFactory$DisableAutoConfigurationContextCustomizer@3d9fc57a, org.springframework.test.context.bean.override.BeanOverrideContextCustomizer@8cd7d1e8, org.springframework.test.context.support.DynamicPropertiesContextCustomizer@0, org.springframework.boot.webmvc.test.autoconfigure.WebDriverContextCustomizer@589b028e, org.springframework.boot.web.server.context.SpringBootTestRandomPortContextCustomizerFactory$Customizer@3b809711, org.springframework.boot.test.context.SpringBootTestAnnotation@dc96e641], resourceBasePath = "src/main/webapp", contextLoader = org.springframework.boot.test.context.SpringBootContextLoader, parent = null]
	at org.springframework.test.context.cache.DefaultCacheAwareContextLoaderDelegate.loadContext(DefaultCacheAwareContextLoaderDelegate.java:157)
	at org.springframework.test.context.support.DefaultTestContext.getApplicationContext(DefaultTestContext.java:128)
	at org.springframework.test.context.bean.override.BeanOverrideTestExecutionListener.injectFields(BeanOverrideTestExecutionListener.java:107)
	at org.springframework.test.context.bean.override.BeanOverrideTestExecutionListener.prepareTestInstance(BeanOverrideTestExecutionListener.java:70)
	at org.springframework.test.context.TestContextManager.prepareTestInstance(TestContextManager.java:260)
	at org.springframework.test.context.junit.jupiter.SpringExtension.postProcessTestInstance(SpringExtension.java:203)
	at org.junit.jupiter.engine.descriptor.ClassBasedTestDescriptor.lambda$invokeTestInstancePostProcessors$1(ClassBasedTestDescriptor.java:423)
	at org.junit.jupiter.engine.descriptor.ClassBasedTestDescriptor.executeAndMaskThrowable(ClassBasedTestDescriptor.java:428)
	at org.junit.jupiter.engine.descriptor.ClassBasedTestDescriptor.lambda$invokeTestInstancePostProcessors$0(ClassBasedTestDescriptor.java:422)
	at java.base/java.util.stream.ForEachOps$ForEachOp$OfRef.accept(ForEachOps.java:184)
	at java.base/java.util.stream.ReferencePipeline$3$1.accept(ReferencePipeline.java:197)
	at java.base/java.util.stream.ReferencePipeline$2$1.accept(ReferencePipeline.java:179)
	at java.base/java.util.stream.ReferencePipeline$3$1.accept(ReferencePipeline.java:197)
	at java.base/java.util.ArrayList$ArrayListSpliterator.forEachRemaining(ArrayList.java:1708)
	at java.base/java.util.stream.AbstractPipeline.copyInto(AbstractPipeline.java:509)
	at java.base/java.util.stream.AbstractPipeline.wrapAndCopyInto(AbstractPipeline.java:499)
	at java.base/java.util.stream.ForEachOps$ForEachOp.evaluateSequential(ForEachOps.java:151)
	at java.base/java.util.stream.ForEachOps$ForEachOp$OfRef.evaluateSequential(ForEachOps.java:174)
	at java.base/java.util.stream.AbstractPipeline.evaluate(AbstractPipeline.java:234)
	at java.base/java.util.stream.ReferencePipeline.forEach(ReferencePipeline.java:596)
	at org.junit.jupiter.engine.descriptor.ClassBasedTestDescriptor.invokeTestInstancePostProcessors(ClassBasedTestDescriptor.java:422)
	at org.junit.jupiter.engine.descriptor.ClassBasedTestDescriptor.lambda$instantiateAndPostProcessTestInstance$0(ClassBasedTestDescriptor.java:334)
	at org.junit.platform.engine.support.hierarchical.ThrowableCollector.execute(ThrowableCollector.java:74)
	at org.junit.jupiter.engine.descriptor.ClassBasedTestDescriptor.instantiateAndPostProcessTestInstance(ClassBasedTestDescriptor.java:333)
	at org.junit.jupiter.engine.descriptor.ClassBasedTestDescriptor.lambda$testInstancesProvider$1(ClassBasedTestDescriptor.java:322)
	at java.base/java.util.Optional.orElseGet(Optional.java:364)
	at org.junit.jupiter.engine.descriptor.ClassBasedTestDescriptor.lambda$testInstancesProvider$0(ClassBasedTestDescriptor.java:321)
	at org.junit.jupiter.engine.execution.TestInstancesProvider.getTestInstances(TestInstancesProvider.java:27)
	at org.junit.jupiter.engine.descriptor.TestMethodTestDescriptor.lambda$prepare$0(TestMethodTestDescriptor.java:127)
	at org.junit.platform.engine.support.hierarchical.ThrowableCollector.execute(ThrowableCollector.java:74)
	at org.junit.jupiter.engine.descriptor.TestMethodTestDescriptor.prepare(TestMethodTestDescriptor.java:126)
	at org.junit.jupiter.engine.descriptor.TestMethodTestDescriptor.prepare(TestMethodTestDescriptor.java:70)
	at org.junit.platform.engine.support.hierarchical.NodeTestTask.lambda$prepare$0(NodeTestTask.java:144)
	at org.junit.platform.engine.support.hierarchical.ThrowableCollector.execute(ThrowableCollector.java:74)
	at org.junit.platform.engine.support.hierarchical.NodeTestTask.prepare(NodeTestTask.java:144)
	at org.junit.platform.engine.support.hierarchical.NodeTestTask.execute(NodeTestTask.java:110)
	at java.base/java.util.ArrayList.forEach(ArrayList.java:1596)
	at org.junit.platform.engine.support.hierarchical.SameThreadHierarchicalTestExecutorService.invokeAll(SameThreadHierarchicalTestExecutorService.java:42)
	at org.junit.platform.engine.support.hierarchical.NodeTestTask.lambda$executeRecursively$2(NodeTestTask.java:180)
	at org.junit.platform.engine.support.hierarchical.ThrowableCollector.execute(ThrowableCollector.java:74)
	at org.junit.platform.engine.support.hierarchical.NodeTestTask.lambda$executeRecursively$1(NodeTestTask.java:166)
	at org.junit.platform.engine.support.hierarchical.Node.around(Node.java:138)
	at org.junit.platform.engine.support.hierarchical.NodeTestTask.lambda$executeRecursively$0(NodeTestTask.java:164)
	at org.junit.platform.engine.support.hierarchical.ThrowableCollector.execute(ThrowableCollector.java:74)
	at org.junit.platform.engine.support.hierarchical.NodeTestTask.executeRecursively(NodeTestTask.java:163)
	at org.junit.platform.engine.support.hierarchical.NodeTestTask.execute(NodeTestTask.java:116)
	at java.base/java.util.ArrayList.forEach(ArrayList.java:1596)
	at org.junit.platform.engine.support.hierarchical.SameThreadHierarchicalTestExecutorService.invokeAll(SameThreadHierarchicalTestExecutorService.java:42)
	at org.junit.platform.engine.support.hierarchical.NodeTestTask.lambda$executeRecursively$2(NodeTestTask.java:180)
	at org.junit.platform.engine.support.hierarchical.ThrowableCollector.execute(ThrowableCollector.java:74)
	at org.junit.platform.engine.support.hierarchical.NodeTestTask.lambda$executeRecursively$1(NodeTestTask.java:166)
	at org.junit.platform.engine.support.hierarchical.Node.around(Node.java:138)
	at org.junit.platform.engine.support.hierarchical.NodeTestTask.lambda$executeRecursively$0(NodeTestTask.java:164)
	at org.junit.platform.engine.support.hierarchical.ThrowableCollector.execute(ThrowableCollector.java:74)
	at org.junit.platform.engine.support.hierarchical.NodeTestTask.executeRecursively(NodeTestTask.java:163)
	at org.junit.platform.engine.support.hierarchical.NodeTestTask.execute(NodeTestTask.java:116)
	at org.junit.platform.engine.support.hierarchical.SameThreadHierarchicalTestExecutorService.submit(SameThreadHierarchicalTestExecutorService.java:36)
	at org.junit.platform.engine.support.hierarchical.HierarchicalTestExecutor.execute(HierarchicalTestExecutor.java:52)
	at org.junit.platform.engine.support.hierarchical.HierarchicalTestEngine.execute(HierarchicalTestEngine.java:58)
	at org.junit.platform.launcher.core.EngineExecutionOrchestrator.executeEngine(EngineExecutionOrchestrator.java:246)
	at org.junit.platform.launcher.core.EngineExecutionOrchestrator.failOrExecuteEngine(EngineExecutionOrchestrator.java:218)
	at org.junit.platform.launcher.core.EngineExecutionOrchestrator.execute(EngineExecutionOrchestrator.java:179)
	at org.junit.platform.launcher.core.EngineExecutionOrchestrator.execute(EngineExecutionOrchestrator.java:108)
	at org.junit.platform.launcher.core.EngineExecutionOrchestrator.lambda$execute$0(EngineExecutionOrchestrator.java:66)
	at org.junit.platform.launcher.core.EngineExecutionOrchestrator.withInterceptedStreams(EngineExecutionOrchestrator.java:157)
	at org.junit.platform.launcher.core.EngineExecutionOrchestrator.execute(EngineExecutionOrchestrator.java:65)
	at org.junit.platform.launcher.core.DefaultLauncher.execute(DefaultLauncher.java:125)
	at org.junit.platform.launcher.core.DefaultLauncher.execute(DefaultLauncher.java:114)
	at org.junit.platform.launcher.core.DelegatingLauncher.execute(DelegatingLauncher.java:58)
	at org.junit.platform.launcher.core.InterceptingLauncher.lambda$execute$2(InterceptingLauncher.java:57)
	at org.junit.platform.launcher.core.ClasspathAlignmentCheckingLauncherInterceptor.intercept(ClasspathAlignmentCheckingLauncherInterceptor.java:25)
	at org.junit.platform.launcher.core.InterceptingLauncher.execute(InterceptingLauncher.java:56)
	at org.junit.platform.launcher.core.DelegatingLauncher.execute(DelegatingLauncher.java:58)
	at org.junit.platform.launcher.core.SessionPerRequestLauncher.execute(SessionPerRequestLauncher.java:81)
	at com.intellij.junit6.JUnit6TestRunnerHelper.execute(JUnit6TestRunnerHelper.java:69)
	at com.intellij.junit5.JUnit5IdeaTestRunner.startRunnerWithArgs(JUnit5IdeaTestRunner.java:70)
	at com.intellij.rt.junit.IdeaTestRunner$Repeater$1.execute(IdeaTestRunner.java:38)
	at com.intellij.rt.execution.junit.TestsRepeater.repeat(TestsRepeater.java:11)
	at com.intellij.rt.junit.IdeaTestRunner$Repeater.startRunnerWithArgs(IdeaTestRunner.java:35)
	at com.intellij.rt.junit.JUnitStarter.prepareStreamsAndStart(JUnitStarter.java:225)
	at com.intellij.rt.junit.JUnitStarter.main(JUnitStarter.java:61)
2026-06-24 21:34:36 INFO  c.e.l.controllerV2.ProductoControllerV2Test - Starting ProductoControllerV2Test using Java 21.0.11 with PID 42012 (started by apric in /run/media/apric/a0483016-93be-4d8d-b285-30d2ee3fccb7/GitHub/lbMarket/LibreriaMaketCatalogService/libreriaMarketCatalogService)
2026-06-24 21:34:36 DEBUG c.e.l.controllerV2.ProductoControllerV2Test - Running with Spring Boot v4.0.0, Spring v7.0.1
2026-06-24 21:34:36 INFO  c.e.l.controllerV2.ProductoControllerV2Test - The following 1 profile is active: "test"
2026-06-24 21:34:37 WARN  o.s.w.context.support.GenericWebApplicationContext - Exception encountered during context initialization - cancelling refresh attempt: org.springframework.beans.factory.UnsatisfiedDependencyException: Error creating bean with name 'productoControllerV2': Unsatisfied dependency expressed through field 'assembler': No qualifying bean of type 'com.example.libreriaMarketCatalogService.assemblers.ProductoModelAssembler' available: expected at least 1 bean which qualifies as autowire candidate. Dependency annotations: {@org.springframework.beans.factory.annotation.Autowired(required=true)}
2026-06-24 21:34:37 INFO  o.s.b.a.logging.ConditionEvaluationReportLogger - 

Error starting ApplicationContext. To display the condition evaluation report re-run your application with 'debug' enabled.
2026-06-24 21:34:37 ERROR o.s.b.diagnostics.LoggingFailureAnalysisReporter - 

***************************
APPLICATION FAILED TO START
***************************

Description:

Field assembler in com.example.libreriaMarketCatalogService.controller.ProductoControllerV2 required a bean of type 'com.example.libreriaMarketCatalogService.assemblers.ProductoModelAssembler' that could not be found.

The injection point has the following annotations:
	- @org.springframework.beans.factory.annotation.Autowired(required=true)


Action:

Consider defining a bean of type 'com.example.libreriaMarketCatalogService.assemblers.ProductoModelAssembler' in your configuration.

2026-06-24 21:34:37 WARN  o.springframework.test.context.TestContextManager - Caught exception while allowing TestExecutionListener [org.springframework.test.context.bean.override.BeanOverrideTestExecutionListener] to prepare test instance [com.example.libreriaMarketCatalogService.controllerV2.ProductoControllerV2Test@7ed8b44]
java.lang.IllegalStateException: Failed to load ApplicationContext for [WebMergedContextConfiguration@48fc0211 testClass = com.example.libreriaMarketCatalogService.controllerV2.ProductoControllerV2Test, locations = [], classes = [com.example.libreriaMarketCatalogService.LibreriaMarketCatalogServiceApplication], contextInitializerClasses = [], activeProfiles = [], propertySourceDescriptors = [], propertySourceProperties = ["org.springframework.boot.webmvc.test.autoconfigure.WebMvcTestContextBootstrapper=true"], contextCustomizers = [[ImportsContextCustomizer@3ae2702a key = [org.springframework.boot.hateoas.autoconfigure.HypermediaAutoConfiguration, org.springframework.boot.jackson2.autoconfigure.Jackson2AutoConfiguration, org.springframework.boot.autoconfigure.task.TaskExecutionAutoConfiguration, org.springframework.boot.webmvc.test.autoconfigure.MockMvcWebDriverAutoConfiguration, org.springframework.boot.security.autoconfigure.SecurityAutoConfiguration, org.springframework.boot.autoconfigure.context.MessageSourceAutoConfiguration, org.springframework.boot.security.autoconfigure.web.servlet.SecurityFilterAutoConfiguration, org.springframework.boot.data.autoconfigure.web.DataWebAutoConfiguration, org.springframework.boot.webmvc.autoconfigure.error.ErrorMvcAutoConfiguration, org.springframework.boot.validation.autoconfigure.ValidationAutoConfiguration, org.springframework.boot.webmvc.autoconfigure.WebMvcAutoConfiguration, org.springframework.boot.security.test.autoconfigure.webmvc.SecurityMockMvcAutoConfiguration, org.springframework.boot.http.converter.autoconfigure.HttpMessageConvertersAutoConfiguration, org.springframework.boot.jackson.autoconfigure.JacksonAutoConfiguration, org.springframework.boot.webmvc.test.autoconfigure.MockMvcWebClientAutoConfiguration, org.springframework.boot.servlet.autoconfigure.HttpEncodingAutoConfiguration, org.springframework.boot.security.autoconfigure.UserDetailsServiceAutoConfiguration, org.springframework.boot.webmvc.test.autoconfigure.MockMvcAutoConfiguration]], org.springframework.boot.test.context.PropertyMappingContextCustomizer@2d298995, org.springframework.boot.test.context.filter.ExcludeFilterContextCustomizer@47428937, org.springframework.boot.test.context.filter.annotation.TypeExcludeFiltersContextCustomizer@7be4c24a, org.springframework.boot.test.json.DuplicateJsonObjectContextCustomizerFactory$DuplicateJsonObjectContextCustomizer@780ec4a5, org.springframework.boot.test.autoconfigure.OnFailureConditionReportContextCustomizerFactory$OnFailureConditionReportContextCustomizer@548e76f1, org.springframework.boot.test.autoconfigure.OverrideAutoConfigurationContextCustomizerFactory$DisableAutoConfigurationContextCustomizer@3aa3193a, org.springframework.test.context.bean.override.BeanOverrideContextCustomizer@ba01a2b3, org.springframework.test.context.support.DynamicPropertiesContextCustomizer@0, org.springframework.boot.webmvc.test.autoconfigure.WebDriverContextCustomizer@27cf3151, org.springframework.boot.web.server.context.SpringBootTestRandomPortContextCustomizerFactory$Customizer@4108fa66, org.springframework.boot.test.context.SpringBootTestAnnotation@e0f3fb2a], resourceBasePath = "src/main/webapp", contextLoader = org.springframework.boot.test.context.SpringBootContextLoader, parent = null]
	at org.springframework.test.context.cache.DefaultCacheAwareContextLoaderDelegate.lambda$loadContext$0(DefaultCacheAwareContextLoaderDelegate.java:195)
	at org.springframework.test.context.cache.DefaultContextCache.put(DefaultContextCache.java:172)
	at org.springframework.test.context.cache.DefaultCacheAwareContextLoaderDelegate.loadContext(DefaultCacheAwareContextLoaderDelegate.java:160)
	at org.springframework.test.context.support.DefaultTestContext.getApplicationContext(DefaultTestContext.java:128)
	at org.springframework.test.context.bean.override.BeanOverrideTestExecutionListener.injectFields(BeanOverrideTestExecutionListener.java:107)
	at org.springframework.test.context.bean.override.BeanOverrideTestExecutionListener.prepareTestInstance(BeanOverrideTestExecutionListener.java:70)
	at org.springframework.test.context.TestContextManager.prepareTestInstance(TestContextManager.java:260)
	at org.springframework.test.context.junit.jupiter.SpringExtension.postProcessTestInstance(SpringExtension.java:203)
	at org.junit.jupiter.engine.descriptor.ClassBasedTestDescriptor.lambda$invokeTestInstancePostProcessors$1(ClassBasedTestDescriptor.java:423)
	at org.junit.jupiter.engine.descriptor.ClassBasedTestDescriptor.executeAndMaskThrowable(ClassBasedTestDescriptor.java:428)
	at org.junit.jupiter.engine.descriptor.ClassBasedTestDescriptor.lambda$invokeTestInstancePostProcessors$0(ClassBasedTestDescriptor.java:422)
	at java.base/java.util.stream.ForEachOps$ForEachOp$OfRef.accept(ForEachOps.java:184)
	at java.base/java.util.stream.ReferencePipeline$3$1.accept(ReferencePipeline.java:197)
	at java.base/java.util.stream.ReferencePipeline$2$1.accept(ReferencePipeline.java:179)
	at java.base/java.util.stream.ReferencePipeline$3$1.accept(ReferencePipeline.java:197)
	at java.base/java.util.ArrayList$ArrayListSpliterator.forEachRemaining(ArrayList.java:1708)
	at java.base/java.util.stream.AbstractPipeline.copyInto(AbstractPipeline.java:509)
	at java.base/java.util.stream.AbstractPipeline.wrapAndCopyInto(AbstractPipeline.java:499)
	at java.base/java.util.stream.ForEachOps$ForEachOp.evaluateSequential(ForEachOps.java:151)
	at java.base/java.util.stream.ForEachOps$ForEachOp$OfRef.evaluateSequential(ForEachOps.java:174)
	at java.base/java.util.stream.AbstractPipeline.evaluate(AbstractPipeline.java:234)
	at java.base/java.util.stream.ReferencePipeline.forEach(ReferencePipeline.java:596)
	at org.junit.jupiter.engine.descriptor.ClassBasedTestDescriptor.invokeTestInstancePostProcessors(ClassBasedTestDescriptor.java:422)
	at org.junit.jupiter.engine.descriptor.ClassBasedTestDescriptor.lambda$instantiateAndPostProcessTestInstance$0(ClassBasedTestDescriptor.java:334)
	at org.junit.platform.engine.support.hierarchical.ThrowableCollector.execute(ThrowableCollector.java:74)
	at org.junit.jupiter.engine.descriptor.ClassBasedTestDescriptor.instantiateAndPostProcessTestInstance(ClassBasedTestDescriptor.java:333)
	at org.junit.jupiter.engine.descriptor.ClassBasedTestDescriptor.lambda$testInstancesProvider$1(ClassBasedTestDescriptor.java:322)
	at java.base/java.util.Optional.orElseGet(Optional.java:364)
	at org.junit.jupiter.engine.descriptor.ClassBasedTestDescriptor.lambda$testInstancesProvider$0(ClassBasedTestDescriptor.java:321)
	at org.junit.jupiter.engine.execution.TestInstancesProvider.getTestInstances(TestInstancesProvider.java:27)
	at org.junit.jupiter.engine.descriptor.TestMethodTestDescriptor.lambda$prepare$0(TestMethodTestDescriptor.java:127)
	at org.junit.platform.engine.support.hierarchical.ThrowableCollector.execute(ThrowableCollector.java:74)
	at org.junit.jupiter.engine.descriptor.TestMethodTestDescriptor.prepare(TestMethodTestDescriptor.java:126)
	at org.junit.jupiter.engine.descriptor.TestMethodTestDescriptor.prepare(TestMethodTestDescriptor.java:70)
	at org.junit.platform.engine.support.hierarchical.NodeTestTask.lambda$prepare$0(NodeTestTask.java:144)
	at org.junit.platform.engine.support.hierarchical.ThrowableCollector.execute(ThrowableCollector.java:74)
	at org.junit.platform.engine.support.hierarchical.NodeTestTask.prepare(NodeTestTask.java:144)
	at org.junit.platform.engine.support.hierarchical.NodeTestTask.execute(NodeTestTask.java:110)
	at java.base/java.util.ArrayList.forEach(ArrayList.java:1596)
	at org.junit.platform.engine.support.hierarchical.SameThreadHierarchicalTestExecutorService.invokeAll(SameThreadHierarchicalTestExecutorService.java:42)
	at org.junit.platform.engine.support.hierarchical.NodeTestTask.lambda$executeRecursively$2(NodeTestTask.java:180)
	at org.junit.platform.engine.support.hierarchical.ThrowableCollector.execute(ThrowableCollector.java:74)
	at org.junit.platform.engine.support.hierarchical.NodeTestTask.lambda$executeRecursively$1(NodeTestTask.java:166)
	at org.junit.platform.engine.support.hierarchical.Node.around(Node.java:138)
	at org.junit.platform.engine.support.hierarchical.NodeTestTask.lambda$executeRecursively$0(NodeTestTask.java:164)
	at org.junit.platform.engine.support.hierarchical.ThrowableCollector.execute(ThrowableCollector.java:74)
	at org.junit.platform.engine.support.hierarchical.NodeTestTask.executeRecursively(NodeTestTask.java:163)
	at org.junit.platform.engine.support.hierarchical.NodeTestTask.execute(NodeTestTask.java:116)
	at java.base/java.util.ArrayList.forEach(ArrayList.java:1596)
	at org.junit.platform.engine.support.hierarchical.SameThreadHierarchicalTestExecutorService.invokeAll(SameThreadHierarchicalTestExecutorService.java:42)
	at org.junit.platform.engine.support.hierarchical.NodeTestTask.lambda$executeRecursively$2(NodeTestTask.java:180)
	at org.junit.platform.engine.support.hierarchical.ThrowableCollector.execute(ThrowableCollector.java:74)
	at org.junit.platform.engine.support.hierarchical.NodeTestTask.lambda$executeRecursively$1(NodeTestTask.java:166)
	at org.junit.platform.engine.support.hierarchical.Node.around(Node.java:138)
	at org.junit.platform.engine.support.hierarchical.NodeTestTask.lambda$executeRecursively$0(NodeTestTask.java:164)
	at org.junit.platform.engine.support.hierarchical.ThrowableCollector.execute(ThrowableCollector.java:74)
	at org.junit.platform.engine.support.hierarchical.NodeTestTask.executeRecursively(NodeTestTask.java:163)
	at org.junit.platform.engine.support.hierarchical.NodeTestTask.execute(NodeTestTask.java:116)
	at org.junit.platform.engine.support.hierarchical.SameThreadHierarchicalTestExecutorService.submit(SameThreadHierarchicalTestExecutorService.java:36)
	at org.junit.platform.engine.support.hierarchical.HierarchicalTestExecutor.execute(HierarchicalTestExecutor.java:52)
	at org.junit.platform.engine.support.hierarchical.HierarchicalTestEngine.execute(HierarchicalTestEngine.java:58)
	at org.junit.platform.launcher.core.EngineExecutionOrchestrator.executeEngine(EngineExecutionOrchestrator.java:246)
	at org.junit.platform.launcher.core.EngineExecutionOrchestrator.failOrExecuteEngine(EngineExecutionOrchestrator.java:218)
	at org.junit.platform.launcher.core.EngineExecutionOrchestrator.execute(EngineExecutionOrchestrator.java:179)
	at org.junit.platform.launcher.core.EngineExecutionOrchestrator.execute(EngineExecutionOrchestrator.java:108)
	at org.junit.platform.launcher.core.EngineExecutionOrchestrator.lambda$execute$0(EngineExecutionOrchestrator.java:66)
	at org.junit.platform.launcher.core.EngineExecutionOrchestrator.withInterceptedStreams(EngineExecutionOrchestrator.java:157)
	at org.junit.platform.launcher.core.EngineExecutionOrchestrator.execute(EngineExecutionOrchestrator.java:65)
	at org.junit.platform.launcher.core.DefaultLauncher.execute(DefaultLauncher.java:125)
	at org.junit.platform.launcher.core.DefaultLauncher.execute(DefaultLauncher.java:114)
	at org.junit.platform.launcher.core.DelegatingLauncher.execute(DelegatingLauncher.java:58)
	at org.junit.platform.launcher.core.InterceptingLauncher.lambda$execute$2(InterceptingLauncher.java:57)
	at org.junit.platform.launcher.core.ClasspathAlignmentCheckingLauncherInterceptor.intercept(ClasspathAlignmentCheckingLauncherInterceptor.java:25)
	at org.junit.platform.launcher.core.InterceptingLauncher.execute(InterceptingLauncher.java:56)
	at org.junit.platform.launcher.core.DelegatingLauncher.execute(DelegatingLauncher.java:58)
	at org.junit.platform.launcher.core.SessionPerRequestLauncher.execute(SessionPerRequestLauncher.java:81)
	at com.intellij.junit6.JUnit6TestRunnerHelper.execute(JUnit6TestRunnerHelper.java:69)
	at com.intellij.junit5.JUnit5IdeaTestRunner.startRunnerWithArgs(JUnit5IdeaTestRunner.java:70)
	at com.intellij.rt.junit.IdeaTestRunner$Repeater$1.execute(IdeaTestRunner.java:38)
	at com.intellij.rt.execution.junit.TestsRepeater.repeat(TestsRepeater.java:11)
	at com.intellij.rt.junit.IdeaTestRunner$Repeater.startRunnerWithArgs(IdeaTestRunner.java:35)
	at com.intellij.rt.junit.JUnitStarter.prepareStreamsAndStart(JUnitStarter.java:225)
	at com.intellij.rt.junit.JUnitStarter.main(JUnitStarter.java:61)
Caused by: org.springframework.beans.factory.UnsatisfiedDependencyException: Error creating bean with name 'productoControllerV2': Unsatisfied dependency expressed through field 'assembler': No qualifying bean of type 'com.example.libreriaMarketCatalogService.assemblers.ProductoModelAssembler' available: expected at least 1 bean which qualifies as autowire candidate. Dependency annotations: {@org.springframework.beans.factory.annotation.Autowired(required=true)}
	at org.springframework.beans.factory.annotation.AutowiredAnnotationBeanPostProcessor$AutowiredFieldElement.resolveFieldValue(AutowiredAnnotationBeanPostProcessor.java:766)
	at org.springframework.beans.factory.annotation.AutowiredAnnotationBeanPostProcessor$AutowiredFieldElement.inject(AutowiredAnnotationBeanPostProcessor.java:747)
	at org.springframework.beans.factory.annotation.InjectionMetadata.inject(InjectionMetadata.java:146)
	at org.springframework.beans.factory.annotation.AutowiredAnnotationBeanPostProcessor.postProcessProperties(AutowiredAnnotationBeanPostProcessor.java:492)
	at org.springframework.beans.factory.support.AbstractAutowireCapableBeanFactory.populateBean(AbstractAutowireCapableBeanFactory.java:1446)
	at org.springframework.beans.factory.support.AbstractAutowireCapableBeanFactory.doCreateBean(AbstractAutowireCapableBeanFactory.java:602)
	at org.springframework.beans.factory.support.AbstractAutowireCapableBeanFactory.createBean(AbstractAutowireCapableBeanFactory.java:525)
	at org.springframework.beans.factory.support.AbstractBeanFactory.lambda$doGetBean$0(AbstractBeanFactory.java:333)
	at org.springframework.beans.factory.support.DefaultSingletonBeanRegistry.getSingleton(DefaultSingletonBeanRegistry.java:371)
	at org.springframework.beans.factory.support.AbstractBeanFactory.doGetBean(AbstractBeanFactory.java:331)
	at org.springframework.beans.factory.support.AbstractBeanFactory.getBean(AbstractBeanFactory.java:196)
	at org.springframework.beans.factory.support.DefaultListableBeanFactory.instantiateSingleton(DefaultListableBeanFactory.java:1218)
	at org.springframework.beans.factory.support.DefaultListableBeanFactory.preInstantiateSingleton(DefaultListableBeanFactory.java:1184)
	at org.springframework.beans.factory.support.DefaultListableBeanFactory.preInstantiateSingletons(DefaultListableBeanFactory.java:1121)
	at org.springframework.context.support.AbstractApplicationContext.finishBeanFactoryInitialization(AbstractApplicationContext.java:983)
	at org.springframework.context.support.AbstractApplicationContext.refresh(AbstractApplicationContext.java:620)
	at org.springframework.boot.SpringApplication.refresh(SpringApplication.java:765)
	at org.springframework.boot.SpringApplication.refreshContext(SpringApplication.java:454)
	at org.springframework.boot.SpringApplication.run(SpringApplication.java:321)
	at org.springframework.boot.test.context.SpringBootContextLoader.lambda$loadContext$2(SpringBootContextLoader.java:148)
	at org.springframework.util.function.ThrowingSupplier.get(ThrowingSupplier.java:58)
	at org.springframework.util.function.ThrowingSupplier.get(ThrowingSupplier.java:46)
	at org.springframework.boot.SpringApplication.withHook(SpringApplication.java:1474)
	at org.springframework.boot.test.context.SpringBootContextLoader$ContextLoaderHook.run(SpringBootContextLoader.java:573)
	at org.springframework.boot.test.context.SpringBootContextLoader.loadContext(SpringBootContextLoader.java:148)
	at org.springframework.boot.test.context.SpringBootContextLoader.loadContext(SpringBootContextLoader.java:114)
	at org.springframework.test.context.cache.DefaultCacheAwareContextLoaderDelegate.loadContextInternal(DefaultCacheAwareContextLoaderDelegate.java:247)
	at org.springframework.test.context.cache.DefaultCacheAwareContextLoaderDelegate.lambda$loadContext$0(DefaultCacheAwareContextLoaderDelegate.java:167)
	... 82 common frames omitted
Caused by: org.springframework.beans.factory.NoSuchBeanDefinitionException: No qualifying bean of type 'com.example.libreriaMarketCatalogService.assemblers.ProductoModelAssembler' available: expected at least 1 bean which qualifies as autowire candidate. Dependency annotations: {@org.springframework.beans.factory.annotation.Autowired(required=true)}
	at org.springframework.beans.factory.support.DefaultListableBeanFactory.raiseNoMatchingBeanFound(DefaultListableBeanFactory.java:2297)
	at org.springframework.beans.factory.support.DefaultListableBeanFactory.doResolveDependency(DefaultListableBeanFactory.java:1725)
	at org.springframework.beans.factory.support.DefaultListableBeanFactory.resolveDependency(DefaultListableBeanFactory.java:1651)
	at org.springframework.beans.factory.annotation.AutowiredAnnotationBeanPostProcessor$AutowiredFieldElement.resolveFieldValue(AutowiredAnnotationBeanPostProcessor.java:763)
	... 109 common frames omitted
2026-06-24 21:34:37 WARN  o.springframework.test.context.TestContextManager - Caught exception while allowing TestExecutionListener [org.springframework.test.context.bean.override.BeanOverrideTestExecutionListener] to prepare test instance [com.example.libreriaMarketCatalogService.controllerV2.ProductoControllerV2Test@d85b399]
java.lang.IllegalStateException: ApplicationContext failure threshold (1) exceeded: skipping repeated attempt to load context for [WebMergedContextConfiguration@48fc0211 testClass = com.example.libreriaMarketCatalogService.controllerV2.ProductoControllerV2Test, locations = [], classes = [com.example.libreriaMarketCatalogService.LibreriaMarketCatalogServiceApplication], contextInitializerClasses = [], activeProfiles = [], propertySourceDescriptors = [], propertySourceProperties = ["org.springframework.boot.webmvc.test.autoconfigure.WebMvcTestContextBootstrapper=true"], contextCustomizers = [[ImportsContextCustomizer@3ae2702a key = [org.springframework.boot.hateoas.autoconfigure.HypermediaAutoConfiguration, org.springframework.boot.jackson2.autoconfigure.Jackson2AutoConfiguration, org.springframework.boot.autoconfigure.task.TaskExecutionAutoConfiguration, org.springframework.boot.webmvc.test.autoconfigure.MockMvcWebDriverAutoConfiguration, org.springframework.boot.security.autoconfigure.SecurityAutoConfiguration, org.springframework.boot.autoconfigure.context.MessageSourceAutoConfiguration, org.springframework.boot.security.autoconfigure.web.servlet.SecurityFilterAutoConfiguration, org.springframework.boot.data.autoconfigure.web.DataWebAutoConfiguration, org.springframework.boot.webmvc.autoconfigure.error.ErrorMvcAutoConfiguration, org.springframework.boot.validation.autoconfigure.ValidationAutoConfiguration, org.springframework.boot.webmvc.autoconfigure.WebMvcAutoConfiguration, org.springframework.boot.security.test.autoconfigure.webmvc.SecurityMockMvcAutoConfiguration, org.springframework.boot.http.converter.autoconfigure.HttpMessageConvertersAutoConfiguration, org.springframework.boot.jackson.autoconfigure.JacksonAutoConfiguration, org.springframework.boot.webmvc.test.autoconfigure.MockMvcWebClientAutoConfiguration, org.springframework.boot.servlet.autoconfigure.HttpEncodingAutoConfiguration, org.springframework.boot.security.autoconfigure.UserDetailsServiceAutoConfiguration, org.springframework.boot.webmvc.test.autoconfigure.MockMvcAutoConfiguration]], org.springframework.boot.test.context.PropertyMappingContextCustomizer@2d298995, org.springframework.boot.test.context.filter.ExcludeFilterContextCustomizer@47428937, org.springframework.boot.test.context.filter.annotation.TypeExcludeFiltersContextCustomizer@7be4c24a, org.springframework.boot.test.json.DuplicateJsonObjectContextCustomizerFactory$DuplicateJsonObjectContextCustomizer@780ec4a5, org.springframework.boot.test.autoconfigure.OnFailureConditionReportContextCustomizerFactory$OnFailureConditionReportContextCustomizer@548e76f1, org.springframework.boot.test.autoconfigure.OverrideAutoConfigurationContextCustomizerFactory$DisableAutoConfigurationContextCustomizer@3aa3193a, org.springframework.test.context.bean.override.BeanOverrideContextCustomizer@ba01a2b3, org.springframework.test.context.support.DynamicPropertiesContextCustomizer@0, org.springframework.boot.webmvc.test.autoconfigure.WebDriverContextCustomizer@27cf3151, org.springframework.boot.web.server.context.SpringBootTestRandomPortContextCustomizerFactory$Customizer@4108fa66, org.springframework.boot.test.context.SpringBootTestAnnotation@e0f3fb2a], resourceBasePath = "src/main/webapp", contextLoader = org.springframework.boot.test.context.SpringBootContextLoader, parent = null]
	at org.springframework.test.context.cache.DefaultCacheAwareContextLoaderDelegate.loadContext(DefaultCacheAwareContextLoaderDelegate.java:157)
	at org.springframework.test.context.support.DefaultTestContext.getApplicationContext(DefaultTestContext.java:128)
	at org.springframework.test.context.bean.override.BeanOverrideTestExecutionListener.injectFields(BeanOverrideTestExecutionListener.java:107)
	at org.springframework.test.context.bean.override.BeanOverrideTestExecutionListener.prepareTestInstance(BeanOverrideTestExecutionListener.java:70)
	at org.springframework.test.context.TestContextManager.prepareTestInstance(TestContextManager.java:260)
	at org.springframework.test.context.junit.jupiter.SpringExtension.postProcessTestInstance(SpringExtension.java:203)
	at org.junit.jupiter.engine.descriptor.ClassBasedTestDescriptor.lambda$invokeTestInstancePostProcessors$1(ClassBasedTestDescriptor.java:423)
	at org.junit.jupiter.engine.descriptor.ClassBasedTestDescriptor.executeAndMaskThrowable(ClassBasedTestDescriptor.java:428)
	at org.junit.jupiter.engine.descriptor.ClassBasedTestDescriptor.lambda$invokeTestInstancePostProcessors$0(ClassBasedTestDescriptor.java:422)
	at java.base/java.util.stream.ForEachOps$ForEachOp$OfRef.accept(ForEachOps.java:184)
	at java.base/java.util.stream.ReferencePipeline$3$1.accept(ReferencePipeline.java:197)
	at java.base/java.util.stream.ReferencePipeline$2$1.accept(ReferencePipeline.java:179)
	at java.base/java.util.stream.ReferencePipeline$3$1.accept(ReferencePipeline.java:197)
	at java.base/java.util.ArrayList$ArrayListSpliterator.forEachRemaining(ArrayList.java:1708)
	at java.base/java.util.stream.AbstractPipeline.copyInto(AbstractPipeline.java:509)
	at java.base/java.util.stream.AbstractPipeline.wrapAndCopyInto(AbstractPipeline.java:499)
	at java.base/java.util.stream.ForEachOps$ForEachOp.evaluateSequential(ForEachOps.java:151)
	at java.base/java.util.stream.ForEachOps$ForEachOp$OfRef.evaluateSequential(ForEachOps.java:174)
	at java.base/java.util.stream.AbstractPipeline.evaluate(AbstractPipeline.java:234)
	at java.base/java.util.stream.ReferencePipeline.forEach(ReferencePipeline.java:596)
	at org.junit.jupiter.engine.descriptor.ClassBasedTestDescriptor.invokeTestInstancePostProcessors(ClassBasedTestDescriptor.java:422)
	at org.junit.jupiter.engine.descriptor.ClassBasedTestDescriptor.lambda$instantiateAndPostProcessTestInstance$0(ClassBasedTestDescriptor.java:334)
	at org.junit.platform.engine.support.hierarchical.ThrowableCollector.execute(ThrowableCollector.java:74)
	at org.junit.jupiter.engine.descriptor.ClassBasedTestDescriptor.instantiateAndPostProcessTestInstance(ClassBasedTestDescriptor.java:333)
	at org.junit.jupiter.engine.descriptor.ClassBasedTestDescriptor.lambda$testInstancesProvider$1(ClassBasedTestDescriptor.java:322)
	at java.base/java.util.Optional.orElseGet(Optional.java:364)
	at org.junit.jupiter.engine.descriptor.ClassBasedTestDescriptor.lambda$testInstancesProvider$0(ClassBasedTestDescriptor.java:321)
	at org.junit.jupiter.engine.execution.TestInstancesProvider.getTestInstances(TestInstancesProvider.java:27)
	at org.junit.jupiter.engine.descriptor.TestMethodTestDescriptor.lambda$prepare$0(TestMethodTestDescriptor.java:127)
	at org.junit.platform.engine.support.hierarchical.ThrowableCollector.execute(ThrowableCollector.java:74)
	at org.junit.jupiter.engine.descriptor.TestMethodTestDescriptor.prepare(TestMethodTestDescriptor.java:126)
	at org.junit.jupiter.engine.descriptor.TestMethodTestDescriptor.prepare(TestMethodTestDescriptor.java:70)
	at org.junit.platform.engine.support.hierarchical.NodeTestTask.lambda$prepare$0(NodeTestTask.java:144)
	at org.junit.platform.engine.support.hierarchical.ThrowableCollector.execute(ThrowableCollector.java:74)
	at org.junit.platform.engine.support.hierarchical.NodeTestTask.prepare(NodeTestTask.java:144)
	at org.junit.platform.engine.support.hierarchical.NodeTestTask.execute(NodeTestTask.java:110)
	at java.base/java.util.ArrayList.forEach(ArrayList.java:1596)
	at org.junit.platform.engine.support.hierarchical.SameThreadHierarchicalTestExecutorService.invokeAll(SameThreadHierarchicalTestExecutorService.java:42)
	at org.junit.platform.engine.support.hierarchical.NodeTestTask.lambda$executeRecursively$2(NodeTestTask.java:180)
	at org.junit.platform.engine.support.hierarchical.ThrowableCollector.execute(ThrowableCollector.java:74)
	at org.junit.platform.engine.support.hierarchical.NodeTestTask.lambda$executeRecursively$1(NodeTestTask.java:166)
	at org.junit.platform.engine.support.hierarchical.Node.around(Node.java:138)
	at org.junit.platform.engine.support.hierarchical.NodeTestTask.lambda$executeRecursively$0(NodeTestTask.java:164)
	at org.junit.platform.engine.support.hierarchical.ThrowableCollector.execute(ThrowableCollector.java:74)
	at org.junit.platform.engine.support.hierarchical.NodeTestTask.executeRecursively(NodeTestTask.java:163)
	at org.junit.platform.engine.support.hierarchical.NodeTestTask.execute(NodeTestTask.java:116)
	at java.base/java.util.ArrayList.forEach(ArrayList.java:1596)
	at org.junit.platform.engine.support.hierarchical.SameThreadHierarchicalTestExecutorService.invokeAll(SameThreadHierarchicalTestExecutorService.java:42)
	at org.junit.platform.engine.support.hierarchical.NodeTestTask.lambda$executeRecursively$2(NodeTestTask.java:180)
	at org.junit.platform.engine.support.hierarchical.ThrowableCollector.execute(ThrowableCollector.java:74)
	at org.junit.platform.engine.support.hierarchical.NodeTestTask.lambda$executeRecursively$1(NodeTestTask.java:166)
	at org.junit.platform.engine.support.hierarchical.Node.around(Node.java:138)
	at org.junit.platform.engine.support.hierarchical.NodeTestTask.lambda$executeRecursively$0(NodeTestTask.java:164)
	at org.junit.platform.engine.support.hierarchical.ThrowableCollector.execute(ThrowableCollector.java:74)
	at org.junit.platform.engine.support.hierarchical.NodeTestTask.executeRecursively(NodeTestTask.java:163)
	at org.junit.platform.engine.support.hierarchical.NodeTestTask.execute(NodeTestTask.java:116)
	at org.junit.platform.engine.support.hierarchical.SameThreadHierarchicalTestExecutorService.submit(SameThreadHierarchicalTestExecutorService.java:36)
	at org.junit.platform.engine.support.hierarchical.HierarchicalTestExecutor.execute(HierarchicalTestExecutor.java:52)
	at org.junit.platform.engine.support.hierarchical.HierarchicalTestEngine.execute(HierarchicalTestEngine.java:58)
	at org.junit.platform.launcher.core.EngineExecutionOrchestrator.executeEngine(EngineExecutionOrchestrator.java:246)
	at org.junit.platform.launcher.core.EngineExecutionOrchestrator.failOrExecuteEngine(EngineExecutionOrchestrator.java:218)
	at org.junit.platform.launcher.core.EngineExecutionOrchestrator.execute(EngineExecutionOrchestrator.java:179)
	at org.junit.platform.launcher.core.EngineExecutionOrchestrator.execute(EngineExecutionOrchestrator.java:108)
	at org.junit.platform.launcher.core.EngineExecutionOrchestrator.lambda$execute$0(EngineExecutionOrchestrator.java:66)
	at org.junit.platform.launcher.core.EngineExecutionOrchestrator.withInterceptedStreams(EngineExecutionOrchestrator.java:157)
	at org.junit.platform.launcher.core.EngineExecutionOrchestrator.execute(EngineExecutionOrchestrator.java:65)
	at org.junit.platform.launcher.core.DefaultLauncher.execute(DefaultLauncher.java:125)
	at org.junit.platform.launcher.core.DefaultLauncher.execute(DefaultLauncher.java:114)
	at org.junit.platform.launcher.core.DelegatingLauncher.execute(DelegatingLauncher.java:58)
	at org.junit.platform.launcher.core.InterceptingLauncher.lambda$execute$2(InterceptingLauncher.java:57)
	at org.junit.platform.launcher.core.ClasspathAlignmentCheckingLauncherInterceptor.intercept(ClasspathAlignmentCheckingLauncherInterceptor.java:25)
	at org.junit.platform.launcher.core.InterceptingLauncher.execute(InterceptingLauncher.java:56)
	at org.junit.platform.launcher.core.DelegatingLauncher.execute(DelegatingLauncher.java:58)
	at org.junit.platform.launcher.core.SessionPerRequestLauncher.execute(SessionPerRequestLauncher.java:81)
	at com.intellij.junit6.JUnit6TestRunnerHelper.execute(JUnit6TestRunnerHelper.java:69)
	at com.intellij.junit5.JUnit5IdeaTestRunner.startRunnerWithArgs(JUnit5IdeaTestRunner.java:70)
	at com.intellij.rt.junit.IdeaTestRunner$Repeater$1.execute(IdeaTestRunner.java:38)
	at com.intellij.rt.execution.junit.TestsRepeater.repeat(TestsRepeater.java:11)
	at com.intellij.rt.junit.IdeaTestRunner$Repeater.startRunnerWithArgs(IdeaTestRunner.java:35)
	at com.intellij.rt.junit.JUnitStarter.prepareStreamsAndStart(JUnitStarter.java:225)
	at com.intellij.rt.junit.JUnitStarter.main(JUnitStarter.java:61)
2026-06-24 21:34:37 WARN  o.springframework.test.context.TestContextManager - Caught exception while allowing TestExecutionListener [org.springframework.test.context.bean.override.BeanOverrideTestExecutionListener] to prepare test instance [com.example.libreriaMarketCatalogService.controllerV2.ProductoControllerV2Test@166e5a6d]
java.lang.IllegalStateException: ApplicationContext failure threshold (1) exceeded: skipping repeated attempt to load context for [WebMergedContextConfiguration@48fc0211 testClass = com.example.libreriaMarketCatalogService.controllerV2.ProductoControllerV2Test, locations = [], classes = [com.example.libreriaMarketCatalogService.LibreriaMarketCatalogServiceApplication], contextInitializerClasses = [], activeProfiles = [], propertySourceDescriptors = [], propertySourceProperties = ["org.springframework.boot.webmvc.test.autoconfigure.WebMvcTestContextBootstrapper=true"], contextCustomizers = [[ImportsContextCustomizer@3ae2702a key = [org.springframework.boot.hateoas.autoconfigure.HypermediaAutoConfiguration, org.springframework.boot.jackson2.autoconfigure.Jackson2AutoConfiguration, org.springframework.boot.autoconfigure.task.TaskExecutionAutoConfiguration, org.springframework.boot.webmvc.test.autoconfigure.MockMvcWebDriverAutoConfiguration, org.springframework.boot.security.autoconfigure.SecurityAutoConfiguration, org.springframework.boot.autoconfigure.context.MessageSourceAutoConfiguration, org.springframework.boot.security.autoconfigure.web.servlet.SecurityFilterAutoConfiguration, org.springframework.boot.data.autoconfigure.web.DataWebAutoConfiguration, org.springframework.boot.webmvc.autoconfigure.error.ErrorMvcAutoConfiguration, org.springframework.boot.validation.autoconfigure.ValidationAutoConfiguration, org.springframework.boot.webmvc.autoconfigure.WebMvcAutoConfiguration, org.springframework.boot.security.test.autoconfigure.webmvc.SecurityMockMvcAutoConfiguration, org.springframework.boot.http.converter.autoconfigure.HttpMessageConvertersAutoConfiguration, org.springframework.boot.jackson.autoconfigure.JacksonAutoConfiguration, org.springframework.boot.webmvc.test.autoconfigure.MockMvcWebClientAutoConfiguration, org.springframework.boot.servlet.autoconfigure.HttpEncodingAutoConfiguration, org.springframework.boot.security.autoconfigure.UserDetailsServiceAutoConfiguration, org.springframework.boot.webmvc.test.autoconfigure.MockMvcAutoConfiguration]], org.springframework.boot.test.context.PropertyMappingContextCustomizer@2d298995, org.springframework.boot.test.context.filter.ExcludeFilterContextCustomizer@47428937, org.springframework.boot.test.context.filter.annotation.TypeExcludeFiltersContextCustomizer@7be4c24a, org.springframework.boot.test.json.DuplicateJsonObjectContextCustomizerFactory$DuplicateJsonObjectContextCustomizer@780ec4a5, org.springframework.boot.test.autoconfigure.OnFailureConditionReportContextCustomizerFactory$OnFailureConditionReportContextCustomizer@548e76f1, org.springframework.boot.test.autoconfigure.OverrideAutoConfigurationContextCustomizerFactory$DisableAutoConfigurationContextCustomizer@3aa3193a, org.springframework.test.context.bean.override.BeanOverrideContextCustomizer@ba01a2b3, org.springframework.test.context.support.DynamicPropertiesContextCustomizer@0, org.springframework.boot.webmvc.test.autoconfigure.WebDriverContextCustomizer@27cf3151, org.springframework.boot.web.server.context.SpringBootTestRandomPortContextCustomizerFactory$Customizer@4108fa66, org.springframework.boot.test.context.SpringBootTestAnnotation@e0f3fb2a], resourceBasePath = "src/main/webapp", contextLoader = org.springframework.boot.test.context.SpringBootContextLoader, parent = null]
	at org.springframework.test.context.cache.DefaultCacheAwareContextLoaderDelegate.loadContext(DefaultCacheAwareContextLoaderDelegate.java:157)
	at org.springframework.test.context.support.DefaultTestContext.getApplicationContext(DefaultTestContext.java:128)
	at org.springframework.test.context.bean.override.BeanOverrideTestExecutionListener.injectFields(BeanOverrideTestExecutionListener.java:107)
	at org.springframework.test.context.bean.override.BeanOverrideTestExecutionListener.prepareTestInstance(BeanOverrideTestExecutionListener.java:70)
	at org.springframework.test.context.TestContextManager.prepareTestInstance(TestContextManager.java:260)
	at org.springframework.test.context.junit.jupiter.SpringExtension.postProcessTestInstance(SpringExtension.java:203)
	at org.junit.jupiter.engine.descriptor.ClassBasedTestDescriptor.lambda$invokeTestInstancePostProcessors$1(ClassBasedTestDescriptor.java:423)
	at org.junit.jupiter.engine.descriptor.ClassBasedTestDescriptor.executeAndMaskThrowable(ClassBasedTestDescriptor.java:428)
	at org.junit.jupiter.engine.descriptor.ClassBasedTestDescriptor.lambda$invokeTestInstancePostProcessors$0(ClassBasedTestDescriptor.java:422)
	at java.base/java.util.stream.ForEachOps$ForEachOp$OfRef.accept(ForEachOps.java:184)
	at java.base/java.util.stream.ReferencePipeline$3$1.accept(ReferencePipeline.java:197)
	at java.base/java.util.stream.ReferencePipeline$2$1.accept(ReferencePipeline.java:179)
	at java.base/java.util.stream.ReferencePipeline$3$1.accept(ReferencePipeline.java:197)
	at java.base/java.util.ArrayList$ArrayListSpliterator.forEachRemaining(ArrayList.java:1708)
	at java.base/java.util.stream.AbstractPipeline.copyInto(AbstractPipeline.java:509)
	at java.base/java.util.stream.AbstractPipeline.wrapAndCopyInto(AbstractPipeline.java:499)
	at java.base/java.util.stream.ForEachOps$ForEachOp.evaluateSequential(ForEachOps.java:151)
	at java.base/java.util.stream.ForEachOps$ForEachOp$OfRef.evaluateSequential(ForEachOps.java:174)
	at java.base/java.util.stream.AbstractPipeline.evaluate(AbstractPipeline.java:234)
	at java.base/java.util.stream.ReferencePipeline.forEach(ReferencePipeline.java:596)
	at org.junit.jupiter.engine.descriptor.ClassBasedTestDescriptor.invokeTestInstancePostProcessors(ClassBasedTestDescriptor.java:422)
	at org.junit.jupiter.engine.descriptor.ClassBasedTestDescriptor.lambda$instantiateAndPostProcessTestInstance$0(ClassBasedTestDescriptor.java:334)
	at org.junit.platform.engine.support.hierarchical.ThrowableCollector.execute(ThrowableCollector.java:74)
	at org.junit.jupiter.engine.descriptor.ClassBasedTestDescriptor.instantiateAndPostProcessTestInstance(ClassBasedTestDescriptor.java:333)
	at org.junit.jupiter.engine.descriptor.ClassBasedTestDescriptor.lambda$testInstancesProvider$1(ClassBasedTestDescriptor.java:322)
	at java.base/java.util.Optional.orElseGet(Optional.java:364)
	at org.junit.jupiter.engine.descriptor.ClassBasedTestDescriptor.lambda$testInstancesProvider$0(ClassBasedTestDescriptor.java:321)
	at org.junit.jupiter.engine.execution.TestInstancesProvider.getTestInstances(TestInstancesProvider.java:27)
	at org.junit.jupiter.engine.descriptor.TestMethodTestDescriptor.lambda$prepare$0(TestMethodTestDescriptor.java:127)
	at org.junit.platform.engine.support.hierarchical.ThrowableCollector.execute(ThrowableCollector.java:74)
	at org.junit.jupiter.engine.descriptor.TestMethodTestDescriptor.prepare(TestMethodTestDescriptor.java:126)
	at org.junit.jupiter.engine.descriptor.TestMethodTestDescriptor.prepare(TestMethodTestDescriptor.java:70)
	at org.junit.platform.engine.support.hierarchical.NodeTestTask.lambda$prepare$0(NodeTestTask.java:144)
	at org.junit.platform.engine.support.hierarchical.ThrowableCollector.execute(ThrowableCollector.java:74)
	at org.junit.platform.engine.support.hierarchical.NodeTestTask.prepare(NodeTestTask.java:144)
	at org.junit.platform.engine.support.hierarchical.NodeTestTask.execute(NodeTestTask.java:110)
	at java.base/java.util.ArrayList.forEach(ArrayList.java:1596)
	at org.junit.platform.engine.support.hierarchical.SameThreadHierarchicalTestExecutorService.invokeAll(SameThreadHierarchicalTestExecutorService.java:42)
	at org.junit.platform.engine.support.hierarchical.NodeTestTask.lambda$executeRecursively$2(NodeTestTask.java:180)
	at org.junit.platform.engine.support.hierarchical.ThrowableCollector.execute(ThrowableCollector.java:74)
	at org.junit.platform.engine.support.hierarchical.NodeTestTask.lambda$executeRecursively$1(NodeTestTask.java:166)
	at org.junit.platform.engine.support.hierarchical.Node.around(Node.java:138)
	at org.junit.platform.engine.support.hierarchical.NodeTestTask.lambda$executeRecursively$0(NodeTestTask.java:164)
	at org.junit.platform.engine.support.hierarchical.ThrowableCollector.execute(ThrowableCollector.java:74)
	at org.junit.platform.engine.support.hierarchical.NodeTestTask.executeRecursively(NodeTestTask.java:163)
	at org.junit.platform.engine.support.hierarchical.NodeTestTask.execute(NodeTestTask.java:116)
	at java.base/java.util.ArrayList.forEach(ArrayList.java:1596)
	at org.junit.platform.engine.support.hierarchical.SameThreadHierarchicalTestExecutorService.invokeAll(SameThreadHierarchicalTestExecutorService.java:42)
	at org.junit.platform.engine.support.hierarchical.NodeTestTask.lambda$executeRecursively$2(NodeTestTask.java:180)
	at org.junit.platform.engine.support.hierarchical.ThrowableCollector.execute(ThrowableCollector.java:74)
	at org.junit.platform.engine.support.hierarchical.NodeTestTask.lambda$executeRecursively$1(NodeTestTask.java:166)
	at org.junit.platform.engine.support.hierarchical.Node.around(Node.java:138)
	at org.junit.platform.engine.support.hierarchical.NodeTestTask.lambda$executeRecursively$0(NodeTestTask.java:164)
	at org.junit.platform.engine.support.hierarchical.ThrowableCollector.execute(ThrowableCollector.java:74)
	at org.junit.platform.engine.support.hierarchical.NodeTestTask.executeRecursively(NodeTestTask.java:163)
	at org.junit.platform.engine.support.hierarchical.NodeTestTask.execute(NodeTestTask.java:116)
	at org.junit.platform.engine.support.hierarchical.SameThreadHierarchicalTestExecutorService.submit(SameThreadHierarchicalTestExecutorService.java:36)
	at org.junit.platform.engine.support.hierarchical.HierarchicalTestExecutor.execute(HierarchicalTestExecutor.java:52)
	at org.junit.platform.engine.support.hierarchical.HierarchicalTestEngine.execute(HierarchicalTestEngine.java:58)
	at org.junit.platform.launcher.core.EngineExecutionOrchestrator.executeEngine(EngineExecutionOrchestrator.java:246)
	at org.junit.platform.launcher.core.EngineExecutionOrchestrator.failOrExecuteEngine(EngineExecutionOrchestrator.java:218)
	at org.junit.platform.launcher.core.EngineExecutionOrchestrator.execute(EngineExecutionOrchestrator.java:179)
	at org.junit.platform.launcher.core.EngineExecutionOrchestrator.execute(EngineExecutionOrchestrator.java:108)
	at org.junit.platform.launcher.core.EngineExecutionOrchestrator.lambda$execute$0(EngineExecutionOrchestrator.java:66)
	at org.junit.platform.launcher.core.EngineExecutionOrchestrator.withInterceptedStreams(EngineExecutionOrchestrator.java:157)
	at org.junit.platform.launcher.core.EngineExecutionOrchestrator.execute(EngineExecutionOrchestrator.java:65)
	at org.junit.platform.launcher.core.DefaultLauncher.execute(DefaultLauncher.java:125)
	at org.junit.platform.launcher.core.DefaultLauncher.execute(DefaultLauncher.java:114)
	at org.junit.platform.launcher.core.DelegatingLauncher.execute(DelegatingLauncher.java:58)
	at org.junit.platform.launcher.core.InterceptingLauncher.lambda$execute$2(InterceptingLauncher.java:57)
	at org.junit.platform.launcher.core.ClasspathAlignmentCheckingLauncherInterceptor.intercept(ClasspathAlignmentCheckingLauncherInterceptor.java:25)
	at org.junit.platform.launcher.core.InterceptingLauncher.execute(InterceptingLauncher.java:56)
	at org.junit.platform.launcher.core.DelegatingLauncher.execute(DelegatingLauncher.java:58)
	at org.junit.platform.launcher.core.SessionPerRequestLauncher.execute(SessionPerRequestLauncher.java:81)
	at com.intellij.junit6.JUnit6TestRunnerHelper.execute(JUnit6TestRunnerHelper.java:69)
	at com.intellij.junit5.JUnit5IdeaTestRunner.startRunnerWithArgs(JUnit5IdeaTestRunner.java:70)
	at com.intellij.rt.junit.IdeaTestRunner$Repeater$1.execute(IdeaTestRunner.java:38)
	at com.intellij.rt.execution.junit.TestsRepeater.repeat(TestsRepeater.java:11)
	at com.intellij.rt.junit.IdeaTestRunner$Repeater.startRunnerWithArgs(IdeaTestRunner.java:35)
	at com.intellij.rt.junit.JUnitStarter.prepareStreamsAndStart(JUnitStarter.java:225)
	at com.intellij.rt.junit.JUnitStarter.main(JUnitStarter.java:61)
2026-06-24 21:34:37 WARN  o.springframework.test.context.TestContextManager - Caught exception while allowing TestExecutionListener [org.springframework.test.context.bean.override.BeanOverrideTestExecutionListener] to prepare test instance [com.example.libreriaMarketCatalogService.controllerV2.ProductoControllerV2Test@284d4885]
java.lang.IllegalStateException: ApplicationContext failure threshold (1) exceeded: skipping repeated attempt to load context for [WebMergedContextConfiguration@48fc0211 testClass = com.example.libreriaMarketCatalogService.controllerV2.ProductoControllerV2Test, locations = [], classes = [com.example.libreriaMarketCatalogService.LibreriaMarketCatalogServiceApplication], contextInitializerClasses = [], activeProfiles = [], propertySourceDescriptors = [], propertySourceProperties = ["org.springframework.boot.webmvc.test.autoconfigure.WebMvcTestContextBootstrapper=true"], contextCustomizers = [[ImportsContextCustomizer@3ae2702a key = [org.springframework.boot.hateoas.autoconfigure.HypermediaAutoConfiguration, org.springframework.boot.jackson2.autoconfigure.Jackson2AutoConfiguration, org.springframework.boot.autoconfigure.task.TaskExecutionAutoConfiguration, org.springframework.boot.webmvc.test.autoconfigure.MockMvcWebDriverAutoConfiguration, org.springframework.boot.security.autoconfigure.SecurityAutoConfiguration, org.springframework.boot.autoconfigure.context.MessageSourceAutoConfiguration, org.springframework.boot.security.autoconfigure.web.servlet.SecurityFilterAutoConfiguration, org.springframework.boot.data.autoconfigure.web.DataWebAutoConfiguration, org.springframework.boot.webmvc.autoconfigure.error.ErrorMvcAutoConfiguration, org.springframework.boot.validation.autoconfigure.ValidationAutoConfiguration, org.springframework.boot.webmvc.autoconfigure.WebMvcAutoConfiguration, org.springframework.boot.security.test.autoconfigure.webmvc.SecurityMockMvcAutoConfiguration, org.springframework.boot.http.converter.autoconfigure.HttpMessageConvertersAutoConfiguration, org.springframework.boot.jackson.autoconfigure.JacksonAutoConfiguration, org.springframework.boot.webmvc.test.autoconfigure.MockMvcWebClientAutoConfiguration, org.springframework.boot.servlet.autoconfigure.HttpEncodingAutoConfiguration, org.springframework.boot.security.autoconfigure.UserDetailsServiceAutoConfiguration, org.springframework.boot.webmvc.test.autoconfigure.MockMvcAutoConfiguration]], org.springframework.boot.test.context.PropertyMappingContextCustomizer@2d298995, org.springframework.boot.test.context.filter.ExcludeFilterContextCustomizer@47428937, org.springframework.boot.test.context.filter.annotation.TypeExcludeFiltersContextCustomizer@7be4c24a, org.springframework.boot.test.json.DuplicateJsonObjectContextCustomizerFactory$DuplicateJsonObjectContextCustomizer@780ec4a5, org.springframework.boot.test.autoconfigure.OnFailureConditionReportContextCustomizerFactory$OnFailureConditionReportContextCustomizer@548e76f1, org.springframework.boot.test.autoconfigure.OverrideAutoConfigurationContextCustomizerFactory$DisableAutoConfigurationContextCustomizer@3aa3193a, org.springframework.test.context.bean.override.BeanOverrideContextCustomizer@ba01a2b3, org.springframework.test.context.support.DynamicPropertiesContextCustomizer@0, org.springframework.boot.webmvc.test.autoconfigure.WebDriverContextCustomizer@27cf3151, org.springframework.boot.web.server.context.SpringBootTestRandomPortContextCustomizerFactory$Customizer@4108fa66, org.springframework.boot.test.context.SpringBootTestAnnotation@e0f3fb2a], resourceBasePath = "src/main/webapp", contextLoader = org.springframework.boot.test.context.SpringBootContextLoader, parent = null]
	at org.springframework.test.context.cache.DefaultCacheAwareContextLoaderDelegate.loadContext(DefaultCacheAwareContextLoaderDelegate.java:157)
	at org.springframework.test.context.support.DefaultTestContext.getApplicationContext(DefaultTestContext.java:128)
	at org.springframework.test.context.bean.override.BeanOverrideTestExecutionListener.injectFields(BeanOverrideTestExecutionListener.java:107)
	at org.springframework.test.context.bean.override.BeanOverrideTestExecutionListener.prepareTestInstance(BeanOverrideTestExecutionListener.java:70)
	at org.springframework.test.context.TestContextManager.prepareTestInstance(TestContextManager.java:260)
	at org.springframework.test.context.junit.jupiter.SpringExtension.postProcessTestInstance(SpringExtension.java:203)
	at org.junit.jupiter.engine.descriptor.ClassBasedTestDescriptor.lambda$invokeTestInstancePostProcessors$1(ClassBasedTestDescriptor.java:423)
	at org.junit.jupiter.engine.descriptor.ClassBasedTestDescriptor.executeAndMaskThrowable(ClassBasedTestDescriptor.java:428)
	at org.junit.jupiter.engine.descriptor.ClassBasedTestDescriptor.lambda$invokeTestInstancePostProcessors$0(ClassBasedTestDescriptor.java:422)
	at java.base/java.util.stream.ForEachOps$ForEachOp$OfRef.accept(ForEachOps.java:184)
	at java.base/java.util.stream.ReferencePipeline$3$1.accept(ReferencePipeline.java:197)
	at java.base/java.util.stream.ReferencePipeline$2$1.accept(ReferencePipeline.java:179)
	at java.base/java.util.stream.ReferencePipeline$3$1.accept(ReferencePipeline.java:197)
	at java.base/java.util.ArrayList$ArrayListSpliterator.forEachRemaining(ArrayList.java:1708)
	at java.base/java.util.stream.AbstractPipeline.copyInto(AbstractPipeline.java:509)
	at java.base/java.util.stream.AbstractPipeline.wrapAndCopyInto(AbstractPipeline.java:499)
	at java.base/java.util.stream.ForEachOps$ForEachOp.evaluateSequential(ForEachOps.java:151)
	at java.base/java.util.stream.ForEachOps$ForEachOp$OfRef.evaluateSequential(ForEachOps.java:174)
	at java.base/java.util.stream.AbstractPipeline.evaluate(AbstractPipeline.java:234)
	at java.base/java.util.stream.ReferencePipeline.forEach(ReferencePipeline.java:596)
	at org.junit.jupiter.engine.descriptor.ClassBasedTestDescriptor.invokeTestInstancePostProcessors(ClassBasedTestDescriptor.java:422)
	at org.junit.jupiter.engine.descriptor.ClassBasedTestDescriptor.lambda$instantiateAndPostProcessTestInstance$0(ClassBasedTestDescriptor.java:334)
	at org.junit.platform.engine.support.hierarchical.ThrowableCollector.execute(ThrowableCollector.java:74)
	at org.junit.jupiter.engine.descriptor.ClassBasedTestDescriptor.instantiateAndPostProcessTestInstance(ClassBasedTestDescriptor.java:333)
	at org.junit.jupiter.engine.descriptor.ClassBasedTestDescriptor.lambda$testInstancesProvider$1(ClassBasedTestDescriptor.java:322)
	at java.base/java.util.Optional.orElseGet(Optional.java:364)
	at org.junit.jupiter.engine.descriptor.ClassBasedTestDescriptor.lambda$testInstancesProvider$0(ClassBasedTestDescriptor.java:321)
	at org.junit.jupiter.engine.execution.TestInstancesProvider.getTestInstances(TestInstancesProvider.java:27)
	at org.junit.jupiter.engine.descriptor.TestMethodTestDescriptor.lambda$prepare$0(TestMethodTestDescriptor.java:127)
	at org.junit.platform.engine.support.hierarchical.ThrowableCollector.execute(ThrowableCollector.java:74)
	at org.junit.jupiter.engine.descriptor.TestMethodTestDescriptor.prepare(TestMethodTestDescriptor.java:126)
	at org.junit.jupiter.engine.descriptor.TestMethodTestDescriptor.prepare(TestMethodTestDescriptor.java:70)
	at org.junit.platform.engine.support.hierarchical.NodeTestTask.lambda$prepare$0(NodeTestTask.java:144)
	at org.junit.platform.engine.support.hierarchical.ThrowableCollector.execute(ThrowableCollector.java:74)
	at org.junit.platform.engine.support.hierarchical.NodeTestTask.prepare(NodeTestTask.java:144)
	at org.junit.platform.engine.support.hierarchical.NodeTestTask.execute(NodeTestTask.java:110)
	at java.base/java.util.ArrayList.forEach(ArrayList.java:1596)
	at org.junit.platform.engine.support.hierarchical.SameThreadHierarchicalTestExecutorService.invokeAll(SameThreadHierarchicalTestExecutorService.java:42)
	at org.junit.platform.engine.support.hierarchical.NodeTestTask.lambda$executeRecursively$2(NodeTestTask.java:180)
	at org.junit.platform.engine.support.hierarchical.ThrowableCollector.execute(ThrowableCollector.java:74)
	at org.junit.platform.engine.support.hierarchical.NodeTestTask.lambda$executeRecursively$1(NodeTestTask.java:166)
	at org.junit.platform.engine.support.hierarchical.Node.around(Node.java:138)
	at org.junit.platform.engine.support.hierarchical.NodeTestTask.lambda$executeRecursively$0(NodeTestTask.java:164)
	at org.junit.platform.engine.support.hierarchical.ThrowableCollector.execute(ThrowableCollector.java:74)
	at org.junit.platform.engine.support.hierarchical.NodeTestTask.executeRecursively(NodeTestTask.java:163)
	at org.junit.platform.engine.support.hierarchical.NodeTestTask.execute(NodeTestTask.java:116)
	at java.base/java.util.ArrayList.forEach(ArrayList.java:1596)
	at org.junit.platform.engine.support.hierarchical.SameThreadHierarchicalTestExecutorService.invokeAll(SameThreadHierarchicalTestExecutorService.java:42)
	at org.junit.platform.engine.support.hierarchical.NodeTestTask.lambda$executeRecursively$2(NodeTestTask.java:180)
	at org.junit.platform.engine.support.hierarchical.ThrowableCollector.execute(ThrowableCollector.java:74)
	at org.junit.platform.engine.support.hierarchical.NodeTestTask.lambda$executeRecursively$1(NodeTestTask.java:166)
	at org.junit.platform.engine.support.hierarchical.Node.around(Node.java:138)
	at org.junit.platform.engine.support.hierarchical.NodeTestTask.lambda$executeRecursively$0(NodeTestTask.java:164)
	at org.junit.platform.engine.support.hierarchical.ThrowableCollector.execute(ThrowableCollector.java:74)
	at org.junit.platform.engine.support.hierarchical.NodeTestTask.executeRecursively(NodeTestTask.java:163)
	at org.junit.platform.engine.support.hierarchical.NodeTestTask.execute(NodeTestTask.java:116)
	at org.junit.platform.engine.support.hierarchical.SameThreadHierarchicalTestExecutorService.submit(SameThreadHierarchicalTestExecutorService.java:36)
	at org.junit.platform.engine.support.hierarchical.HierarchicalTestExecutor.execute(HierarchicalTestExecutor.java:52)
	at org.junit.platform.engine.support.hierarchical.HierarchicalTestEngine.execute(HierarchicalTestEngine.java:58)
	at org.junit.platform.launcher.core.EngineExecutionOrchestrator.executeEngine(EngineExecutionOrchestrator.java:246)
	at org.junit.platform.launcher.core.EngineExecutionOrchestrator.failOrExecuteEngine(EngineExecutionOrchestrator.java:218)
	at org.junit.platform.launcher.core.EngineExecutionOrchestrator.execute(EngineExecutionOrchestrator.java:179)
	at org.junit.platform.launcher.core.EngineExecutionOrchestrator.execute(EngineExecutionOrchestrator.java:108)
	at org.junit.platform.launcher.core.EngineExecutionOrchestrator.lambda$execute$0(EngineExecutionOrchestrator.java:66)
	at org.junit.platform.launcher.core.EngineExecutionOrchestrator.withInterceptedStreams(EngineExecutionOrchestrator.java:157)
	at org.junit.platform.launcher.core.EngineExecutionOrchestrator.execute(EngineExecutionOrchestrator.java:65)
	at org.junit.platform.launcher.core.DefaultLauncher.execute(DefaultLauncher.java:125)
	at org.junit.platform.launcher.core.DefaultLauncher.execute(DefaultLauncher.java:114)
	at org.junit.platform.launcher.core.DelegatingLauncher.execute(DelegatingLauncher.java:58)
	at org.junit.platform.launcher.core.InterceptingLauncher.lambda$execute$2(InterceptingLauncher.java:57)
	at org.junit.platform.launcher.core.ClasspathAlignmentCheckingLauncherInterceptor.intercept(ClasspathAlignmentCheckingLauncherInterceptor.java:25)
	at org.junit.platform.launcher.core.InterceptingLauncher.execute(InterceptingLauncher.java:56)
	at org.junit.platform.launcher.core.DelegatingLauncher.execute(DelegatingLauncher.java:58)
	at org.junit.platform.launcher.core.SessionPerRequestLauncher.execute(SessionPerRequestLauncher.java:81)
	at com.intellij.junit6.JUnit6TestRunnerHelper.execute(JUnit6TestRunnerHelper.java:69)
	at com.intellij.junit5.JUnit5IdeaTestRunner.startRunnerWithArgs(JUnit5IdeaTestRunner.java:70)
	at com.intellij.rt.junit.IdeaTestRunner$Repeater$1.execute(IdeaTestRunner.java:38)
	at com.intellij.rt.execution.junit.TestsRepeater.repeat(TestsRepeater.java:11)
	at com.intellij.rt.junit.IdeaTestRunner$Repeater.startRunnerWithArgs(IdeaTestRunner.java:35)
	at com.intellij.rt.junit.JUnitStarter.prepareStreamsAndStart(JUnitStarter.java:225)
	at com.intellij.rt.junit.JUnitStarter.main(JUnitStarter.java:61)
2026-06-24 21:34:37 WARN  o.springframework.test.context.TestContextManager - Caught exception while allowing TestExecutionListener [org.springframework.test.context.bean.override.BeanOverrideTestExecutionListener] to prepare test instance [com.example.libreriaMarketCatalogService.controllerV2.ProductoControllerV2Test@31b741e2]
java.lang.IllegalStateException: ApplicationContext failure threshold (1) exceeded: skipping repeated attempt to load context for [WebMergedContextConfiguration@48fc0211 testClass = com.example.libreriaMarketCatalogService.controllerV2.ProductoControllerV2Test, locations = [], classes = [com.example.libreriaMarketCatalogService.LibreriaMarketCatalogServiceApplication], contextInitializerClasses = [], activeProfiles = [], propertySourceDescriptors = [], propertySourceProperties = ["org.springframework.boot.webmvc.test.autoconfigure.WebMvcTestContextBootstrapper=true"], contextCustomizers = [[ImportsContextCustomizer@3ae2702a key = [org.springframework.boot.hateoas.autoconfigure.HypermediaAutoConfiguration, org.springframework.boot.jackson2.autoconfigure.Jackson2AutoConfiguration, org.springframework.boot.autoconfigure.task.TaskExecutionAutoConfiguration, org.springframework.boot.webmvc.test.autoconfigure.MockMvcWebDriverAutoConfiguration, org.springframework.boot.security.autoconfigure.SecurityAutoConfiguration, org.springframework.boot.autoconfigure.context.MessageSourceAutoConfiguration, org.springframework.boot.security.autoconfigure.web.servlet.SecurityFilterAutoConfiguration, org.springframework.boot.data.autoconfigure.web.DataWebAutoConfiguration, org.springframework.boot.webmvc.autoconfigure.error.ErrorMvcAutoConfiguration, org.springframework.boot.validation.autoconfigure.ValidationAutoConfiguration, org.springframework.boot.webmvc.autoconfigure.WebMvcAutoConfiguration, org.springframework.boot.security.test.autoconfigure.webmvc.SecurityMockMvcAutoConfiguration, org.springframework.boot.http.converter.autoconfigure.HttpMessageConvertersAutoConfiguration, org.springframework.boot.jackson.autoconfigure.JacksonAutoConfiguration, org.springframework.boot.webmvc.test.autoconfigure.MockMvcWebClientAutoConfiguration, org.springframework.boot.servlet.autoconfigure.HttpEncodingAutoConfiguration, org.springframework.boot.security.autoconfigure.UserDetailsServiceAutoConfiguration, org.springframework.boot.webmvc.test.autoconfigure.MockMvcAutoConfiguration]], org.springframework.boot.test.context.PropertyMappingContextCustomizer@2d298995, org.springframework.boot.test.context.filter.ExcludeFilterContextCustomizer@47428937, org.springframework.boot.test.context.filter.annotation.TypeExcludeFiltersContextCustomizer@7be4c24a, org.springframework.boot.test.json.DuplicateJsonObjectContextCustomizerFactory$DuplicateJsonObjectContextCustomizer@780ec4a5, org.springframework.boot.test.autoconfigure.OnFailureConditionReportContextCustomizerFactory$OnFailureConditionReportContextCustomizer@548e76f1, org.springframework.boot.test.autoconfigure.OverrideAutoConfigurationContextCustomizerFactory$DisableAutoConfigurationContextCustomizer@3aa3193a, org.springframework.test.context.bean.override.BeanOverrideContextCustomizer@ba01a2b3, org.springframework.test.context.support.DynamicPropertiesContextCustomizer@0, org.springframework.boot.webmvc.test.autoconfigure.WebDriverContextCustomizer@27cf3151, org.springframework.boot.web.server.context.SpringBootTestRandomPortContextCustomizerFactory$Customizer@4108fa66, org.springframework.boot.test.context.SpringBootTestAnnotation@e0f3fb2a], resourceBasePath = "src/main/webapp", contextLoader = org.springframework.boot.test.context.SpringBootContextLoader, parent = null]
	at org.springframework.test.context.cache.DefaultCacheAwareContextLoaderDelegate.loadContext(DefaultCacheAwareContextLoaderDelegate.java:157)
	at org.springframework.test.context.support.DefaultTestContext.getApplicationContext(DefaultTestContext.java:128)
	at org.springframework.test.context.bean.override.BeanOverrideTestExecutionListener.injectFields(BeanOverrideTestExecutionListener.java:107)
	at org.springframework.test.context.bean.override.BeanOverrideTestExecutionListener.prepareTestInstance(BeanOverrideTestExecutionListener.java:70)
	at org.springframework.test.context.TestContextManager.prepareTestInstance(TestContextManager.java:260)
	at org.springframework.test.context.junit.jupiter.SpringExtension.postProcessTestInstance(SpringExtension.java:203)
	at org.junit.jupiter.engine.descriptor.ClassBasedTestDescriptor.lambda$invokeTestInstancePostProcessors$1(ClassBasedTestDescriptor.java:423)
	at org.junit.jupiter.engine.descriptor.ClassBasedTestDescriptor.executeAndMaskThrowable(ClassBasedTestDescriptor.java:428)
	at org.junit.jupiter.engine.descriptor.ClassBasedTestDescriptor.lambda$invokeTestInstancePostProcessors$0(ClassBasedTestDescriptor.java:422)
	at java.base/java.util.stream.ForEachOps$ForEachOp$OfRef.accept(ForEachOps.java:184)
	at java.base/java.util.stream.ReferencePipeline$3$1.accept(ReferencePipeline.java:197)
	at java.base/java.util.stream.ReferencePipeline$2$1.accept(ReferencePipeline.java:179)
	at java.base/java.util.stream.ReferencePipeline$3$1.accept(ReferencePipeline.java:197)
	at java.base/java.util.ArrayList$ArrayListSpliterator.forEachRemaining(ArrayList.java:1708)
	at java.base/java.util.stream.AbstractPipeline.copyInto(AbstractPipeline.java:509)
	at java.base/java.util.stream.AbstractPipeline.wrapAndCopyInto(AbstractPipeline.java:499)
	at java.base/java.util.stream.ForEachOps$ForEachOp.evaluateSequential(ForEachOps.java:151)
	at java.base/java.util.stream.ForEachOps$ForEachOp$OfRef.evaluateSequential(ForEachOps.java:174)
	at java.base/java.util.stream.AbstractPipeline.evaluate(AbstractPipeline.java:234)
	at java.base/java.util.stream.ReferencePipeline.forEach(ReferencePipeline.java:596)
	at org.junit.jupiter.engine.descriptor.ClassBasedTestDescriptor.invokeTestInstancePostProcessors(ClassBasedTestDescriptor.java:422)
	at org.junit.jupiter.engine.descriptor.ClassBasedTestDescriptor.lambda$instantiateAndPostProcessTestInstance$0(ClassBasedTestDescriptor.java:334)
	at org.junit.platform.engine.support.hierarchical.ThrowableCollector.execute(ThrowableCollector.java:74)
	at org.junit.jupiter.engine.descriptor.ClassBasedTestDescriptor.instantiateAndPostProcessTestInstance(ClassBasedTestDescriptor.java:333)
	at org.junit.jupiter.engine.descriptor.ClassBasedTestDescriptor.lambda$testInstancesProvider$1(ClassBasedTestDescriptor.java:322)
	at java.base/java.util.Optional.orElseGet(Optional.java:364)
	at org.junit.jupiter.engine.descriptor.ClassBasedTestDescriptor.lambda$testInstancesProvider$0(ClassBasedTestDescriptor.java:321)
	at org.junit.jupiter.engine.execution.TestInstancesProvider.getTestInstances(TestInstancesProvider.java:27)
	at org.junit.jupiter.engine.descriptor.TestMethodTestDescriptor.lambda$prepare$0(TestMethodTestDescriptor.java:127)
	at org.junit.platform.engine.support.hierarchical.ThrowableCollector.execute(ThrowableCollector.java:74)
	at org.junit.jupiter.engine.descriptor.TestMethodTestDescriptor.prepare(TestMethodTestDescriptor.java:126)
	at org.junit.jupiter.engine.descriptor.TestMethodTestDescriptor.prepare(TestMethodTestDescriptor.java:70)
	at org.junit.platform.engine.support.hierarchical.NodeTestTask.lambda$prepare$0(NodeTestTask.java:144)
	at org.junit.platform.engine.support.hierarchical.ThrowableCollector.execute(ThrowableCollector.java:74)
	at org.junit.platform.engine.support.hierarchical.NodeTestTask.prepare(NodeTestTask.java:144)
	at org.junit.platform.engine.support.hierarchical.NodeTestTask.execute(NodeTestTask.java:110)
	at java.base/java.util.ArrayList.forEach(ArrayList.java:1596)
	at org.junit.platform.engine.support.hierarchical.SameThreadHierarchicalTestExecutorService.invokeAll(SameThreadHierarchicalTestExecutorService.java:42)
	at org.junit.platform.engine.support.hierarchical.NodeTestTask.lambda$executeRecursively$2(NodeTestTask.java:180)
	at org.junit.platform.engine.support.hierarchical.ThrowableCollector.execute(ThrowableCollector.java:74)
	at org.junit.platform.engine.support.hierarchical.NodeTestTask.lambda$executeRecursively$1(NodeTestTask.java:166)
	at org.junit.platform.engine.support.hierarchical.Node.around(Node.java:138)
	at org.junit.platform.engine.support.hierarchical.NodeTestTask.lambda$executeRecursively$0(NodeTestTask.java:164)
	at org.junit.platform.engine.support.hierarchical.ThrowableCollector.execute(ThrowableCollector.java:74)
	at org.junit.platform.engine.support.hierarchical.NodeTestTask.executeRecursively(NodeTestTask.java:163)
	at org.junit.platform.engine.support.hierarchical.NodeTestTask.execute(NodeTestTask.java:116)
	at java.base/java.util.ArrayList.forEach(ArrayList.java:1596)
	at org.junit.platform.engine.support.hierarchical.SameThreadHierarchicalTestExecutorService.invokeAll(SameThreadHierarchicalTestExecutorService.java:42)
	at org.junit.platform.engine.support.hierarchical.NodeTestTask.lambda$executeRecursively$2(NodeTestTask.java:180)
	at org.junit.platform.engine.support.hierarchical.ThrowableCollector.execute(ThrowableCollector.java:74)
	at org.junit.platform.engine.support.hierarchical.NodeTestTask.lambda$executeRecursively$1(NodeTestTask.java:166)
	at org.junit.platform.engine.support.hierarchical.Node.around(Node.java:138)
	at org.junit.platform.engine.support.hierarchical.NodeTestTask.lambda$executeRecursively$0(NodeTestTask.java:164)
	at org.junit.platform.engine.support.hierarchical.ThrowableCollector.execute(ThrowableCollector.java:74)
	at org.junit.platform.engine.support.hierarchical.NodeTestTask.executeRecursively(NodeTestTask.java:163)
	at org.junit.platform.engine.support.hierarchical.NodeTestTask.execute(NodeTestTask.java:116)
	at org.junit.platform.engine.support.hierarchical.SameThreadHierarchicalTestExecutorService.submit(SameThreadHierarchicalTestExecutorService.java:36)
	at org.junit.platform.engine.support.hierarchical.HierarchicalTestExecutor.execute(HierarchicalTestExecutor.java:52)
	at org.junit.platform.engine.support.hierarchical.HierarchicalTestEngine.execute(HierarchicalTestEngine.java:58)
	at org.junit.platform.launcher.core.EngineExecutionOrchestrator.executeEngine(EngineExecutionOrchestrator.java:246)
	at org.junit.platform.launcher.core.EngineExecutionOrchestrator.failOrExecuteEngine(EngineExecutionOrchestrator.java:218)
	at org.junit.platform.launcher.core.EngineExecutionOrchestrator.execute(EngineExecutionOrchestrator.java:179)
	at org.junit.platform.launcher.core.EngineExecutionOrchestrator.execute(EngineExecutionOrchestrator.java:108)
	at org.junit.platform.launcher.core.EngineExecutionOrchestrator.lambda$execute$0(EngineExecutionOrchestrator.java:66)
	at org.junit.platform.launcher.core.EngineExecutionOrchestrator.withInterceptedStreams(EngineExecutionOrchestrator.java:157)
	at org.junit.platform.launcher.core.EngineExecutionOrchestrator.execute(EngineExecutionOrchestrator.java:65)
	at org.junit.platform.launcher.core.DefaultLauncher.execute(DefaultLauncher.java:125)
	at org.junit.platform.launcher.core.DefaultLauncher.execute(DefaultLauncher.java:114)
	at org.junit.platform.launcher.core.DelegatingLauncher.execute(DelegatingLauncher.java:58)
	at org.junit.platform.launcher.core.InterceptingLauncher.lambda$execute$2(InterceptingLauncher.java:57)
	at org.junit.platform.launcher.core.ClasspathAlignmentCheckingLauncherInterceptor.intercept(ClasspathAlignmentCheckingLauncherInterceptor.java:25)
	at org.junit.platform.launcher.core.InterceptingLauncher.execute(InterceptingLauncher.java:56)
	at org.junit.platform.launcher.core.DelegatingLauncher.execute(DelegatingLauncher.java:58)
	at org.junit.platform.launcher.core.SessionPerRequestLauncher.execute(SessionPerRequestLauncher.java:81)
	at com.intellij.junit6.JUnit6TestRunnerHelper.execute(JUnit6TestRunnerHelper.java:69)
	at com.intellij.junit5.JUnit5IdeaTestRunner.startRunnerWithArgs(JUnit5IdeaTestRunner.java:70)
	at com.intellij.rt.junit.IdeaTestRunner$Repeater$1.execute(IdeaTestRunner.java:38)
	at com.intellij.rt.execution.junit.TestsRepeater.repeat(TestsRepeater.java:11)
	at com.intellij.rt.junit.IdeaTestRunner$Repeater.startRunnerWithArgs(IdeaTestRunner.java:35)
	at com.intellij.rt.junit.JUnitStarter.prepareStreamsAndStart(JUnitStarter.java:225)
	at com.intellij.rt.junit.JUnitStarter.main(JUnitStarter.java:61)
2026-06-24 21:34:37 WARN  o.springframework.test.context.TestContextManager - Caught exception while allowing TestExecutionListener [org.springframework.test.context.bean.override.BeanOverrideTestExecutionListener] to prepare test instance [com.example.libreriaMarketCatalogService.controllerV2.ProductoControllerV2Test@5fdb7394]
java.lang.IllegalStateException: ApplicationContext failure threshold (1) exceeded: skipping repeated attempt to load context for [WebMergedContextConfiguration@48fc0211 testClass = com.example.libreriaMarketCatalogService.controllerV2.ProductoControllerV2Test, locations = [], classes = [com.example.libreriaMarketCatalogService.LibreriaMarketCatalogServiceApplication], contextInitializerClasses = [], activeProfiles = [], propertySourceDescriptors = [], propertySourceProperties = ["org.springframework.boot.webmvc.test.autoconfigure.WebMvcTestContextBootstrapper=true"], contextCustomizers = [[ImportsContextCustomizer@3ae2702a key = [org.springframework.boot.hateoas.autoconfigure.HypermediaAutoConfiguration, org.springframework.boot.jackson2.autoconfigure.Jackson2AutoConfiguration, org.springframework.boot.autoconfigure.task.TaskExecutionAutoConfiguration, org.springframework.boot.webmvc.test.autoconfigure.MockMvcWebDriverAutoConfiguration, org.springframework.boot.security.autoconfigure.SecurityAutoConfiguration, org.springframework.boot.autoconfigure.context.MessageSourceAutoConfiguration, org.springframework.boot.security.autoconfigure.web.servlet.SecurityFilterAutoConfiguration, org.springframework.boot.data.autoconfigure.web.DataWebAutoConfiguration, org.springframework.boot.webmvc.autoconfigure.error.ErrorMvcAutoConfiguration, org.springframework.boot.validation.autoconfigure.ValidationAutoConfiguration, org.springframework.boot.webmvc.autoconfigure.WebMvcAutoConfiguration, org.springframework.boot.security.test.autoconfigure.webmvc.SecurityMockMvcAutoConfiguration, org.springframework.boot.http.converter.autoconfigure.HttpMessageConvertersAutoConfiguration, org.springframework.boot.jackson.autoconfigure.JacksonAutoConfiguration, org.springframework.boot.webmvc.test.autoconfigure.MockMvcWebClientAutoConfiguration, org.springframework.boot.servlet.autoconfigure.HttpEncodingAutoConfiguration, org.springframework.boot.security.autoconfigure.UserDetailsServiceAutoConfiguration, org.springframework.boot.webmvc.test.autoconfigure.MockMvcAutoConfiguration]], org.springframework.boot.test.context.PropertyMappingContextCustomizer@2d298995, org.springframework.boot.test.context.filter.ExcludeFilterContextCustomizer@47428937, org.springframework.boot.test.context.filter.annotation.TypeExcludeFiltersContextCustomizer@7be4c24a, org.springframework.boot.test.json.DuplicateJsonObjectContextCustomizerFactory$DuplicateJsonObjectContextCustomizer@780ec4a5, org.springframework.boot.test.autoconfigure.OnFailureConditionReportContextCustomizerFactory$OnFailureConditionReportContextCustomizer@548e76f1, org.springframework.boot.test.autoconfigure.OverrideAutoConfigurationContextCustomizerFactory$DisableAutoConfigurationContextCustomizer@3aa3193a, org.springframework.test.context.bean.override.BeanOverrideContextCustomizer@ba01a2b3, org.springframework.test.context.support.DynamicPropertiesContextCustomizer@0, org.springframework.boot.webmvc.test.autoconfigure.WebDriverContextCustomizer@27cf3151, org.springframework.boot.web.server.context.SpringBootTestRandomPortContextCustomizerFactory$Customizer@4108fa66, org.springframework.boot.test.context.SpringBootTestAnnotation@e0f3fb2a], resourceBasePath = "src/main/webapp", contextLoader = org.springframework.boot.test.context.SpringBootContextLoader, parent = null]
	at org.springframework.test.context.cache.DefaultCacheAwareContextLoaderDelegate.loadContext(DefaultCacheAwareContextLoaderDelegate.java:157)
	at org.springframework.test.context.support.DefaultTestContext.getApplicationContext(DefaultTestContext.java:128)
	at org.springframework.test.context.bean.override.BeanOverrideTestExecutionListener.injectFields(BeanOverrideTestExecutionListener.java:107)
	at org.springframework.test.context.bean.override.BeanOverrideTestExecutionListener.prepareTestInstance(BeanOverrideTestExecutionListener.java:70)
	at org.springframework.test.context.TestContextManager.prepareTestInstance(TestContextManager.java:260)
	at org.springframework.test.context.junit.jupiter.SpringExtension.postProcessTestInstance(SpringExtension.java:203)
	at org.junit.jupiter.engine.descriptor.ClassBasedTestDescriptor.lambda$invokeTestInstancePostProcessors$1(ClassBasedTestDescriptor.java:423)
	at org.junit.jupiter.engine.descriptor.ClassBasedTestDescriptor.executeAndMaskThrowable(ClassBasedTestDescriptor.java:428)
	at org.junit.jupiter.engine.descriptor.ClassBasedTestDescriptor.lambda$invokeTestInstancePostProcessors$0(ClassBasedTestDescriptor.java:422)
	at java.base/java.util.stream.ForEachOps$ForEachOp$OfRef.accept(ForEachOps.java:184)
	at java.base/java.util.stream.ReferencePipeline$3$1.accept(ReferencePipeline.java:197)
	at java.base/java.util.stream.ReferencePipeline$2$1.accept(ReferencePipeline.java:179)
	at java.base/java.util.stream.ReferencePipeline$3$1.accept(ReferencePipeline.java:197)
	at java.base/java.util.ArrayList$ArrayListSpliterator.forEachRemaining(ArrayList.java:1708)
	at java.base/java.util.stream.AbstractPipeline.copyInto(AbstractPipeline.java:509)
	at java.base/java.util.stream.AbstractPipeline.wrapAndCopyInto(AbstractPipeline.java:499)
	at java.base/java.util.stream.ForEachOps$ForEachOp.evaluateSequential(ForEachOps.java:151)
	at java.base/java.util.stream.ForEachOps$ForEachOp$OfRef.evaluateSequential(ForEachOps.java:174)
	at java.base/java.util.stream.AbstractPipeline.evaluate(AbstractPipeline.java:234)
	at java.base/java.util.stream.ReferencePipeline.forEach(ReferencePipeline.java:596)
	at org.junit.jupiter.engine.descriptor.ClassBasedTestDescriptor.invokeTestInstancePostProcessors(ClassBasedTestDescriptor.java:422)
	at org.junit.jupiter.engine.descriptor.ClassBasedTestDescriptor.lambda$instantiateAndPostProcessTestInstance$0(ClassBasedTestDescriptor.java:334)
	at org.junit.platform.engine.support.hierarchical.ThrowableCollector.execute(ThrowableCollector.java:74)
	at org.junit.jupiter.engine.descriptor.ClassBasedTestDescriptor.instantiateAndPostProcessTestInstance(ClassBasedTestDescriptor.java:333)
	at org.junit.jupiter.engine.descriptor.ClassBasedTestDescriptor.lambda$testInstancesProvider$1(ClassBasedTestDescriptor.java:322)
	at java.base/java.util.Optional.orElseGet(Optional.java:364)
	at org.junit.jupiter.engine.descriptor.ClassBasedTestDescriptor.lambda$testInstancesProvider$0(ClassBasedTestDescriptor.java:321)
	at org.junit.jupiter.engine.execution.TestInstancesProvider.getTestInstances(TestInstancesProvider.java:27)
	at org.junit.jupiter.engine.descriptor.TestMethodTestDescriptor.lambda$prepare$0(TestMethodTestDescriptor.java:127)
	at org.junit.platform.engine.support.hierarchical.ThrowableCollector.execute(ThrowableCollector.java:74)
	at org.junit.jupiter.engine.descriptor.TestMethodTestDescriptor.prepare(TestMethodTestDescriptor.java:126)
	at org.junit.jupiter.engine.descriptor.TestMethodTestDescriptor.prepare(TestMethodTestDescriptor.java:70)
	at org.junit.platform.engine.support.hierarchical.NodeTestTask.lambda$prepare$0(NodeTestTask.java:144)
	at org.junit.platform.engine.support.hierarchical.ThrowableCollector.execute(ThrowableCollector.java:74)
	at org.junit.platform.engine.support.hierarchical.NodeTestTask.prepare(NodeTestTask.java:144)
	at org.junit.platform.engine.support.hierarchical.NodeTestTask.execute(NodeTestTask.java:110)
	at java.base/java.util.ArrayList.forEach(ArrayList.java:1596)
	at org.junit.platform.engine.support.hierarchical.SameThreadHierarchicalTestExecutorService.invokeAll(SameThreadHierarchicalTestExecutorService.java:42)
	at org.junit.platform.engine.support.hierarchical.NodeTestTask.lambda$executeRecursively$2(NodeTestTask.java:180)
	at org.junit.platform.engine.support.hierarchical.ThrowableCollector.execute(ThrowableCollector.java:74)
	at org.junit.platform.engine.support.hierarchical.NodeTestTask.lambda$executeRecursively$1(NodeTestTask.java:166)
	at org.junit.platform.engine.support.hierarchical.Node.around(Node.java:138)
	at org.junit.platform.engine.support.hierarchical.NodeTestTask.lambda$executeRecursively$0(NodeTestTask.java:164)
	at org.junit.platform.engine.support.hierarchical.ThrowableCollector.execute(ThrowableCollector.java:74)
	at org.junit.platform.engine.support.hierarchical.NodeTestTask.executeRecursively(NodeTestTask.java:163)
	at org.junit.platform.engine.support.hierarchical.NodeTestTask.execute(NodeTestTask.java:116)
	at java.base/java.util.ArrayList.forEach(ArrayList.java:1596)
	at org.junit.platform.engine.support.hierarchical.SameThreadHierarchicalTestExecutorService.invokeAll(SameThreadHierarchicalTestExecutorService.java:42)
	at org.junit.platform.engine.support.hierarchical.NodeTestTask.lambda$executeRecursively$2(NodeTestTask.java:180)
	at org.junit.platform.engine.support.hierarchical.ThrowableCollector.execute(ThrowableCollector.java:74)
	at org.junit.platform.engine.support.hierarchical.NodeTestTask.lambda$executeRecursively$1(NodeTestTask.java:166)
	at org.junit.platform.engine.support.hierarchical.Node.around(Node.java:138)
	at org.junit.platform.engine.support.hierarchical.NodeTestTask.lambda$executeRecursively$0(NodeTestTask.java:164)
	at org.junit.platform.engine.support.hierarchical.ThrowableCollector.execute(ThrowableCollector.java:74)
	at org.junit.platform.engine.support.hierarchical.NodeTestTask.executeRecursively(NodeTestTask.java:163)
	at org.junit.platform.engine.support.hierarchical.NodeTestTask.execute(NodeTestTask.java:116)
	at org.junit.platform.engine.support.hierarchical.SameThreadHierarchicalTestExecutorService.submit(SameThreadHierarchicalTestExecutorService.java:36)
	at org.junit.platform.engine.support.hierarchical.HierarchicalTestExecutor.execute(HierarchicalTestExecutor.java:52)
	at org.junit.platform.engine.support.hierarchical.HierarchicalTestEngine.execute(HierarchicalTestEngine.java:58)
	at org.junit.platform.launcher.core.EngineExecutionOrchestrator.executeEngine(EngineExecutionOrchestrator.java:246)
	at org.junit.platform.launcher.core.EngineExecutionOrchestrator.failOrExecuteEngine(EngineExecutionOrchestrator.java:218)
	at org.junit.platform.launcher.core.EngineExecutionOrchestrator.execute(EngineExecutionOrchestrator.java:179)
	at org.junit.platform.launcher.core.EngineExecutionOrchestrator.execute(EngineExecutionOrchestrator.java:108)
	at org.junit.platform.launcher.core.EngineExecutionOrchestrator.lambda$execute$0(EngineExecutionOrchestrator.java:66)
	at org.junit.platform.launcher.core.EngineExecutionOrchestrator.withInterceptedStreams(EngineExecutionOrchestrator.java:157)
	at org.junit.platform.launcher.core.EngineExecutionOrchestrator.execute(EngineExecutionOrchestrator.java:65)
	at org.junit.platform.launcher.core.DefaultLauncher.execute(DefaultLauncher.java:125)
	at org.junit.platform.launcher.core.DefaultLauncher.execute(DefaultLauncher.java:114)
	at org.junit.platform.launcher.core.DelegatingLauncher.execute(DelegatingLauncher.java:58)
	at org.junit.platform.launcher.core.InterceptingLauncher.lambda$execute$2(InterceptingLauncher.java:57)
	at org.junit.platform.launcher.core.ClasspathAlignmentCheckingLauncherInterceptor.intercept(ClasspathAlignmentCheckingLauncherInterceptor.java:25)
	at org.junit.platform.launcher.core.InterceptingLauncher.execute(InterceptingLauncher.java:56)
	at org.junit.platform.launcher.core.DelegatingLauncher.execute(DelegatingLauncher.java:58)
	at org.junit.platform.launcher.core.SessionPerRequestLauncher.execute(SessionPerRequestLauncher.java:81)
	at com.intellij.junit6.JUnit6TestRunnerHelper.execute(JUnit6TestRunnerHelper.java:69)
	at com.intellij.junit5.JUnit5IdeaTestRunner.startRunnerWithArgs(JUnit5IdeaTestRunner.java:70)
	at com.intellij.rt.junit.IdeaTestRunner$Repeater$1.execute(IdeaTestRunner.java:38)
	at com.intellij.rt.execution.junit.TestsRepeater.repeat(TestsRepeater.java:11)
	at com.intellij.rt.junit.IdeaTestRunner$Repeater.startRunnerWithArgs(IdeaTestRunner.java:35)
	at com.intellij.rt.junit.JUnitStarter.prepareStreamsAndStart(JUnitStarter.java:225)
	at com.intellij.rt.junit.JUnitStarter.main(JUnitStarter.java:61)
2026-06-24 21:34:37 WARN  o.springframework.test.context.TestContextManager - Caught exception while allowing TestExecutionListener [org.springframework.test.context.bean.override.BeanOverrideTestExecutionListener] to prepare test instance [com.example.libreriaMarketCatalogService.controllerV2.ProductoControllerV2Test@44aed6a4]
java.lang.IllegalStateException: ApplicationContext failure threshold (1) exceeded: skipping repeated attempt to load context for [WebMergedContextConfiguration@48fc0211 testClass = com.example.libreriaMarketCatalogService.controllerV2.ProductoControllerV2Test, locations = [], classes = [com.example.libreriaMarketCatalogService.LibreriaMarketCatalogServiceApplication], contextInitializerClasses = [], activeProfiles = [], propertySourceDescriptors = [], propertySourceProperties = ["org.springframework.boot.webmvc.test.autoconfigure.WebMvcTestContextBootstrapper=true"], contextCustomizers = [[ImportsContextCustomizer@3ae2702a key = [org.springframework.boot.hateoas.autoconfigure.HypermediaAutoConfiguration, org.springframework.boot.jackson2.autoconfigure.Jackson2AutoConfiguration, org.springframework.boot.autoconfigure.task.TaskExecutionAutoConfiguration, org.springframework.boot.webmvc.test.autoconfigure.MockMvcWebDriverAutoConfiguration, org.springframework.boot.security.autoconfigure.SecurityAutoConfiguration, org.springframework.boot.autoconfigure.context.MessageSourceAutoConfiguration, org.springframework.boot.security.autoconfigure.web.servlet.SecurityFilterAutoConfiguration, org.springframework.boot.data.autoconfigure.web.DataWebAutoConfiguration, org.springframework.boot.webmvc.autoconfigure.error.ErrorMvcAutoConfiguration, org.springframework.boot.validation.autoconfigure.ValidationAutoConfiguration, org.springframework.boot.webmvc.autoconfigure.WebMvcAutoConfiguration, org.springframework.boot.security.test.autoconfigure.webmvc.SecurityMockMvcAutoConfiguration, org.springframework.boot.http.converter.autoconfigure.HttpMessageConvertersAutoConfiguration, org.springframework.boot.jackson.autoconfigure.JacksonAutoConfiguration, org.springframework.boot.webmvc.test.autoconfigure.MockMvcWebClientAutoConfiguration, org.springframework.boot.servlet.autoconfigure.HttpEncodingAutoConfiguration, org.springframework.boot.security.autoconfigure.UserDetailsServiceAutoConfiguration, org.springframework.boot.webmvc.test.autoconfigure.MockMvcAutoConfiguration]], org.springframework.boot.test.context.PropertyMappingContextCustomizer@2d298995, org.springframework.boot.test.context.filter.ExcludeFilterContextCustomizer@47428937, org.springframework.boot.test.context.filter.annotation.TypeExcludeFiltersContextCustomizer@7be4c24a, org.springframework.boot.test.json.DuplicateJsonObjectContextCustomizerFactory$DuplicateJsonObjectContextCustomizer@780ec4a5, org.springframework.boot.test.autoconfigure.OnFailureConditionReportContextCustomizerFactory$OnFailureConditionReportContextCustomizer@548e76f1, org.springframework.boot.test.autoconfigure.OverrideAutoConfigurationContextCustomizerFactory$DisableAutoConfigurationContextCustomizer@3aa3193a, org.springframework.test.context.bean.override.BeanOverrideContextCustomizer@ba01a2b3, org.springframework.test.context.support.DynamicPropertiesContextCustomizer@0, org.springframework.boot.webmvc.test.autoconfigure.WebDriverContextCustomizer@27cf3151, org.springframework.boot.web.server.context.SpringBootTestRandomPortContextCustomizerFactory$Customizer@4108fa66, org.springframework.boot.test.context.SpringBootTestAnnotation@e0f3fb2a], resourceBasePath = "src/main/webapp", contextLoader = org.springframework.boot.test.context.SpringBootContextLoader, parent = null]
	at org.springframework.test.context.cache.DefaultCacheAwareContextLoaderDelegate.loadContext(DefaultCacheAwareContextLoaderDelegate.java:157)
	at org.springframework.test.context.support.DefaultTestContext.getApplicationContext(DefaultTestContext.java:128)
	at org.springframework.test.context.bean.override.BeanOverrideTestExecutionListener.injectFields(BeanOverrideTestExecutionListener.java:107)
	at org.springframework.test.context.bean.override.BeanOverrideTestExecutionListener.prepareTestInstance(BeanOverrideTestExecutionListener.java:70)
	at org.springframework.test.context.TestContextManager.prepareTestInstance(TestContextManager.java:260)
	at org.springframework.test.context.junit.jupiter.SpringExtension.postProcessTestInstance(SpringExtension.java:203)
	at org.junit.jupiter.engine.descriptor.ClassBasedTestDescriptor.lambda$invokeTestInstancePostProcessors$1(ClassBasedTestDescriptor.java:423)
	at org.junit.jupiter.engine.descriptor.ClassBasedTestDescriptor.executeAndMaskThrowable(ClassBasedTestDescriptor.java:428)
	at org.junit.jupiter.engine.descriptor.ClassBasedTestDescriptor.lambda$invokeTestInstancePostProcessors$0(ClassBasedTestDescriptor.java:422)
	at java.base/java.util.stream.ForEachOps$ForEachOp$OfRef.accept(ForEachOps.java:184)
	at java.base/java.util.stream.ReferencePipeline$3$1.accept(ReferencePipeline.java:197)
	at java.base/java.util.stream.ReferencePipeline$2$1.accept(ReferencePipeline.java:179)
	at java.base/java.util.stream.ReferencePipeline$3$1.accept(ReferencePipeline.java:197)
	at java.base/java.util.ArrayList$ArrayListSpliterator.forEachRemaining(ArrayList.java:1708)
	at java.base/java.util.stream.AbstractPipeline.copyInto(AbstractPipeline.java:509)
	at java.base/java.util.stream.AbstractPipeline.wrapAndCopyInto(AbstractPipeline.java:499)
	at java.base/java.util.stream.ForEachOps$ForEachOp.evaluateSequential(ForEachOps.java:151)
	at java.base/java.util.stream.ForEachOps$ForEachOp$OfRef.evaluateSequential(ForEachOps.java:174)
	at java.base/java.util.stream.AbstractPipeline.evaluate(AbstractPipeline.java:234)
	at java.base/java.util.stream.ReferencePipeline.forEach(ReferencePipeline.java:596)
	at org.junit.jupiter.engine.descriptor.ClassBasedTestDescriptor.invokeTestInstancePostProcessors(ClassBasedTestDescriptor.java:422)
	at org.junit.jupiter.engine.descriptor.ClassBasedTestDescriptor.lambda$instantiateAndPostProcessTestInstance$0(ClassBasedTestDescriptor.java:334)
	at org.junit.platform.engine.support.hierarchical.ThrowableCollector.execute(ThrowableCollector.java:74)
	at org.junit.jupiter.engine.descriptor.ClassBasedTestDescriptor.instantiateAndPostProcessTestInstance(ClassBasedTestDescriptor.java:333)
	at org.junit.jupiter.engine.descriptor.ClassBasedTestDescriptor.lambda$testInstancesProvider$1(ClassBasedTestDescriptor.java:322)
	at java.base/java.util.Optional.orElseGet(Optional.java:364)
	at org.junit.jupiter.engine.descriptor.ClassBasedTestDescriptor.lambda$testInstancesProvider$0(ClassBasedTestDescriptor.java:321)
	at org.junit.jupiter.engine.execution.TestInstancesProvider.getTestInstances(TestInstancesProvider.java:27)
	at org.junit.jupiter.engine.descriptor.TestMethodTestDescriptor.lambda$prepare$0(TestMethodTestDescriptor.java:127)
	at org.junit.platform.engine.support.hierarchical.ThrowableCollector.execute(ThrowableCollector.java:74)
	at org.junit.jupiter.engine.descriptor.TestMethodTestDescriptor.prepare(TestMethodTestDescriptor.java:126)
	at org.junit.jupiter.engine.descriptor.TestMethodTestDescriptor.prepare(TestMethodTestDescriptor.java:70)
	at org.junit.platform.engine.support.hierarchical.NodeTestTask.lambda$prepare$0(NodeTestTask.java:144)
	at org.junit.platform.engine.support.hierarchical.ThrowableCollector.execute(ThrowableCollector.java:74)
	at org.junit.platform.engine.support.hierarchical.NodeTestTask.prepare(NodeTestTask.java:144)
	at org.junit.platform.engine.support.hierarchical.NodeTestTask.execute(NodeTestTask.java:110)
	at java.base/java.util.ArrayList.forEach(ArrayList.java:1596)
	at org.junit.platform.engine.support.hierarchical.SameThreadHierarchicalTestExecutorService.invokeAll(SameThreadHierarchicalTestExecutorService.java:42)
	at org.junit.platform.engine.support.hierarchical.NodeTestTask.lambda$executeRecursively$2(NodeTestTask.java:180)
	at org.junit.platform.engine.support.hierarchical.ThrowableCollector.execute(ThrowableCollector.java:74)
	at org.junit.platform.engine.support.hierarchical.NodeTestTask.lambda$executeRecursively$1(NodeTestTask.java:166)
	at org.junit.platform.engine.support.hierarchical.Node.around(Node.java:138)
	at org.junit.platform.engine.support.hierarchical.NodeTestTask.lambda$executeRecursively$0(NodeTestTask.java:164)
	at org.junit.platform.engine.support.hierarchical.ThrowableCollector.execute(ThrowableCollector.java:74)
	at org.junit.platform.engine.support.hierarchical.NodeTestTask.executeRecursively(NodeTestTask.java:163)
	at org.junit.platform.engine.support.hierarchical.NodeTestTask.execute(NodeTestTask.java:116)
	at java.base/java.util.ArrayList.forEach(ArrayList.java:1596)
	at org.junit.platform.engine.support.hierarchical.SameThreadHierarchicalTestExecutorService.invokeAll(SameThreadHierarchicalTestExecutorService.java:42)
	at org.junit.platform.engine.support.hierarchical.NodeTestTask.lambda$executeRecursively$2(NodeTestTask.java:180)
	at org.junit.platform.engine.support.hierarchical.ThrowableCollector.execute(ThrowableCollector.java:74)
	at org.junit.platform.engine.support.hierarchical.NodeTestTask.lambda$executeRecursively$1(NodeTestTask.java:166)
	at org.junit.platform.engine.support.hierarchical.Node.around(Node.java:138)
	at org.junit.platform.engine.support.hierarchical.NodeTestTask.lambda$executeRecursively$0(NodeTestTask.java:164)
	at org.junit.platform.engine.support.hierarchical.ThrowableCollector.execute(ThrowableCollector.java:74)
	at org.junit.platform.engine.support.hierarchical.NodeTestTask.executeRecursively(NodeTestTask.java:163)
	at org.junit.platform.engine.support.hierarchical.NodeTestTask.execute(NodeTestTask.java:116)
	at org.junit.platform.engine.support.hierarchical.SameThreadHierarchicalTestExecutorService.submit(SameThreadHierarchicalTestExecutorService.java:36)
	at org.junit.platform.engine.support.hierarchical.HierarchicalTestExecutor.execute(HierarchicalTestExecutor.java:52)
	at org.junit.platform.engine.support.hierarchical.HierarchicalTestEngine.execute(HierarchicalTestEngine.java:58)
	at org.junit.platform.launcher.core.EngineExecutionOrchestrator.executeEngine(EngineExecutionOrchestrator.java:246)
	at org.junit.platform.launcher.core.EngineExecutionOrchestrator.failOrExecuteEngine(EngineExecutionOrchestrator.java:218)
	at org.junit.platform.launcher.core.EngineExecutionOrchestrator.execute(EngineExecutionOrchestrator.java:179)
	at org.junit.platform.launcher.core.EngineExecutionOrchestrator.execute(EngineExecutionOrchestrator.java:108)
	at org.junit.platform.launcher.core.EngineExecutionOrchestrator.lambda$execute$0(EngineExecutionOrchestrator.java:66)
	at org.junit.platform.launcher.core.EngineExecutionOrchestrator.withInterceptedStreams(EngineExecutionOrchestrator.java:157)
	at org.junit.platform.launcher.core.EngineExecutionOrchestrator.execute(EngineExecutionOrchestrator.java:65)
	at org.junit.platform.launcher.core.DefaultLauncher.execute(DefaultLauncher.java:125)
	at org.junit.platform.launcher.core.DefaultLauncher.execute(DefaultLauncher.java:114)
	at org.junit.platform.launcher.core.DelegatingLauncher.execute(DelegatingLauncher.java:58)
	at org.junit.platform.launcher.core.InterceptingLauncher.lambda$execute$2(InterceptingLauncher.java:57)
	at org.junit.platform.launcher.core.ClasspathAlignmentCheckingLauncherInterceptor.intercept(ClasspathAlignmentCheckingLauncherInterceptor.java:25)
	at org.junit.platform.launcher.core.InterceptingLauncher.execute(InterceptingLauncher.java:56)
	at org.junit.platform.launcher.core.DelegatingLauncher.execute(DelegatingLauncher.java:58)
	at org.junit.platform.launcher.core.SessionPerRequestLauncher.execute(SessionPerRequestLauncher.java:81)
	at com.intellij.junit6.JUnit6TestRunnerHelper.execute(JUnit6TestRunnerHelper.java:69)
	at com.intellij.junit5.JUnit5IdeaTestRunner.startRunnerWithArgs(JUnit5IdeaTestRunner.java:70)
	at com.intellij.rt.junit.IdeaTestRunner$Repeater$1.execute(IdeaTestRunner.java:38)
	at com.intellij.rt.execution.junit.TestsRepeater.repeat(TestsRepeater.java:11)
	at com.intellij.rt.junit.IdeaTestRunner$Repeater.startRunnerWithArgs(IdeaTestRunner.java:35)
	at com.intellij.rt.junit.JUnitStarter.prepareStreamsAndStart(JUnitStarter.java:225)
	at com.intellij.rt.junit.JUnitStarter.main(JUnitStarter.java:61)
2026-06-24 21:34:37 WARN  o.springframework.test.context.TestContextManager - Caught exception while allowing TestExecutionListener [org.springframework.test.context.bean.override.BeanOverrideTestExecutionListener] to prepare test instance [com.example.libreriaMarketCatalogService.controllerV2.ProductoControllerV2Test@3d6778d5]
java.lang.IllegalStateException: ApplicationContext failure threshold (1) exceeded: skipping repeated attempt to load context for [WebMergedContextConfiguration@48fc0211 testClass = com.example.libreriaMarketCatalogService.controllerV2.ProductoControllerV2Test, locations = [], classes = [com.example.libreriaMarketCatalogService.LibreriaMarketCatalogServiceApplication], contextInitializerClasses = [], activeProfiles = [], propertySourceDescriptors = [], propertySourceProperties = ["org.springframework.boot.webmvc.test.autoconfigure.WebMvcTestContextBootstrapper=true"], contextCustomizers = [[ImportsContextCustomizer@3ae2702a key = [org.springframework.boot.hateoas.autoconfigure.HypermediaAutoConfiguration, org.springframework.boot.jackson2.autoconfigure.Jackson2AutoConfiguration, org.springframework.boot.autoconfigure.task.TaskExecutionAutoConfiguration, org.springframework.boot.webmvc.test.autoconfigure.MockMvcWebDriverAutoConfiguration, org.springframework.boot.security.autoconfigure.SecurityAutoConfiguration, org.springframework.boot.autoconfigure.context.MessageSourceAutoConfiguration, org.springframework.boot.security.autoconfigure.web.servlet.SecurityFilterAutoConfiguration, org.springframework.boot.data.autoconfigure.web.DataWebAutoConfiguration, org.springframework.boot.webmvc.autoconfigure.error.ErrorMvcAutoConfiguration, org.springframework.boot.validation.autoconfigure.ValidationAutoConfiguration, org.springframework.boot.webmvc.autoconfigure.WebMvcAutoConfiguration, org.springframework.boot.security.test.autoconfigure.webmvc.SecurityMockMvcAutoConfiguration, org.springframework.boot.http.converter.autoconfigure.HttpMessageConvertersAutoConfiguration, org.springframework.boot.jackson.autoconfigure.JacksonAutoConfiguration, org.springframework.boot.webmvc.test.autoconfigure.MockMvcWebClientAutoConfiguration, org.springframework.boot.servlet.autoconfigure.HttpEncodingAutoConfiguration, org.springframework.boot.security.autoconfigure.UserDetailsServiceAutoConfiguration, org.springframework.boot.webmvc.test.autoconfigure.MockMvcAutoConfiguration]], org.springframework.boot.test.context.PropertyMappingContextCustomizer@2d298995, org.springframework.boot.test.context.filter.ExcludeFilterContextCustomizer@47428937, org.springframework.boot.test.context.filter.annotation.TypeExcludeFiltersContextCustomizer@7be4c24a, org.springframework.boot.test.json.DuplicateJsonObjectContextCustomizerFactory$DuplicateJsonObjectContextCustomizer@780ec4a5, org.springframework.boot.test.autoconfigure.OnFailureConditionReportContextCustomizerFactory$OnFailureConditionReportContextCustomizer@548e76f1, org.springframework.boot.test.autoconfigure.OverrideAutoConfigurationContextCustomizerFactory$DisableAutoConfigurationContextCustomizer@3aa3193a, org.springframework.test.context.bean.override.BeanOverrideContextCustomizer@ba01a2b3, org.springframework.test.context.support.DynamicPropertiesContextCustomizer@0, org.springframework.boot.webmvc.test.autoconfigure.WebDriverContextCustomizer@27cf3151, org.springframework.boot.web.server.context.SpringBootTestRandomPortContextCustomizerFactory$Customizer@4108fa66, org.springframework.boot.test.context.SpringBootTestAnnotation@e0f3fb2a], resourceBasePath = "src/main/webapp", contextLoader = org.springframework.boot.test.context.SpringBootContextLoader, parent = null]
	at org.springframework.test.context.cache.DefaultCacheAwareContextLoaderDelegate.loadContext(DefaultCacheAwareContextLoaderDelegate.java:157)
	at org.springframework.test.context.support.DefaultTestContext.getApplicationContext(DefaultTestContext.java:128)
	at org.springframework.test.context.bean.override.BeanOverrideTestExecutionListener.injectFields(BeanOverrideTestExecutionListener.java:107)
	at org.springframework.test.context.bean.override.BeanOverrideTestExecutionListener.prepareTestInstance(BeanOverrideTestExecutionListener.java:70)
	at org.springframework.test.context.TestContextManager.prepareTestInstance(TestContextManager.java:260)
	at org.springframework.test.context.junit.jupiter.SpringExtension.postProcessTestInstance(SpringExtension.java:203)
	at org.junit.jupiter.engine.descriptor.ClassBasedTestDescriptor.lambda$invokeTestInstancePostProcessors$1(ClassBasedTestDescriptor.java:423)
	at org.junit.jupiter.engine.descriptor.ClassBasedTestDescriptor.executeAndMaskThrowable(ClassBasedTestDescriptor.java:428)
	at org.junit.jupiter.engine.descriptor.ClassBasedTestDescriptor.lambda$invokeTestInstancePostProcessors$0(ClassBasedTestDescriptor.java:422)
	at java.base/java.util.stream.ForEachOps$ForEachOp$OfRef.accept(ForEachOps.java:184)
	at java.base/java.util.stream.ReferencePipeline$3$1.accept(ReferencePipeline.java:197)
	at java.base/java.util.stream.ReferencePipeline$2$1.accept(ReferencePipeline.java:179)
	at java.base/java.util.stream.ReferencePipeline$3$1.accept(ReferencePipeline.java:197)
	at java.base/java.util.ArrayList$ArrayListSpliterator.forEachRemaining(ArrayList.java:1708)
	at java.base/java.util.stream.AbstractPipeline.copyInto(AbstractPipeline.java:509)
	at java.base/java.util.stream.AbstractPipeline.wrapAndCopyInto(AbstractPipeline.java:499)
	at java.base/java.util.stream.ForEachOps$ForEachOp.evaluateSequential(ForEachOps.java:151)
	at java.base/java.util.stream.ForEachOps$ForEachOp$OfRef.evaluateSequential(ForEachOps.java:174)
	at java.base/java.util.stream.AbstractPipeline.evaluate(AbstractPipeline.java:234)
	at java.base/java.util.stream.ReferencePipeline.forEach(ReferencePipeline.java:596)
	at org.junit.jupiter.engine.descriptor.ClassBasedTestDescriptor.invokeTestInstancePostProcessors(ClassBasedTestDescriptor.java:422)
	at org.junit.jupiter.engine.descriptor.ClassBasedTestDescriptor.lambda$instantiateAndPostProcessTestInstance$0(ClassBasedTestDescriptor.java:334)
	at org.junit.platform.engine.support.hierarchical.ThrowableCollector.execute(ThrowableCollector.java:74)
	at org.junit.jupiter.engine.descriptor.ClassBasedTestDescriptor.instantiateAndPostProcessTestInstance(ClassBasedTestDescriptor.java:333)
	at org.junit.jupiter.engine.descriptor.ClassBasedTestDescriptor.lambda$testInstancesProvider$1(ClassBasedTestDescriptor.java:322)
	at java.base/java.util.Optional.orElseGet(Optional.java:364)
	at org.junit.jupiter.engine.descriptor.ClassBasedTestDescriptor.lambda$testInstancesProvider$0(ClassBasedTestDescriptor.java:321)
	at org.junit.jupiter.engine.execution.TestInstancesProvider.getTestInstances(TestInstancesProvider.java:27)
	at org.junit.jupiter.engine.descriptor.TestMethodTestDescriptor.lambda$prepare$0(TestMethodTestDescriptor.java:127)
	at org.junit.platform.engine.support.hierarchical.ThrowableCollector.execute(ThrowableCollector.java:74)
	at org.junit.jupiter.engine.descriptor.TestMethodTestDescriptor.prepare(TestMethodTestDescriptor.java:126)
	at org.junit.jupiter.engine.descriptor.TestMethodTestDescriptor.prepare(TestMethodTestDescriptor.java:70)
	at org.junit.platform.engine.support.hierarchical.NodeTestTask.lambda$prepare$0(NodeTestTask.java:144)
	at org.junit.platform.engine.support.hierarchical.ThrowableCollector.execute(ThrowableCollector.java:74)
	at org.junit.platform.engine.support.hierarchical.NodeTestTask.prepare(NodeTestTask.java:144)
	at org.junit.platform.engine.support.hierarchical.NodeTestTask.execute(NodeTestTask.java:110)
	at java.base/java.util.ArrayList.forEach(ArrayList.java:1596)
	at org.junit.platform.engine.support.hierarchical.SameThreadHierarchicalTestExecutorService.invokeAll(SameThreadHierarchicalTestExecutorService.java:42)
	at org.junit.platform.engine.support.hierarchical.NodeTestTask.lambda$executeRecursively$2(NodeTestTask.java:180)
	at org.junit.platform.engine.support.hierarchical.ThrowableCollector.execute(ThrowableCollector.java:74)
	at org.junit.platform.engine.support.hierarchical.NodeTestTask.lambda$executeRecursively$1(NodeTestTask.java:166)
	at org.junit.platform.engine.support.hierarchical.Node.around(Node.java:138)
	at org.junit.platform.engine.support.hierarchical.NodeTestTask.lambda$executeRecursively$0(NodeTestTask.java:164)
	at org.junit.platform.engine.support.hierarchical.ThrowableCollector.execute(ThrowableCollector.java:74)
	at org.junit.platform.engine.support.hierarchical.NodeTestTask.executeRecursively(NodeTestTask.java:163)
	at org.junit.platform.engine.support.hierarchical.NodeTestTask.execute(NodeTestTask.java:116)
	at java.base/java.util.ArrayList.forEach(ArrayList.java:1596)
	at org.junit.platform.engine.support.hierarchical.SameThreadHierarchicalTestExecutorService.invokeAll(SameThreadHierarchicalTestExecutorService.java:42)
	at org.junit.platform.engine.support.hierarchical.NodeTestTask.lambda$executeRecursively$2(NodeTestTask.java:180)
	at org.junit.platform.engine.support.hierarchical.ThrowableCollector.execute(ThrowableCollector.java:74)
	at org.junit.platform.engine.support.hierarchical.NodeTestTask.lambda$executeRecursively$1(NodeTestTask.java:166)
	at org.junit.platform.engine.support.hierarchical.Node.around(Node.java:138)
	at org.junit.platform.engine.support.hierarchical.NodeTestTask.lambda$executeRecursively$0(NodeTestTask.java:164)
	at org.junit.platform.engine.support.hierarchical.ThrowableCollector.execute(ThrowableCollector.java:74)
	at org.junit.platform.engine.support.hierarchical.NodeTestTask.executeRecursively(NodeTestTask.java:163)
	at org.junit.platform.engine.support.hierarchical.NodeTestTask.execute(NodeTestTask.java:116)
	at org.junit.platform.engine.support.hierarchical.SameThreadHierarchicalTestExecutorService.submit(SameThreadHierarchicalTestExecutorService.java:36)
	at org.junit.platform.engine.support.hierarchical.HierarchicalTestExecutor.execute(HierarchicalTestExecutor.java:52)
	at org.junit.platform.engine.support.hierarchical.HierarchicalTestEngine.execute(HierarchicalTestEngine.java:58)
	at org.junit.platform.launcher.core.EngineExecutionOrchestrator.executeEngine(EngineExecutionOrchestrator.java:246)
	at org.junit.platform.launcher.core.EngineExecutionOrchestrator.failOrExecuteEngine(EngineExecutionOrchestrator.java:218)
	at org.junit.platform.launcher.core.EngineExecutionOrchestrator.execute(EngineExecutionOrchestrator.java:179)
	at org.junit.platform.launcher.core.EngineExecutionOrchestrator.execute(EngineExecutionOrchestrator.java:108)
	at org.junit.platform.launcher.core.EngineExecutionOrchestrator.lambda$execute$0(EngineExecutionOrchestrator.java:66)
	at org.junit.platform.launcher.core.EngineExecutionOrchestrator.withInterceptedStreams(EngineExecutionOrchestrator.java:157)
	at org.junit.platform.launcher.core.EngineExecutionOrchestrator.execute(EngineExecutionOrchestrator.java:65)
	at org.junit.platform.launcher.core.DefaultLauncher.execute(DefaultLauncher.java:125)
	at org.junit.platform.launcher.core.DefaultLauncher.execute(DefaultLauncher.java:114)
	at org.junit.platform.launcher.core.DelegatingLauncher.execute(DelegatingLauncher.java:58)
	at org.junit.platform.launcher.core.InterceptingLauncher.lambda$execute$2(InterceptingLauncher.java:57)
	at org.junit.platform.launcher.core.ClasspathAlignmentCheckingLauncherInterceptor.intercept(ClasspathAlignmentCheckingLauncherInterceptor.java:25)
	at org.junit.platform.launcher.core.InterceptingLauncher.execute(InterceptingLauncher.java:56)
	at org.junit.platform.launcher.core.DelegatingLauncher.execute(DelegatingLauncher.java:58)
	at org.junit.platform.launcher.core.SessionPerRequestLauncher.execute(SessionPerRequestLauncher.java:81)
	at com.intellij.junit6.JUnit6TestRunnerHelper.execute(JUnit6TestRunnerHelper.java:69)
	at com.intellij.junit5.JUnit5IdeaTestRunner.startRunnerWithArgs(JUnit5IdeaTestRunner.java:70)
	at com.intellij.rt.junit.IdeaTestRunner$Repeater$1.execute(IdeaTestRunner.java:38)
	at com.intellij.rt.execution.junit.TestsRepeater.repeat(TestsRepeater.java:11)
	at com.intellij.rt.junit.IdeaTestRunner$Repeater.startRunnerWithArgs(IdeaTestRunner.java:35)
	at com.intellij.rt.junit.JUnitStarter.prepareStreamsAndStart(JUnitStarter.java:225)
	at com.intellij.rt.junit.JUnitStarter.main(JUnitStarter.java:61)
2026-06-24 21:34:37 WARN  o.springframework.test.context.TestContextManager - Caught exception while allowing TestExecutionListener [org.springframework.test.context.bean.override.BeanOverrideTestExecutionListener] to prepare test instance [com.example.libreriaMarketCatalogService.controllerV2.ProductoControllerV2Test@1a6dc5ea]
java.lang.IllegalStateException: ApplicationContext failure threshold (1) exceeded: skipping repeated attempt to load context for [WebMergedContextConfiguration@48fc0211 testClass = com.example.libreriaMarketCatalogService.controllerV2.ProductoControllerV2Test, locations = [], classes = [com.example.libreriaMarketCatalogService.LibreriaMarketCatalogServiceApplication], contextInitializerClasses = [], activeProfiles = [], propertySourceDescriptors = [], propertySourceProperties = ["org.springframework.boot.webmvc.test.autoconfigure.WebMvcTestContextBootstrapper=true"], contextCustomizers = [[ImportsContextCustomizer@3ae2702a key = [org.springframework.boot.hateoas.autoconfigure.HypermediaAutoConfiguration, org.springframework.boot.jackson2.autoconfigure.Jackson2AutoConfiguration, org.springframework.boot.autoconfigure.task.TaskExecutionAutoConfiguration, org.springframework.boot.webmvc.test.autoconfigure.MockMvcWebDriverAutoConfiguration, org.springframework.boot.security.autoconfigure.SecurityAutoConfiguration, org.springframework.boot.autoconfigure.context.MessageSourceAutoConfiguration, org.springframework.boot.security.autoconfigure.web.servlet.SecurityFilterAutoConfiguration, org.springframework.boot.data.autoconfigure.web.DataWebAutoConfiguration, org.springframework.boot.webmvc.autoconfigure.error.ErrorMvcAutoConfiguration, org.springframework.boot.validation.autoconfigure.ValidationAutoConfiguration, org.springframework.boot.webmvc.autoconfigure.WebMvcAutoConfiguration, org.springframework.boot.security.test.autoconfigure.webmvc.SecurityMockMvcAutoConfiguration, org.springframework.boot.http.converter.autoconfigure.HttpMessageConvertersAutoConfiguration, org.springframework.boot.jackson.autoconfigure.JacksonAutoConfiguration, org.springframework.boot.webmvc.test.autoconfigure.MockMvcWebClientAutoConfiguration, org.springframework.boot.servlet.autoconfigure.HttpEncodingAutoConfiguration, org.springframework.boot.security.autoconfigure.UserDetailsServiceAutoConfiguration, org.springframework.boot.webmvc.test.autoconfigure.MockMvcAutoConfiguration]], org.springframework.boot.test.context.PropertyMappingContextCustomizer@2d298995, org.springframework.boot.test.context.filter.ExcludeFilterContextCustomizer@47428937, org.springframework.boot.test.context.filter.annotation.TypeExcludeFiltersContextCustomizer@7be4c24a, org.springframework.boot.test.json.DuplicateJsonObjectContextCustomizerFactory$DuplicateJsonObjectContextCustomizer@780ec4a5, org.springframework.boot.test.autoconfigure.OnFailureConditionReportContextCustomizerFactory$OnFailureConditionReportContextCustomizer@548e76f1, org.springframework.boot.test.autoconfigure.OverrideAutoConfigurationContextCustomizerFactory$DisableAutoConfigurationContextCustomizer@3aa3193a, org.springframework.test.context.bean.override.BeanOverrideContextCustomizer@ba01a2b3, org.springframework.test.context.support.DynamicPropertiesContextCustomizer@0, org.springframework.boot.webmvc.test.autoconfigure.WebDriverContextCustomizer@27cf3151, org.springframework.boot.web.server.context.SpringBootTestRandomPortContextCustomizerFactory$Customizer@4108fa66, org.springframework.boot.test.context.SpringBootTestAnnotation@e0f3fb2a], resourceBasePath = "src/main/webapp", contextLoader = org.springframework.boot.test.context.SpringBootContextLoader, parent = null]
	at org.springframework.test.context.cache.DefaultCacheAwareContextLoaderDelegate.loadContext(DefaultCacheAwareContextLoaderDelegate.java:157)
	at org.springframework.test.context.support.DefaultTestContext.getApplicationContext(DefaultTestContext.java:128)
	at org.springframework.test.context.bean.override.BeanOverrideTestExecutionListener.injectFields(BeanOverrideTestExecutionListener.java:107)
	at org.springframework.test.context.bean.override.BeanOverrideTestExecutionListener.prepareTestInstance(BeanOverrideTestExecutionListener.java:70)
	at org.springframework.test.context.TestContextManager.prepareTestInstance(TestContextManager.java:260)
	at org.springframework.test.context.junit.jupiter.SpringExtension.postProcessTestInstance(SpringExtension.java:203)
	at org.junit.jupiter.engine.descriptor.ClassBasedTestDescriptor.lambda$invokeTestInstancePostProcessors$1(ClassBasedTestDescriptor.java:423)
	at org.junit.jupiter.engine.descriptor.ClassBasedTestDescriptor.executeAndMaskThrowable(ClassBasedTestDescriptor.java:428)
	at org.junit.jupiter.engine.descriptor.ClassBasedTestDescriptor.lambda$invokeTestInstancePostProcessors$0(ClassBasedTestDescriptor.java:422)
	at java.base/java.util.stream.ForEachOps$ForEachOp$OfRef.accept(ForEachOps.java:184)
	at java.base/java.util.stream.ReferencePipeline$3$1.accept(ReferencePipeline.java:197)
	at java.base/java.util.stream.ReferencePipeline$2$1.accept(ReferencePipeline.java:179)
	at java.base/java.util.stream.ReferencePipeline$3$1.accept(ReferencePipeline.java:197)
	at java.base/java.util.ArrayList$ArrayListSpliterator.forEachRemaining(ArrayList.java:1708)
	at java.base/java.util.stream.AbstractPipeline.copyInto(AbstractPipeline.java:509)
	at java.base/java.util.stream.AbstractPipeline.wrapAndCopyInto(AbstractPipeline.java:499)
	at java.base/java.util.stream.ForEachOps$ForEachOp.evaluateSequential(ForEachOps.java:151)
	at java.base/java.util.stream.ForEachOps$ForEachOp$OfRef.evaluateSequential(ForEachOps.java:174)
	at java.base/java.util.stream.AbstractPipeline.evaluate(AbstractPipeline.java:234)
	at java.base/java.util.stream.ReferencePipeline.forEach(ReferencePipeline.java:596)
	at org.junit.jupiter.engine.descriptor.ClassBasedTestDescriptor.invokeTestInstancePostProcessors(ClassBasedTestDescriptor.java:422)
	at org.junit.jupiter.engine.descriptor.ClassBasedTestDescriptor.lambda$instantiateAndPostProcessTestInstance$0(ClassBasedTestDescriptor.java:334)
	at org.junit.platform.engine.support.hierarchical.ThrowableCollector.execute(ThrowableCollector.java:74)
	at org.junit.jupiter.engine.descriptor.ClassBasedTestDescriptor.instantiateAndPostProcessTestInstance(ClassBasedTestDescriptor.java:333)
	at org.junit.jupiter.engine.descriptor.ClassBasedTestDescriptor.lambda$testInstancesProvider$1(ClassBasedTestDescriptor.java:322)
	at java.base/java.util.Optional.orElseGet(Optional.java:364)
	at org.junit.jupiter.engine.descriptor.ClassBasedTestDescriptor.lambda$testInstancesProvider$0(ClassBasedTestDescriptor.java:321)
	at org.junit.jupiter.engine.execution.TestInstancesProvider.getTestInstances(TestInstancesProvider.java:27)
	at org.junit.jupiter.engine.descriptor.TestMethodTestDescriptor.lambda$prepare$0(TestMethodTestDescriptor.java:127)
	at org.junit.platform.engine.support.hierarchical.ThrowableCollector.execute(ThrowableCollector.java:74)
	at org.junit.jupiter.engine.descriptor.TestMethodTestDescriptor.prepare(TestMethodTestDescriptor.java:126)
	at org.junit.jupiter.engine.descriptor.TestMethodTestDescriptor.prepare(TestMethodTestDescriptor.java:70)
	at org.junit.platform.engine.support.hierarchical.NodeTestTask.lambda$prepare$0(NodeTestTask.java:144)
	at org.junit.platform.engine.support.hierarchical.ThrowableCollector.execute(ThrowableCollector.java:74)
	at org.junit.platform.engine.support.hierarchical.NodeTestTask.prepare(NodeTestTask.java:144)
	at org.junit.platform.engine.support.hierarchical.NodeTestTask.execute(NodeTestTask.java:110)
	at java.base/java.util.ArrayList.forEach(ArrayList.java:1596)
	at org.junit.platform.engine.support.hierarchical.SameThreadHierarchicalTestExecutorService.invokeAll(SameThreadHierarchicalTestExecutorService.java:42)
	at org.junit.platform.engine.support.hierarchical.NodeTestTask.lambda$executeRecursively$2(NodeTestTask.java:180)
	at org.junit.platform.engine.support.hierarchical.ThrowableCollector.execute(ThrowableCollector.java:74)
	at org.junit.platform.engine.support.hierarchical.NodeTestTask.lambda$executeRecursively$1(NodeTestTask.java:166)
	at org.junit.platform.engine.support.hierarchical.Node.around(Node.java:138)
	at org.junit.platform.engine.support.hierarchical.NodeTestTask.lambda$executeRecursively$0(NodeTestTask.java:164)
	at org.junit.platform.engine.support.hierarchical.ThrowableCollector.execute(ThrowableCollector.java:74)
	at org.junit.platform.engine.support.hierarchical.NodeTestTask.executeRecursively(NodeTestTask.java:163)
	at org.junit.platform.engine.support.hierarchical.NodeTestTask.execute(NodeTestTask.java:116)
	at java.base/java.util.ArrayList.forEach(ArrayList.java:1596)
	at org.junit.platform.engine.support.hierarchical.SameThreadHierarchicalTestExecutorService.invokeAll(SameThreadHierarchicalTestExecutorService.java:42)
	at org.junit.platform.engine.support.hierarchical.NodeTestTask.lambda$executeRecursively$2(NodeTestTask.java:180)
	at org.junit.platform.engine.support.hierarchical.ThrowableCollector.execute(ThrowableCollector.java:74)
	at org.junit.platform.engine.support.hierarchical.NodeTestTask.lambda$executeRecursively$1(NodeTestTask.java:166)
	at org.junit.platform.engine.support.hierarchical.Node.around(Node.java:138)
	at org.junit.platform.engine.support.hierarchical.NodeTestTask.lambda$executeRecursively$0(NodeTestTask.java:164)
	at org.junit.platform.engine.support.hierarchical.ThrowableCollector.execute(ThrowableCollector.java:74)
	at org.junit.platform.engine.support.hierarchical.NodeTestTask.executeRecursively(NodeTestTask.java:163)
	at org.junit.platform.engine.support.hierarchical.NodeTestTask.execute(NodeTestTask.java:116)
	at org.junit.platform.engine.support.hierarchical.SameThreadHierarchicalTestExecutorService.submit(SameThreadHierarchicalTestExecutorService.java:36)
	at org.junit.platform.engine.support.hierarchical.HierarchicalTestExecutor.execute(HierarchicalTestExecutor.java:52)
	at org.junit.platform.engine.support.hierarchical.HierarchicalTestEngine.execute(HierarchicalTestEngine.java:58)
	at org.junit.platform.launcher.core.EngineExecutionOrchestrator.executeEngine(EngineExecutionOrchestrator.java:246)
	at org.junit.platform.launcher.core.EngineExecutionOrchestrator.failOrExecuteEngine(EngineExecutionOrchestrator.java:218)
	at org.junit.platform.launcher.core.EngineExecutionOrchestrator.execute(EngineExecutionOrchestrator.java:179)
	at org.junit.platform.launcher.core.EngineExecutionOrchestrator.execute(EngineExecutionOrchestrator.java:108)
	at org.junit.platform.launcher.core.EngineExecutionOrchestrator.lambda$execute$0(EngineExecutionOrchestrator.java:66)
	at org.junit.platform.launcher.core.EngineExecutionOrchestrator.withInterceptedStreams(EngineExecutionOrchestrator.java:157)
	at org.junit.platform.launcher.core.EngineExecutionOrchestrator.execute(EngineExecutionOrchestrator.java:65)
	at org.junit.platform.launcher.core.DefaultLauncher.execute(DefaultLauncher.java:125)
	at org.junit.platform.launcher.core.DefaultLauncher.execute(DefaultLauncher.java:114)
	at org.junit.platform.launcher.core.DelegatingLauncher.execute(DelegatingLauncher.java:58)
	at org.junit.platform.launcher.core.InterceptingLauncher.lambda$execute$2(InterceptingLauncher.java:57)
	at org.junit.platform.launcher.core.ClasspathAlignmentCheckingLauncherInterceptor.intercept(ClasspathAlignmentCheckingLauncherInterceptor.java:25)
	at org.junit.platform.launcher.core.InterceptingLauncher.execute(InterceptingLauncher.java:56)
	at org.junit.platform.launcher.core.DelegatingLauncher.execute(DelegatingLauncher.java:58)
	at org.junit.platform.launcher.core.SessionPerRequestLauncher.execute(SessionPerRequestLauncher.java:81)
	at com.intellij.junit6.JUnit6TestRunnerHelper.execute(JUnit6TestRunnerHelper.java:69)
	at com.intellij.junit5.JUnit5IdeaTestRunner.startRunnerWithArgs(JUnit5IdeaTestRunner.java:70)
	at com.intellij.rt.junit.IdeaTestRunner$Repeater$1.execute(IdeaTestRunner.java:38)
	at com.intellij.rt.execution.junit.TestsRepeater.repeat(TestsRepeater.java:11)
	at com.intellij.rt.junit.IdeaTestRunner$Repeater.startRunnerWithArgs(IdeaTestRunner.java:35)
	at com.intellij.rt.junit.JUnitStarter.prepareStreamsAndStart(JUnitStarter.java:225)
	at com.intellij.rt.junit.JUnitStarter.main(JUnitStarter.java:61)
2026-06-24 21:34:37 WARN  o.springframework.test.context.TestContextManager - Caught exception while allowing TestExecutionListener [org.springframework.test.context.bean.override.BeanOverrideTestExecutionListener] to prepare test instance [com.example.libreriaMarketCatalogService.controllerV2.ProductoControllerV2Test@29c59b6e]
java.lang.IllegalStateException: ApplicationContext failure threshold (1) exceeded: skipping repeated attempt to load context for [WebMergedContextConfiguration@48fc0211 testClass = com.example.libreriaMarketCatalogService.controllerV2.ProductoControllerV2Test, locations = [], classes = [com.example.libreriaMarketCatalogService.LibreriaMarketCatalogServiceApplication], contextInitializerClasses = [], activeProfiles = [], propertySourceDescriptors = [], propertySourceProperties = ["org.springframework.boot.webmvc.test.autoconfigure.WebMvcTestContextBootstrapper=true"], contextCustomizers = [[ImportsContextCustomizer@3ae2702a key = [org.springframework.boot.hateoas.autoconfigure.HypermediaAutoConfiguration, org.springframework.boot.jackson2.autoconfigure.Jackson2AutoConfiguration, org.springframework.boot.autoconfigure.task.TaskExecutionAutoConfiguration, org.springframework.boot.webmvc.test.autoconfigure.MockMvcWebDriverAutoConfiguration, org.springframework.boot.security.autoconfigure.SecurityAutoConfiguration, org.springframework.boot.autoconfigure.context.MessageSourceAutoConfiguration, org.springframework.boot.security.autoconfigure.web.servlet.SecurityFilterAutoConfiguration, org.springframework.boot.data.autoconfigure.web.DataWebAutoConfiguration, org.springframework.boot.webmvc.autoconfigure.error.ErrorMvcAutoConfiguration, org.springframework.boot.validation.autoconfigure.ValidationAutoConfiguration, org.springframework.boot.webmvc.autoconfigure.WebMvcAutoConfiguration, org.springframework.boot.security.test.autoconfigure.webmvc.SecurityMockMvcAutoConfiguration, org.springframework.boot.http.converter.autoconfigure.HttpMessageConvertersAutoConfiguration, org.springframework.boot.jackson.autoconfigure.JacksonAutoConfiguration, org.springframework.boot.webmvc.test.autoconfigure.MockMvcWebClientAutoConfiguration, org.springframework.boot.servlet.autoconfigure.HttpEncodingAutoConfiguration, org.springframework.boot.security.autoconfigure.UserDetailsServiceAutoConfiguration, org.springframework.boot.webmvc.test.autoconfigure.MockMvcAutoConfiguration]], org.springframework.boot.test.context.PropertyMappingContextCustomizer@2d298995, org.springframework.boot.test.context.filter.ExcludeFilterContextCustomizer@47428937, org.springframework.boot.test.context.filter.annotation.TypeExcludeFiltersContextCustomizer@7be4c24a, org.springframework.boot.test.json.DuplicateJsonObjectContextCustomizerFactory$DuplicateJsonObjectContextCustomizer@780ec4a5, org.springframework.boot.test.autoconfigure.OnFailureConditionReportContextCustomizerFactory$OnFailureConditionReportContextCustomizer@548e76f1, org.springframework.boot.test.autoconfigure.OverrideAutoConfigurationContextCustomizerFactory$DisableAutoConfigurationContextCustomizer@3aa3193a, org.springframework.test.context.bean.override.BeanOverrideContextCustomizer@ba01a2b3, org.springframework.test.context.support.DynamicPropertiesContextCustomizer@0, org.springframework.boot.webmvc.test.autoconfigure.WebDriverContextCustomizer@27cf3151, org.springframework.boot.web.server.context.SpringBootTestRandomPortContextCustomizerFactory$Customizer@4108fa66, org.springframework.boot.test.context.SpringBootTestAnnotation@e0f3fb2a], resourceBasePath = "src/main/webapp", contextLoader = org.springframework.boot.test.context.SpringBootContextLoader, parent = null]
	at org.springframework.test.context.cache.DefaultCacheAwareContextLoaderDelegate.loadContext(DefaultCacheAwareContextLoaderDelegate.java:157)
	at org.springframework.test.context.support.DefaultTestContext.getApplicationContext(DefaultTestContext.java:128)
	at org.springframework.test.context.bean.override.BeanOverrideTestExecutionListener.injectFields(BeanOverrideTestExecutionListener.java:107)
	at org.springframework.test.context.bean.override.BeanOverrideTestExecutionListener.prepareTestInstance(BeanOverrideTestExecutionListener.java:70)
	at org.springframework.test.context.TestContextManager.prepareTestInstance(TestContextManager.java:260)
	at org.springframework.test.context.junit.jupiter.SpringExtension.postProcessTestInstance(SpringExtension.java:203)
	at org.junit.jupiter.engine.descriptor.ClassBasedTestDescriptor.lambda$invokeTestInstancePostProcessors$1(ClassBasedTestDescriptor.java:423)
	at org.junit.jupiter.engine.descriptor.ClassBasedTestDescriptor.executeAndMaskThrowable(ClassBasedTestDescriptor.java:428)
	at org.junit.jupiter.engine.descriptor.ClassBasedTestDescriptor.lambda$invokeTestInstancePostProcessors$0(ClassBasedTestDescriptor.java:422)
	at java.base/java.util.stream.ForEachOps$ForEachOp$OfRef.accept(ForEachOps.java:184)
	at java.base/java.util.stream.ReferencePipeline$3$1.accept(ReferencePipeline.java:197)
	at java.base/java.util.stream.ReferencePipeline$2$1.accept(ReferencePipeline.java:179)
	at java.base/java.util.stream.ReferencePipeline$3$1.accept(ReferencePipeline.java:197)
	at java.base/java.util.ArrayList$ArrayListSpliterator.forEachRemaining(ArrayList.java:1708)
	at java.base/java.util.stream.AbstractPipeline.copyInto(AbstractPipeline.java:509)
	at java.base/java.util.stream.AbstractPipeline.wrapAndCopyInto(AbstractPipeline.java:499)
	at java.base/java.util.stream.ForEachOps$ForEachOp.evaluateSequential(ForEachOps.java:151)
	at java.base/java.util.stream.ForEachOps$ForEachOp$OfRef.evaluateSequential(ForEachOps.java:174)
	at java.base/java.util.stream.AbstractPipeline.evaluate(AbstractPipeline.java:234)
	at java.base/java.util.stream.ReferencePipeline.forEach(ReferencePipeline.java:596)
	at org.junit.jupiter.engine.descriptor.ClassBasedTestDescriptor.invokeTestInstancePostProcessors(ClassBasedTestDescriptor.java:422)
	at org.junit.jupiter.engine.descriptor.ClassBasedTestDescriptor.lambda$instantiateAndPostProcessTestInstance$0(ClassBasedTestDescriptor.java:334)
	at org.junit.platform.engine.support.hierarchical.ThrowableCollector.execute(ThrowableCollector.java:74)
	at org.junit.jupiter.engine.descriptor.ClassBasedTestDescriptor.instantiateAndPostProcessTestInstance(ClassBasedTestDescriptor.java:333)
	at org.junit.jupiter.engine.descriptor.ClassBasedTestDescriptor.lambda$testInstancesProvider$1(ClassBasedTestDescriptor.java:322)
	at java.base/java.util.Optional.orElseGet(Optional.java:364)
	at org.junit.jupiter.engine.descriptor.ClassBasedTestDescriptor.lambda$testInstancesProvider$0(ClassBasedTestDescriptor.java:321)
	at org.junit.jupiter.engine.execution.TestInstancesProvider.getTestInstances(TestInstancesProvider.java:27)
	at org.junit.jupiter.engine.descriptor.TestMethodTestDescriptor.lambda$prepare$0(TestMethodTestDescriptor.java:127)
	at org.junit.platform.engine.support.hierarchical.ThrowableCollector.execute(ThrowableCollector.java:74)
	at org.junit.jupiter.engine.descriptor.TestMethodTestDescriptor.prepare(TestMethodTestDescriptor.java:126)
	at org.junit.jupiter.engine.descriptor.TestMethodTestDescriptor.prepare(TestMethodTestDescriptor.java:70)
	at org.junit.platform.engine.support.hierarchical.NodeTestTask.lambda$prepare$0(NodeTestTask.java:144)
	at org.junit.platform.engine.support.hierarchical.ThrowableCollector.execute(ThrowableCollector.java:74)
	at org.junit.platform.engine.support.hierarchical.NodeTestTask.prepare(NodeTestTask.java:144)
	at org.junit.platform.engine.support.hierarchical.NodeTestTask.execute(NodeTestTask.java:110)
	at java.base/java.util.ArrayList.forEach(ArrayList.java:1596)
	at org.junit.platform.engine.support.hierarchical.SameThreadHierarchicalTestExecutorService.invokeAll(SameThreadHierarchicalTestExecutorService.java:42)
	at org.junit.platform.engine.support.hierarchical.NodeTestTask.lambda$executeRecursively$2(NodeTestTask.java:180)
	at org.junit.platform.engine.support.hierarchical.ThrowableCollector.execute(ThrowableCollector.java:74)
	at org.junit.platform.engine.support.hierarchical.NodeTestTask.lambda$executeRecursively$1(NodeTestTask.java:166)
	at org.junit.platform.engine.support.hierarchical.Node.around(Node.java:138)
	at org.junit.platform.engine.support.hierarchical.NodeTestTask.lambda$executeRecursively$0(NodeTestTask.java:164)
	at org.junit.platform.engine.support.hierarchical.ThrowableCollector.execute(ThrowableCollector.java:74)
	at org.junit.platform.engine.support.hierarchical.NodeTestTask.executeRecursively(NodeTestTask.java:163)
	at org.junit.platform.engine.support.hierarchical.NodeTestTask.execute(NodeTestTask.java:116)
	at java.base/java.util.ArrayList.forEach(ArrayList.java:1596)
	at org.junit.platform.engine.support.hierarchical.SameThreadHierarchicalTestExecutorService.invokeAll(SameThreadHierarchicalTestExecutorService.java:42)
	at org.junit.platform.engine.support.hierarchical.NodeTestTask.lambda$executeRecursively$2(NodeTestTask.java:180)
	at org.junit.platform.engine.support.hierarchical.ThrowableCollector.execute(ThrowableCollector.java:74)
	at org.junit.platform.engine.support.hierarchical.NodeTestTask.lambda$executeRecursively$1(NodeTestTask.java:166)
	at org.junit.platform.engine.support.hierarchical.Node.around(Node.java:138)
	at org.junit.platform.engine.support.hierarchical.NodeTestTask.lambda$executeRecursively$0(NodeTestTask.java:164)
	at org.junit.platform.engine.support.hierarchical.ThrowableCollector.execute(ThrowableCollector.java:74)
	at org.junit.platform.engine.support.hierarchical.NodeTestTask.executeRecursively(NodeTestTask.java:163)
	at org.junit.platform.engine.support.hierarchical.NodeTestTask.execute(NodeTestTask.java:116)
	at org.junit.platform.engine.support.hierarchical.SameThreadHierarchicalTestExecutorService.submit(SameThreadHierarchicalTestExecutorService.java:36)
	at org.junit.platform.engine.support.hierarchical.HierarchicalTestExecutor.execute(HierarchicalTestExecutor.java:52)
	at org.junit.platform.engine.support.hierarchical.HierarchicalTestEngine.execute(HierarchicalTestEngine.java:58)
	at org.junit.platform.launcher.core.EngineExecutionOrchestrator.executeEngine(EngineExecutionOrchestrator.java:246)
	at org.junit.platform.launcher.core.EngineExecutionOrchestrator.failOrExecuteEngine(EngineExecutionOrchestrator.java:218)
	at org.junit.platform.launcher.core.EngineExecutionOrchestrator.execute(EngineExecutionOrchestrator.java:179)
	at org.junit.platform.launcher.core.EngineExecutionOrchestrator.execute(EngineExecutionOrchestrator.java:108)
	at org.junit.platform.launcher.core.EngineExecutionOrchestrator.lambda$execute$0(EngineExecutionOrchestrator.java:66)
	at org.junit.platform.launcher.core.EngineExecutionOrchestrator.withInterceptedStreams(EngineExecutionOrchestrator.java:157)
	at org.junit.platform.launcher.core.EngineExecutionOrchestrator.execute(EngineExecutionOrchestrator.java:65)
	at org.junit.platform.launcher.core.DefaultLauncher.execute(DefaultLauncher.java:125)
	at org.junit.platform.launcher.core.DefaultLauncher.execute(DefaultLauncher.java:114)
	at org.junit.platform.launcher.core.DelegatingLauncher.execute(DelegatingLauncher.java:58)
	at org.junit.platform.launcher.core.InterceptingLauncher.lambda$execute$2(InterceptingLauncher.java:57)
	at org.junit.platform.launcher.core.ClasspathAlignmentCheckingLauncherInterceptor.intercept(ClasspathAlignmentCheckingLauncherInterceptor.java:25)
	at org.junit.platform.launcher.core.InterceptingLauncher.execute(InterceptingLauncher.java:56)
	at org.junit.platform.launcher.core.DelegatingLauncher.execute(DelegatingLauncher.java:58)
	at org.junit.platform.launcher.core.SessionPerRequestLauncher.execute(SessionPerRequestLauncher.java:81)
	at com.intellij.junit6.JUnit6TestRunnerHelper.execute(JUnit6TestRunnerHelper.java:69)
	at com.intellij.junit5.JUnit5IdeaTestRunner.startRunnerWithArgs(JUnit5IdeaTestRunner.java:70)
	at com.intellij.rt.junit.IdeaTestRunner$Repeater$1.execute(IdeaTestRunner.java:38)
	at com.intellij.rt.execution.junit.TestsRepeater.repeat(TestsRepeater.java:11)
	at com.intellij.rt.junit.IdeaTestRunner$Repeater.startRunnerWithArgs(IdeaTestRunner.java:35)
	at com.intellij.rt.junit.JUnitStarter.prepareStreamsAndStart(JUnitStarter.java:225)
	at com.intellij.rt.junit.JUnitStarter.main(JUnitStarter.java:61)
2026-06-24 21:34:37 WARN  o.springframework.test.context.TestContextManager - Caught exception while allowing TestExecutionListener [org.springframework.test.context.bean.override.BeanOverrideTestExecutionListener] to prepare test instance [com.example.libreriaMarketCatalogService.controllerV2.ProductoControllerV2Test@2bdcfcf]
java.lang.IllegalStateException: ApplicationContext failure threshold (1) exceeded: skipping repeated attempt to load context for [WebMergedContextConfiguration@48fc0211 testClass = com.example.libreriaMarketCatalogService.controllerV2.ProductoControllerV2Test, locations = [], classes = [com.example.libreriaMarketCatalogService.LibreriaMarketCatalogServiceApplication], contextInitializerClasses = [], activeProfiles = [], propertySourceDescriptors = [], propertySourceProperties = ["org.springframework.boot.webmvc.test.autoconfigure.WebMvcTestContextBootstrapper=true"], contextCustomizers = [[ImportsContextCustomizer@3ae2702a key = [org.springframework.boot.hateoas.autoconfigure.HypermediaAutoConfiguration, org.springframework.boot.jackson2.autoconfigure.Jackson2AutoConfiguration, org.springframework.boot.autoconfigure.task.TaskExecutionAutoConfiguration, org.springframework.boot.webmvc.test.autoconfigure.MockMvcWebDriverAutoConfiguration, org.springframework.boot.security.autoconfigure.SecurityAutoConfiguration, org.springframework.boot.autoconfigure.context.MessageSourceAutoConfiguration, org.springframework.boot.security.autoconfigure.web.servlet.SecurityFilterAutoConfiguration, org.springframework.boot.data.autoconfigure.web.DataWebAutoConfiguration, org.springframework.boot.webmvc.autoconfigure.error.ErrorMvcAutoConfiguration, org.springframework.boot.validation.autoconfigure.ValidationAutoConfiguration, org.springframework.boot.webmvc.autoconfigure.WebMvcAutoConfiguration, org.springframework.boot.security.test.autoconfigure.webmvc.SecurityMockMvcAutoConfiguration, org.springframework.boot.http.converter.autoconfigure.HttpMessageConvertersAutoConfiguration, org.springframework.boot.jackson.autoconfigure.JacksonAutoConfiguration, org.springframework.boot.webmvc.test.autoconfigure.MockMvcWebClientAutoConfiguration, org.springframework.boot.servlet.autoconfigure.HttpEncodingAutoConfiguration, org.springframework.boot.security.autoconfigure.UserDetailsServiceAutoConfiguration, org.springframework.boot.webmvc.test.autoconfigure.MockMvcAutoConfiguration]], org.springframework.boot.test.context.PropertyMappingContextCustomizer@2d298995, org.springframework.boot.test.context.filter.ExcludeFilterContextCustomizer@47428937, org.springframework.boot.test.context.filter.annotation.TypeExcludeFiltersContextCustomizer@7be4c24a, org.springframework.boot.test.json.DuplicateJsonObjectContextCustomizerFactory$DuplicateJsonObjectContextCustomizer@780ec4a5, org.springframework.boot.test.autoconfigure.OnFailureConditionReportContextCustomizerFactory$OnFailureConditionReportContextCustomizer@548e76f1, org.springframework.boot.test.autoconfigure.OverrideAutoConfigurationContextCustomizerFactory$DisableAutoConfigurationContextCustomizer@3aa3193a, org.springframework.test.context.bean.override.BeanOverrideContextCustomizer@ba01a2b3, org.springframework.test.context.support.DynamicPropertiesContextCustomizer@0, org.springframework.boot.webmvc.test.autoconfigure.WebDriverContextCustomizer@27cf3151, org.springframework.boot.web.server.context.SpringBootTestRandomPortContextCustomizerFactory$Customizer@4108fa66, org.springframework.boot.test.context.SpringBootTestAnnotation@e0f3fb2a], resourceBasePath = "src/main/webapp", contextLoader = org.springframework.boot.test.context.SpringBootContextLoader, parent = null]
	at org.springframework.test.context.cache.DefaultCacheAwareContextLoaderDelegate.loadContext(DefaultCacheAwareContextLoaderDelegate.java:157)
	at org.springframework.test.context.support.DefaultTestContext.getApplicationContext(DefaultTestContext.java:128)
	at org.springframework.test.context.bean.override.BeanOverrideTestExecutionListener.injectFields(BeanOverrideTestExecutionListener.java:107)
	at org.springframework.test.context.bean.override.BeanOverrideTestExecutionListener.prepareTestInstance(BeanOverrideTestExecutionListener.java:70)
	at org.springframework.test.context.TestContextManager.prepareTestInstance(TestContextManager.java:260)
	at org.springframework.test.context.junit.jupiter.SpringExtension.postProcessTestInstance(SpringExtension.java:203)
	at org.junit.jupiter.engine.descriptor.ClassBasedTestDescriptor.lambda$invokeTestInstancePostProcessors$1(ClassBasedTestDescriptor.java:423)
	at org.junit.jupiter.engine.descriptor.ClassBasedTestDescriptor.executeAndMaskThrowable(ClassBasedTestDescriptor.java:428)
	at org.junit.jupiter.engine.descriptor.ClassBasedTestDescriptor.lambda$invokeTestInstancePostProcessors$0(ClassBasedTestDescriptor.java:422)
	at java.base/java.util.stream.ForEachOps$ForEachOp$OfRef.accept(ForEachOps.java:184)
	at java.base/java.util.stream.ReferencePipeline$3$1.accept(ReferencePipeline.java:197)
	at java.base/java.util.stream.ReferencePipeline$2$1.accept(ReferencePipeline.java:179)
	at java.base/java.util.stream.ReferencePipeline$3$1.accept(ReferencePipeline.java:197)
	at java.base/java.util.ArrayList$ArrayListSpliterator.forEachRemaining(ArrayList.java:1708)
	at java.base/java.util.stream.AbstractPipeline.copyInto(AbstractPipeline.java:509)
	at java.base/java.util.stream.AbstractPipeline.wrapAndCopyInto(AbstractPipeline.java:499)
	at java.base/java.util.stream.ForEachOps$ForEachOp.evaluateSequential(ForEachOps.java:151)
	at java.base/java.util.stream.ForEachOps$ForEachOp$OfRef.evaluateSequential(ForEachOps.java:174)
	at java.base/java.util.stream.AbstractPipeline.evaluate(AbstractPipeline.java:234)
	at java.base/java.util.stream.ReferencePipeline.forEach(ReferencePipeline.java:596)
	at org.junit.jupiter.engine.descriptor.ClassBasedTestDescriptor.invokeTestInstancePostProcessors(ClassBasedTestDescriptor.java:422)
	at org.junit.jupiter.engine.descriptor.ClassBasedTestDescriptor.lambda$instantiateAndPostProcessTestInstance$0(ClassBasedTestDescriptor.java:334)
	at org.junit.platform.engine.support.hierarchical.ThrowableCollector.execute(ThrowableCollector.java:74)
	at org.junit.jupiter.engine.descriptor.ClassBasedTestDescriptor.instantiateAndPostProcessTestInstance(ClassBasedTestDescriptor.java:333)
	at org.junit.jupiter.engine.descriptor.ClassBasedTestDescriptor.lambda$testInstancesProvider$1(ClassBasedTestDescriptor.java:322)
	at java.base/java.util.Optional.orElseGet(Optional.java:364)
	at org.junit.jupiter.engine.descriptor.ClassBasedTestDescriptor.lambda$testInstancesProvider$0(ClassBasedTestDescriptor.java:321)
	at org.junit.jupiter.engine.execution.TestInstancesProvider.getTestInstances(TestInstancesProvider.java:27)
	at org.junit.jupiter.engine.descriptor.TestMethodTestDescriptor.lambda$prepare$0(TestMethodTestDescriptor.java:127)
	at org.junit.platform.engine.support.hierarchical.ThrowableCollector.execute(ThrowableCollector.java:74)
	at org.junit.jupiter.engine.descriptor.TestMethodTestDescriptor.prepare(TestMethodTestDescriptor.java:126)
	at org.junit.jupiter.engine.descriptor.TestMethodTestDescriptor.prepare(TestMethodTestDescriptor.java:70)
	at org.junit.platform.engine.support.hierarchical.NodeTestTask.lambda$prepare$0(NodeTestTask.java:144)
	at org.junit.platform.engine.support.hierarchical.ThrowableCollector.execute(ThrowableCollector.java:74)
	at org.junit.platform.engine.support.hierarchical.NodeTestTask.prepare(NodeTestTask.java:144)
	at org.junit.platform.engine.support.hierarchical.NodeTestTask.execute(NodeTestTask.java:110)
	at java.base/java.util.ArrayList.forEach(ArrayList.java:1596)
	at org.junit.platform.engine.support.hierarchical.SameThreadHierarchicalTestExecutorService.invokeAll(SameThreadHierarchicalTestExecutorService.java:42)
	at org.junit.platform.engine.support.hierarchical.NodeTestTask.lambda$executeRecursively$2(NodeTestTask.java:180)
	at org.junit.platform.engine.support.hierarchical.ThrowableCollector.execute(ThrowableCollector.java:74)
	at org.junit.platform.engine.support.hierarchical.NodeTestTask.lambda$executeRecursively$1(NodeTestTask.java:166)
	at org.junit.platform.engine.support.hierarchical.Node.around(Node.java:138)
	at org.junit.platform.engine.support.hierarchical.NodeTestTask.lambda$executeRecursively$0(NodeTestTask.java:164)
	at org.junit.platform.engine.support.hierarchical.ThrowableCollector.execute(ThrowableCollector.java:74)
	at org.junit.platform.engine.support.hierarchical.NodeTestTask.executeRecursively(NodeTestTask.java:163)
	at org.junit.platform.engine.support.hierarchical.NodeTestTask.execute(NodeTestTask.java:116)
	at java.base/java.util.ArrayList.forEach(ArrayList.java:1596)
	at org.junit.platform.engine.support.hierarchical.SameThreadHierarchicalTestExecutorService.invokeAll(SameThreadHierarchicalTestExecutorService.java:42)
	at org.junit.platform.engine.support.hierarchical.NodeTestTask.lambda$executeRecursively$2(NodeTestTask.java:180)
	at org.junit.platform.engine.support.hierarchical.ThrowableCollector.execute(ThrowableCollector.java:74)
	at org.junit.platform.engine.support.hierarchical.NodeTestTask.lambda$executeRecursively$1(NodeTestTask.java:166)
	at org.junit.platform.engine.support.hierarchical.Node.around(Node.java:138)
	at org.junit.platform.engine.support.hierarchical.NodeTestTask.lambda$executeRecursively$0(NodeTestTask.java:164)
	at org.junit.platform.engine.support.hierarchical.ThrowableCollector.execute(ThrowableCollector.java:74)
	at org.junit.platform.engine.support.hierarchical.NodeTestTask.executeRecursively(NodeTestTask.java:163)
	at org.junit.platform.engine.support.hierarchical.NodeTestTask.execute(NodeTestTask.java:116)
	at org.junit.platform.engine.support.hierarchical.SameThreadHierarchicalTestExecutorService.submit(SameThreadHierarchicalTestExecutorService.java:36)
	at org.junit.platform.engine.support.hierarchical.HierarchicalTestExecutor.execute(HierarchicalTestExecutor.java:52)
	at org.junit.platform.engine.support.hierarchical.HierarchicalTestEngine.execute(HierarchicalTestEngine.java:58)
	at org.junit.platform.launcher.core.EngineExecutionOrchestrator.executeEngine(EngineExecutionOrchestrator.java:246)
	at org.junit.platform.launcher.core.EngineExecutionOrchestrator.failOrExecuteEngine(EngineExecutionOrchestrator.java:218)
	at org.junit.platform.launcher.core.EngineExecutionOrchestrator.execute(EngineExecutionOrchestrator.java:179)
	at org.junit.platform.launcher.core.EngineExecutionOrchestrator.execute(EngineExecutionOrchestrator.java:108)
	at org.junit.platform.launcher.core.EngineExecutionOrchestrator.lambda$execute$0(EngineExecutionOrchestrator.java:66)
	at org.junit.platform.launcher.core.EngineExecutionOrchestrator.withInterceptedStreams(EngineExecutionOrchestrator.java:157)
	at org.junit.platform.launcher.core.EngineExecutionOrchestrator.execute(EngineExecutionOrchestrator.java:65)
	at org.junit.platform.launcher.core.DefaultLauncher.execute(DefaultLauncher.java:125)
	at org.junit.platform.launcher.core.DefaultLauncher.execute(DefaultLauncher.java:114)
	at org.junit.platform.launcher.core.DelegatingLauncher.execute(DelegatingLauncher.java:58)
	at org.junit.platform.launcher.core.InterceptingLauncher.lambda$execute$2(InterceptingLauncher.java:57)
	at org.junit.platform.launcher.core.ClasspathAlignmentCheckingLauncherInterceptor.intercept(ClasspathAlignmentCheckingLauncherInterceptor.java:25)
	at org.junit.platform.launcher.core.InterceptingLauncher.execute(InterceptingLauncher.java:56)
	at org.junit.platform.launcher.core.DelegatingLauncher.execute(DelegatingLauncher.java:58)
	at org.junit.platform.launcher.core.SessionPerRequestLauncher.execute(SessionPerRequestLauncher.java:81)
	at com.intellij.junit6.JUnit6TestRunnerHelper.execute(JUnit6TestRunnerHelper.java:69)
	at com.intellij.junit5.JUnit5IdeaTestRunner.startRunnerWithArgs(JUnit5IdeaTestRunner.java:70)
	at com.intellij.rt.junit.IdeaTestRunner$Repeater$1.execute(IdeaTestRunner.java:38)
	at com.intellij.rt.execution.junit.TestsRepeater.repeat(TestsRepeater.java:11)
	at com.intellij.rt.junit.IdeaTestRunner$Repeater.startRunnerWithArgs(IdeaTestRunner.java:35)
	at com.intellij.rt.junit.JUnitStarter.prepareStreamsAndStart(JUnitStarter.java:225)
	at com.intellij.rt.junit.JUnitStarter.main(JUnitStarter.java:61)
2026-06-24 21:34:37 WARN  o.springframework.test.context.TestContextManager - Caught exception while allowing TestExecutionListener [org.springframework.test.context.bean.override.BeanOverrideTestExecutionListener] to prepare test instance [com.example.libreriaMarketCatalogService.controllerV2.ProductoControllerV2Test@58f7215c]
java.lang.IllegalStateException: ApplicationContext failure threshold (1) exceeded: skipping repeated attempt to load context for [WebMergedContextConfiguration@48fc0211 testClass = com.example.libreriaMarketCatalogService.controllerV2.ProductoControllerV2Test, locations = [], classes = [com.example.libreriaMarketCatalogService.LibreriaMarketCatalogServiceApplication], contextInitializerClasses = [], activeProfiles = [], propertySourceDescriptors = [], propertySourceProperties = ["org.springframework.boot.webmvc.test.autoconfigure.WebMvcTestContextBootstrapper=true"], contextCustomizers = [[ImportsContextCustomizer@3ae2702a key = [org.springframework.boot.hateoas.autoconfigure.HypermediaAutoConfiguration, org.springframework.boot.jackson2.autoconfigure.Jackson2AutoConfiguration, org.springframework.boot.autoconfigure.task.TaskExecutionAutoConfiguration, org.springframework.boot.webmvc.test.autoconfigure.MockMvcWebDriverAutoConfiguration, org.springframework.boot.security.autoconfigure.SecurityAutoConfiguration, org.springframework.boot.autoconfigure.context.MessageSourceAutoConfiguration, org.springframework.boot.security.autoconfigure.web.servlet.SecurityFilterAutoConfiguration, org.springframework.boot.data.autoconfigure.web.DataWebAutoConfiguration, org.springframework.boot.webmvc.autoconfigure.error.ErrorMvcAutoConfiguration, org.springframework.boot.validation.autoconfigure.ValidationAutoConfiguration, org.springframework.boot.webmvc.autoconfigure.WebMvcAutoConfiguration, org.springframework.boot.security.test.autoconfigure.webmvc.SecurityMockMvcAutoConfiguration, org.springframework.boot.http.converter.autoconfigure.HttpMessageConvertersAutoConfiguration, org.springframework.boot.jackson.autoconfigure.JacksonAutoConfiguration, org.springframework.boot.webmvc.test.autoconfigure.MockMvcWebClientAutoConfiguration, org.springframework.boot.servlet.autoconfigure.HttpEncodingAutoConfiguration, org.springframework.boot.security.autoconfigure.UserDetailsServiceAutoConfiguration, org.springframework.boot.webmvc.test.autoconfigure.MockMvcAutoConfiguration]], org.springframework.boot.test.context.PropertyMappingContextCustomizer@2d298995, org.springframework.boot.test.context.filter.ExcludeFilterContextCustomizer@47428937, org.springframework.boot.test.context.filter.annotation.TypeExcludeFiltersContextCustomizer@7be4c24a, org.springframework.boot.test.json.DuplicateJsonObjectContextCustomizerFactory$DuplicateJsonObjectContextCustomizer@780ec4a5, org.springframework.boot.test.autoconfigure.OnFailureConditionReportContextCustomizerFactory$OnFailureConditionReportContextCustomizer@548e76f1, org.springframework.boot.test.autoconfigure.OverrideAutoConfigurationContextCustomizerFactory$DisableAutoConfigurationContextCustomizer@3aa3193a, org.springframework.test.context.bean.override.BeanOverrideContextCustomizer@ba01a2b3, org.springframework.test.context.support.DynamicPropertiesContextCustomizer@0, org.springframework.boot.webmvc.test.autoconfigure.WebDriverContextCustomizer@27cf3151, org.springframework.boot.web.server.context.SpringBootTestRandomPortContextCustomizerFactory$Customizer@4108fa66, org.springframework.boot.test.context.SpringBootTestAnnotation@e0f3fb2a], resourceBasePath = "src/main/webapp", contextLoader = org.springframework.boot.test.context.SpringBootContextLoader, parent = null]
	at org.springframework.test.context.cache.DefaultCacheAwareContextLoaderDelegate.loadContext(DefaultCacheAwareContextLoaderDelegate.java:157)
	at org.springframework.test.context.support.DefaultTestContext.getApplicationContext(DefaultTestContext.java:128)
	at org.springframework.test.context.bean.override.BeanOverrideTestExecutionListener.injectFields(BeanOverrideTestExecutionListener.java:107)
	at org.springframework.test.context.bean.override.BeanOverrideTestExecutionListener.prepareTestInstance(BeanOverrideTestExecutionListener.java:70)
	at org.springframework.test.context.TestContextManager.prepareTestInstance(TestContextManager.java:260)
	at org.springframework.test.context.junit.jupiter.SpringExtension.postProcessTestInstance(SpringExtension.java:203)
	at org.junit.jupiter.engine.descriptor.ClassBasedTestDescriptor.lambda$invokeTestInstancePostProcessors$1(ClassBasedTestDescriptor.java:423)
	at org.junit.jupiter.engine.descriptor.ClassBasedTestDescriptor.executeAndMaskThrowable(ClassBasedTestDescriptor.java:428)
	at org.junit.jupiter.engine.descriptor.ClassBasedTestDescriptor.lambda$invokeTestInstancePostProcessors$0(ClassBasedTestDescriptor.java:422)
	at java.base/java.util.stream.ForEachOps$ForEachOp$OfRef.accept(ForEachOps.java:184)
	at java.base/java.util.stream.ReferencePipeline$3$1.accept(ReferencePipeline.java:197)
	at java.base/java.util.stream.ReferencePipeline$2$1.accept(ReferencePipeline.java:179)
	at java.base/java.util.stream.ReferencePipeline$3$1.accept(ReferencePipeline.java:197)
	at java.base/java.util.ArrayList$ArrayListSpliterator.forEachRemaining(ArrayList.java:1708)
	at java.base/java.util.stream.AbstractPipeline.copyInto(AbstractPipeline.java:509)
	at java.base/java.util.stream.AbstractPipeline.wrapAndCopyInto(AbstractPipeline.java:499)
	at java.base/java.util.stream.ForEachOps$ForEachOp.evaluateSequential(ForEachOps.java:151)
	at java.base/java.util.stream.ForEachOps$ForEachOp$OfRef.evaluateSequential(ForEachOps.java:174)
	at java.base/java.util.stream.AbstractPipeline.evaluate(AbstractPipeline.java:234)
	at java.base/java.util.stream.ReferencePipeline.forEach(ReferencePipeline.java:596)
	at org.junit.jupiter.engine.descriptor.ClassBasedTestDescriptor.invokeTestInstancePostProcessors(ClassBasedTestDescriptor.java:422)
	at org.junit.jupiter.engine.descriptor.ClassBasedTestDescriptor.lambda$instantiateAndPostProcessTestInstance$0(ClassBasedTestDescriptor.java:334)
	at org.junit.platform.engine.support.hierarchical.ThrowableCollector.execute(ThrowableCollector.java:74)
	at org.junit.jupiter.engine.descriptor.ClassBasedTestDescriptor.instantiateAndPostProcessTestInstance(ClassBasedTestDescriptor.java:333)
	at org.junit.jupiter.engine.descriptor.ClassBasedTestDescriptor.lambda$testInstancesProvider$1(ClassBasedTestDescriptor.java:322)
	at java.base/java.util.Optional.orElseGet(Optional.java:364)
	at org.junit.jupiter.engine.descriptor.ClassBasedTestDescriptor.lambda$testInstancesProvider$0(ClassBasedTestDescriptor.java:321)
	at org.junit.jupiter.engine.execution.TestInstancesProvider.getTestInstances(TestInstancesProvider.java:27)
	at org.junit.jupiter.engine.descriptor.TestMethodTestDescriptor.lambda$prepare$0(TestMethodTestDescriptor.java:127)
	at org.junit.platform.engine.support.hierarchical.ThrowableCollector.execute(ThrowableCollector.java:74)
	at org.junit.jupiter.engine.descriptor.TestMethodTestDescriptor.prepare(TestMethodTestDescriptor.java:126)
	at org.junit.jupiter.engine.descriptor.TestMethodTestDescriptor.prepare(TestMethodTestDescriptor.java:70)
	at org.junit.platform.engine.support.hierarchical.NodeTestTask.lambda$prepare$0(NodeTestTask.java:144)
	at org.junit.platform.engine.support.hierarchical.ThrowableCollector.execute(ThrowableCollector.java:74)
	at org.junit.platform.engine.support.hierarchical.NodeTestTask.prepare(NodeTestTask.java:144)
	at org.junit.platform.engine.support.hierarchical.NodeTestTask.execute(NodeTestTask.java:110)
	at java.base/java.util.ArrayList.forEach(ArrayList.java:1596)
	at org.junit.platform.engine.support.hierarchical.SameThreadHierarchicalTestExecutorService.invokeAll(SameThreadHierarchicalTestExecutorService.java:42)
	at org.junit.platform.engine.support.hierarchical.NodeTestTask.lambda$executeRecursively$2(NodeTestTask.java:180)
	at org.junit.platform.engine.support.hierarchical.ThrowableCollector.execute(ThrowableCollector.java:74)
	at org.junit.platform.engine.support.hierarchical.NodeTestTask.lambda$executeRecursively$1(NodeTestTask.java:166)
	at org.junit.platform.engine.support.hierarchical.Node.around(Node.java:138)
	at org.junit.platform.engine.support.hierarchical.NodeTestTask.lambda$executeRecursively$0(NodeTestTask.java:164)
	at org.junit.platform.engine.support.hierarchical.ThrowableCollector.execute(ThrowableCollector.java:74)
	at org.junit.platform.engine.support.hierarchical.NodeTestTask.executeRecursively(NodeTestTask.java:163)
	at org.junit.platform.engine.support.hierarchical.NodeTestTask.execute(NodeTestTask.java:116)
	at java.base/java.util.ArrayList.forEach(ArrayList.java:1596)
	at org.junit.platform.engine.support.hierarchical.SameThreadHierarchicalTestExecutorService.invokeAll(SameThreadHierarchicalTestExecutorService.java:42)
	at org.junit.platform.engine.support.hierarchical.NodeTestTask.lambda$executeRecursively$2(NodeTestTask.java:180)
	at org.junit.platform.engine.support.hierarchical.ThrowableCollector.execute(ThrowableCollector.java:74)
	at org.junit.platform.engine.support.hierarchical.NodeTestTask.lambda$executeRecursively$1(NodeTestTask.java:166)
	at org.junit.platform.engine.support.hierarchical.Node.around(Node.java:138)
	at org.junit.platform.engine.support.hierarchical.NodeTestTask.lambda$executeRecursively$0(NodeTestTask.java:164)
	at org.junit.platform.engine.support.hierarchical.ThrowableCollector.execute(ThrowableCollector.java:74)
	at org.junit.platform.engine.support.hierarchical.NodeTestTask.executeRecursively(NodeTestTask.java:163)
	at org.junit.platform.engine.support.hierarchical.NodeTestTask.execute(NodeTestTask.java:116)
	at org.junit.platform.engine.support.hierarchical.SameThreadHierarchicalTestExecutorService.submit(SameThreadHierarchicalTestExecutorService.java:36)
	at org.junit.platform.engine.support.hierarchical.HierarchicalTestExecutor.execute(HierarchicalTestExecutor.java:52)
	at org.junit.platform.engine.support.hierarchical.HierarchicalTestEngine.execute(HierarchicalTestEngine.java:58)
	at org.junit.platform.launcher.core.EngineExecutionOrchestrator.executeEngine(EngineExecutionOrchestrator.java:246)
	at org.junit.platform.launcher.core.EngineExecutionOrchestrator.failOrExecuteEngine(EngineExecutionOrchestrator.java:218)
	at org.junit.platform.launcher.core.EngineExecutionOrchestrator.execute(EngineExecutionOrchestrator.java:179)
	at org.junit.platform.launcher.core.EngineExecutionOrchestrator.execute(EngineExecutionOrchestrator.java:108)
	at org.junit.platform.launcher.core.EngineExecutionOrchestrator.lambda$execute$0(EngineExecutionOrchestrator.java:66)
	at org.junit.platform.launcher.core.EngineExecutionOrchestrator.withInterceptedStreams(EngineExecutionOrchestrator.java:157)
	at org.junit.platform.launcher.core.EngineExecutionOrchestrator.execute(EngineExecutionOrchestrator.java:65)
	at org.junit.platform.launcher.core.DefaultLauncher.execute(DefaultLauncher.java:125)
	at org.junit.platform.launcher.core.DefaultLauncher.execute(DefaultLauncher.java:114)
	at org.junit.platform.launcher.core.DelegatingLauncher.execute(DelegatingLauncher.java:58)
	at org.junit.platform.launcher.core.InterceptingLauncher.lambda$execute$2(InterceptingLauncher.java:57)
	at org.junit.platform.launcher.core.ClasspathAlignmentCheckingLauncherInterceptor.intercept(ClasspathAlignmentCheckingLauncherInterceptor.java:25)
	at org.junit.platform.launcher.core.InterceptingLauncher.execute(InterceptingLauncher.java:56)
	at org.junit.platform.launcher.core.DelegatingLauncher.execute(DelegatingLauncher.java:58)
	at org.junit.platform.launcher.core.SessionPerRequestLauncher.execute(SessionPerRequestLauncher.java:81)
	at com.intellij.junit6.JUnit6TestRunnerHelper.execute(JUnit6TestRunnerHelper.java:69)
	at com.intellij.junit5.JUnit5IdeaTestRunner.startRunnerWithArgs(JUnit5IdeaTestRunner.java:70)
	at com.intellij.rt.junit.IdeaTestRunner$Repeater$1.execute(IdeaTestRunner.java:38)
	at com.intellij.rt.execution.junit.TestsRepeater.repeat(TestsRepeater.java:11)
	at com.intellij.rt.junit.IdeaTestRunner$Repeater.startRunnerWithArgs(IdeaTestRunner.java:35)
	at com.intellij.rt.junit.JUnitStarter.prepareStreamsAndStart(JUnitStarter.java:225)
	at com.intellij.rt.junit.JUnitStarter.main(JUnitStarter.java:61)
2026-06-24 21:34:37 WARN  o.springframework.test.context.TestContextManager - Caught exception while allowing TestExecutionListener [org.springframework.test.context.bean.override.BeanOverrideTestExecutionListener] to prepare test instance [com.example.libreriaMarketCatalogService.controllerV2.ProductoControllerV2Test@531a716c]
java.lang.IllegalStateException: ApplicationContext failure threshold (1) exceeded: skipping repeated attempt to load context for [WebMergedContextConfiguration@48fc0211 testClass = com.example.libreriaMarketCatalogService.controllerV2.ProductoControllerV2Test, locations = [], classes = [com.example.libreriaMarketCatalogService.LibreriaMarketCatalogServiceApplication], contextInitializerClasses = [], activeProfiles = [], propertySourceDescriptors = [], propertySourceProperties = ["org.springframework.boot.webmvc.test.autoconfigure.WebMvcTestContextBootstrapper=true"], contextCustomizers = [[ImportsContextCustomizer@3ae2702a key = [org.springframework.boot.hateoas.autoconfigure.HypermediaAutoConfiguration, org.springframework.boot.jackson2.autoconfigure.Jackson2AutoConfiguration, org.springframework.boot.autoconfigure.task.TaskExecutionAutoConfiguration, org.springframework.boot.webmvc.test.autoconfigure.MockMvcWebDriverAutoConfiguration, org.springframework.boot.security.autoconfigure.SecurityAutoConfiguration, org.springframework.boot.autoconfigure.context.MessageSourceAutoConfiguration, org.springframework.boot.security.autoconfigure.web.servlet.SecurityFilterAutoConfiguration, org.springframework.boot.data.autoconfigure.web.DataWebAutoConfiguration, org.springframework.boot.webmvc.autoconfigure.error.ErrorMvcAutoConfiguration, org.springframework.boot.validation.autoconfigure.ValidationAutoConfiguration, org.springframework.boot.webmvc.autoconfigure.WebMvcAutoConfiguration, org.springframework.boot.security.test.autoconfigure.webmvc.SecurityMockMvcAutoConfiguration, org.springframework.boot.http.converter.autoconfigure.HttpMessageConvertersAutoConfiguration, org.springframework.boot.jackson.autoconfigure.JacksonAutoConfiguration, org.springframework.boot.webmvc.test.autoconfigure.MockMvcWebClientAutoConfiguration, org.springframework.boot.servlet.autoconfigure.HttpEncodingAutoConfiguration, org.springframework.boot.security.autoconfigure.UserDetailsServiceAutoConfiguration, org.springframework.boot.webmvc.test.autoconfigure.MockMvcAutoConfiguration]], org.springframework.boot.test.context.PropertyMappingContextCustomizer@2d298995, org.springframework.boot.test.context.filter.ExcludeFilterContextCustomizer@47428937, org.springframework.boot.test.context.filter.annotation.TypeExcludeFiltersContextCustomizer@7be4c24a, org.springframework.boot.test.json.DuplicateJsonObjectContextCustomizerFactory$DuplicateJsonObjectContextCustomizer@780ec4a5, org.springframework.boot.test.autoconfigure.OnFailureConditionReportContextCustomizerFactory$OnFailureConditionReportContextCustomizer@548e76f1, org.springframework.boot.test.autoconfigure.OverrideAutoConfigurationContextCustomizerFactory$DisableAutoConfigurationContextCustomizer@3aa3193a, org.springframework.test.context.bean.override.BeanOverrideContextCustomizer@ba01a2b3, org.springframework.test.context.support.DynamicPropertiesContextCustomizer@0, org.springframework.boot.webmvc.test.autoconfigure.WebDriverContextCustomizer@27cf3151, org.springframework.boot.web.server.context.SpringBootTestRandomPortContextCustomizerFactory$Customizer@4108fa66, org.springframework.boot.test.context.SpringBootTestAnnotation@e0f3fb2a], resourceBasePath = "src/main/webapp", contextLoader = org.springframework.boot.test.context.SpringBootContextLoader, parent = null]
	at org.springframework.test.context.cache.DefaultCacheAwareContextLoaderDelegate.loadContext(DefaultCacheAwareContextLoaderDelegate.java:157)
	at org.springframework.test.context.support.DefaultTestContext.getApplicationContext(DefaultTestContext.java:128)
	at org.springframework.test.context.bean.override.BeanOverrideTestExecutionListener.injectFields(BeanOverrideTestExecutionListener.java:107)
	at org.springframework.test.context.bean.override.BeanOverrideTestExecutionListener.prepareTestInstance(BeanOverrideTestExecutionListener.java:70)
	at org.springframework.test.context.TestContextManager.prepareTestInstance(TestContextManager.java:260)
	at org.springframework.test.context.junit.jupiter.SpringExtension.postProcessTestInstance(SpringExtension.java:203)
	at org.junit.jupiter.engine.descriptor.ClassBasedTestDescriptor.lambda$invokeTestInstancePostProcessors$1(ClassBasedTestDescriptor.java:423)
	at org.junit.jupiter.engine.descriptor.ClassBasedTestDescriptor.executeAndMaskThrowable(ClassBasedTestDescriptor.java:428)
	at org.junit.jupiter.engine.descriptor.ClassBasedTestDescriptor.lambda$invokeTestInstancePostProcessors$0(ClassBasedTestDescriptor.java:422)
	at java.base/java.util.stream.ForEachOps$ForEachOp$OfRef.accept(ForEachOps.java:184)
	at java.base/java.util.stream.ReferencePipeline$3$1.accept(ReferencePipeline.java:197)
	at java.base/java.util.stream.ReferencePipeline$2$1.accept(ReferencePipeline.java:179)
	at java.base/java.util.stream.ReferencePipeline$3$1.accept(ReferencePipeline.java:197)
	at java.base/java.util.ArrayList$ArrayListSpliterator.forEachRemaining(ArrayList.java:1708)
	at java.base/java.util.stream.AbstractPipeline.copyInto(AbstractPipeline.java:509)
	at java.base/java.util.stream.AbstractPipeline.wrapAndCopyInto(AbstractPipeline.java:499)
	at java.base/java.util.stream.ForEachOps$ForEachOp.evaluateSequential(ForEachOps.java:151)
	at java.base/java.util.stream.ForEachOps$ForEachOp$OfRef.evaluateSequential(ForEachOps.java:174)
	at java.base/java.util.stream.AbstractPipeline.evaluate(AbstractPipeline.java:234)
	at java.base/java.util.stream.ReferencePipeline.forEach(ReferencePipeline.java:596)
	at org.junit.jupiter.engine.descriptor.ClassBasedTestDescriptor.invokeTestInstancePostProcessors(ClassBasedTestDescriptor.java:422)
	at org.junit.jupiter.engine.descriptor.ClassBasedTestDescriptor.lambda$instantiateAndPostProcessTestInstance$0(ClassBasedTestDescriptor.java:334)
	at org.junit.platform.engine.support.hierarchical.ThrowableCollector.execute(ThrowableCollector.java:74)
	at org.junit.jupiter.engine.descriptor.ClassBasedTestDescriptor.instantiateAndPostProcessTestInstance(ClassBasedTestDescriptor.java:333)
	at org.junit.jupiter.engine.descriptor.ClassBasedTestDescriptor.lambda$testInstancesProvider$1(ClassBasedTestDescriptor.java:322)
	at java.base/java.util.Optional.orElseGet(Optional.java:364)
	at org.junit.jupiter.engine.descriptor.ClassBasedTestDescriptor.lambda$testInstancesProvider$0(ClassBasedTestDescriptor.java:321)
	at org.junit.jupiter.engine.execution.TestInstancesProvider.getTestInstances(TestInstancesProvider.java:27)
	at org.junit.jupiter.engine.descriptor.TestMethodTestDescriptor.lambda$prepare$0(TestMethodTestDescriptor.java:127)
	at org.junit.platform.engine.support.hierarchical.ThrowableCollector.execute(ThrowableCollector.java:74)
	at org.junit.jupiter.engine.descriptor.TestMethodTestDescriptor.prepare(TestMethodTestDescriptor.java:126)
	at org.junit.jupiter.engine.descriptor.TestMethodTestDescriptor.prepare(TestMethodTestDescriptor.java:70)
	at org.junit.platform.engine.support.hierarchical.NodeTestTask.lambda$prepare$0(NodeTestTask.java:144)
	at org.junit.platform.engine.support.hierarchical.ThrowableCollector.execute(ThrowableCollector.java:74)
	at org.junit.platform.engine.support.hierarchical.NodeTestTask.prepare(NodeTestTask.java:144)
	at org.junit.platform.engine.support.hierarchical.NodeTestTask.execute(NodeTestTask.java:110)
	at java.base/java.util.ArrayList.forEach(ArrayList.java:1596)
	at org.junit.platform.engine.support.hierarchical.SameThreadHierarchicalTestExecutorService.invokeAll(SameThreadHierarchicalTestExecutorService.java:42)
	at org.junit.platform.engine.support.hierarchical.NodeTestTask.lambda$executeRecursively$2(NodeTestTask.java:180)
	at org.junit.platform.engine.support.hierarchical.ThrowableCollector.execute(ThrowableCollector.java:74)
	at org.junit.platform.engine.support.hierarchical.NodeTestTask.lambda$executeRecursively$1(NodeTestTask.java:166)
	at org.junit.platform.engine.support.hierarchical.Node.around(Node.java:138)
	at org.junit.platform.engine.support.hierarchical.NodeTestTask.lambda$executeRecursively$0(NodeTestTask.java:164)
	at org.junit.platform.engine.support.hierarchical.ThrowableCollector.execute(ThrowableCollector.java:74)
	at org.junit.platform.engine.support.hierarchical.NodeTestTask.executeRecursively(NodeTestTask.java:163)
	at org.junit.platform.engine.support.hierarchical.NodeTestTask.execute(NodeTestTask.java:116)
	at java.base/java.util.ArrayList.forEach(ArrayList.java:1596)
	at org.junit.platform.engine.support.hierarchical.SameThreadHierarchicalTestExecutorService.invokeAll(SameThreadHierarchicalTestExecutorService.java:42)
	at org.junit.platform.engine.support.hierarchical.NodeTestTask.lambda$executeRecursively$2(NodeTestTask.java:180)
	at org.junit.platform.engine.support.hierarchical.ThrowableCollector.execute(ThrowableCollector.java:74)
	at org.junit.platform.engine.support.hierarchical.NodeTestTask.lambda$executeRecursively$1(NodeTestTask.java:166)
	at org.junit.platform.engine.support.hierarchical.Node.around(Node.java:138)
	at org.junit.platform.engine.support.hierarchical.NodeTestTask.lambda$executeRecursively$0(NodeTestTask.java:164)
	at org.junit.platform.engine.support.hierarchical.ThrowableCollector.execute(ThrowableCollector.java:74)
	at org.junit.platform.engine.support.hierarchical.NodeTestTask.executeRecursively(NodeTestTask.java:163)
	at org.junit.platform.engine.support.hierarchical.NodeTestTask.execute(NodeTestTask.java:116)
	at org.junit.platform.engine.support.hierarchical.SameThreadHierarchicalTestExecutorService.submit(SameThreadHierarchicalTestExecutorService.java:36)
	at org.junit.platform.engine.support.hierarchical.HierarchicalTestExecutor.execute(HierarchicalTestExecutor.java:52)
	at org.junit.platform.engine.support.hierarchical.HierarchicalTestEngine.execute(HierarchicalTestEngine.java:58)
	at org.junit.platform.launcher.core.EngineExecutionOrchestrator.executeEngine(EngineExecutionOrchestrator.java:246)
	at org.junit.platform.launcher.core.EngineExecutionOrchestrator.failOrExecuteEngine(EngineExecutionOrchestrator.java:218)
	at org.junit.platform.launcher.core.EngineExecutionOrchestrator.execute(EngineExecutionOrchestrator.java:179)
	at org.junit.platform.launcher.core.EngineExecutionOrchestrator.execute(EngineExecutionOrchestrator.java:108)
	at org.junit.platform.launcher.core.EngineExecutionOrchestrator.lambda$execute$0(EngineExecutionOrchestrator.java:66)
	at org.junit.platform.launcher.core.EngineExecutionOrchestrator.withInterceptedStreams(EngineExecutionOrchestrator.java:157)
	at org.junit.platform.launcher.core.EngineExecutionOrchestrator.execute(EngineExecutionOrchestrator.java:65)
	at org.junit.platform.launcher.core.DefaultLauncher.execute(DefaultLauncher.java:125)
	at org.junit.platform.launcher.core.DefaultLauncher.execute(DefaultLauncher.java:114)
	at org.junit.platform.launcher.core.DelegatingLauncher.execute(DelegatingLauncher.java:58)
	at org.junit.platform.launcher.core.InterceptingLauncher.lambda$execute$2(InterceptingLauncher.java:57)
	at org.junit.platform.launcher.core.ClasspathAlignmentCheckingLauncherInterceptor.intercept(ClasspathAlignmentCheckingLauncherInterceptor.java:25)
	at org.junit.platform.launcher.core.InterceptingLauncher.execute(InterceptingLauncher.java:56)
	at org.junit.platform.launcher.core.DelegatingLauncher.execute(DelegatingLauncher.java:58)
	at org.junit.platform.launcher.core.SessionPerRequestLauncher.execute(SessionPerRequestLauncher.java:81)
	at com.intellij.junit6.JUnit6TestRunnerHelper.execute(JUnit6TestRunnerHelper.java:69)
	at com.intellij.junit5.JUnit5IdeaTestRunner.startRunnerWithArgs(JUnit5IdeaTestRunner.java:70)
	at com.intellij.rt.junit.IdeaTestRunner$Repeater$1.execute(IdeaTestRunner.java:38)
	at com.intellij.rt.execution.junit.TestsRepeater.repeat(TestsRepeater.java:11)
	at com.intellij.rt.junit.IdeaTestRunner$Repeater.startRunnerWithArgs(IdeaTestRunner.java:35)
	at com.intellij.rt.junit.JUnitStarter.prepareStreamsAndStart(JUnitStarter.java:225)
	at com.intellij.rt.junit.JUnitStarter.main(JUnitStarter.java:61)
2026-06-24 21:34:37 WARN  o.springframework.test.context.TestContextManager - Caught exception while allowing TestExecutionListener [org.springframework.test.context.bean.override.BeanOverrideTestExecutionListener] to prepare test instance [com.example.libreriaMarketCatalogService.controllerV2.ProductoControllerV2Test@ff1f465]
java.lang.IllegalStateException: ApplicationContext failure threshold (1) exceeded: skipping repeated attempt to load context for [WebMergedContextConfiguration@48fc0211 testClass = com.example.libreriaMarketCatalogService.controllerV2.ProductoControllerV2Test, locations = [], classes = [com.example.libreriaMarketCatalogService.LibreriaMarketCatalogServiceApplication], contextInitializerClasses = [], activeProfiles = [], propertySourceDescriptors = [], propertySourceProperties = ["org.springframework.boot.webmvc.test.autoconfigure.WebMvcTestContextBootstrapper=true"], contextCustomizers = [[ImportsContextCustomizer@3ae2702a key = [org.springframework.boot.hateoas.autoconfigure.HypermediaAutoConfiguration, org.springframework.boot.jackson2.autoconfigure.Jackson2AutoConfiguration, org.springframework.boot.autoconfigure.task.TaskExecutionAutoConfiguration, org.springframework.boot.webmvc.test.autoconfigure.MockMvcWebDriverAutoConfiguration, org.springframework.boot.security.autoconfigure.SecurityAutoConfiguration, org.springframework.boot.autoconfigure.context.MessageSourceAutoConfiguration, org.springframework.boot.security.autoconfigure.web.servlet.SecurityFilterAutoConfiguration, org.springframework.boot.data.autoconfigure.web.DataWebAutoConfiguration, org.springframework.boot.webmvc.autoconfigure.error.ErrorMvcAutoConfiguration, org.springframework.boot.validation.autoconfigure.ValidationAutoConfiguration, org.springframework.boot.webmvc.autoconfigure.WebMvcAutoConfiguration, org.springframework.boot.security.test.autoconfigure.webmvc.SecurityMockMvcAutoConfiguration, org.springframework.boot.http.converter.autoconfigure.HttpMessageConvertersAutoConfiguration, org.springframework.boot.jackson.autoconfigure.JacksonAutoConfiguration, org.springframework.boot.webmvc.test.autoconfigure.MockMvcWebClientAutoConfiguration, org.springframework.boot.servlet.autoconfigure.HttpEncodingAutoConfiguration, org.springframework.boot.security.autoconfigure.UserDetailsServiceAutoConfiguration, org.springframework.boot.webmvc.test.autoconfigure.MockMvcAutoConfiguration]], org.springframework.boot.test.context.PropertyMappingContextCustomizer@2d298995, org.springframework.boot.test.context.filter.ExcludeFilterContextCustomizer@47428937, org.springframework.boot.test.context.filter.annotation.TypeExcludeFiltersContextCustomizer@7be4c24a, org.springframework.boot.test.json.DuplicateJsonObjectContextCustomizerFactory$DuplicateJsonObjectContextCustomizer@780ec4a5, org.springframework.boot.test.autoconfigure.OnFailureConditionReportContextCustomizerFactory$OnFailureConditionReportContextCustomizer@548e76f1, org.springframework.boot.test.autoconfigure.OverrideAutoConfigurationContextCustomizerFactory$DisableAutoConfigurationContextCustomizer@3aa3193a, org.springframework.test.context.bean.override.BeanOverrideContextCustomizer@ba01a2b3, org.springframework.test.context.support.DynamicPropertiesContextCustomizer@0, org.springframework.boot.webmvc.test.autoconfigure.WebDriverContextCustomizer@27cf3151, org.springframework.boot.web.server.context.SpringBootTestRandomPortContextCustomizerFactory$Customizer@4108fa66, org.springframework.boot.test.context.SpringBootTestAnnotation@e0f3fb2a], resourceBasePath = "src/main/webapp", contextLoader = org.springframework.boot.test.context.SpringBootContextLoader, parent = null]
	at org.springframework.test.context.cache.DefaultCacheAwareContextLoaderDelegate.loadContext(DefaultCacheAwareContextLoaderDelegate.java:157)
	at org.springframework.test.context.support.DefaultTestContext.getApplicationContext(DefaultTestContext.java:128)
	at org.springframework.test.context.bean.override.BeanOverrideTestExecutionListener.injectFields(BeanOverrideTestExecutionListener.java:107)
	at org.springframework.test.context.bean.override.BeanOverrideTestExecutionListener.prepareTestInstance(BeanOverrideTestExecutionListener.java:70)
	at org.springframework.test.context.TestContextManager.prepareTestInstance(TestContextManager.java:260)
	at org.springframework.test.context.junit.jupiter.SpringExtension.postProcessTestInstance(SpringExtension.java:203)
	at org.junit.jupiter.engine.descriptor.ClassBasedTestDescriptor.lambda$invokeTestInstancePostProcessors$1(ClassBasedTestDescriptor.java:423)
	at org.junit.jupiter.engine.descriptor.ClassBasedTestDescriptor.executeAndMaskThrowable(ClassBasedTestDescriptor.java:428)
	at org.junit.jupiter.engine.descriptor.ClassBasedTestDescriptor.lambda$invokeTestInstancePostProcessors$0(ClassBasedTestDescriptor.java:422)
	at java.base/java.util.stream.ForEachOps$ForEachOp$OfRef.accept(ForEachOps.java:184)
	at java.base/java.util.stream.ReferencePipeline$3$1.accept(ReferencePipeline.java:197)
	at java.base/java.util.stream.ReferencePipeline$2$1.accept(ReferencePipeline.java:179)
	at java.base/java.util.stream.ReferencePipeline$3$1.accept(ReferencePipeline.java:197)
	at java.base/java.util.ArrayList$ArrayListSpliterator.forEachRemaining(ArrayList.java:1708)
	at java.base/java.util.stream.AbstractPipeline.copyInto(AbstractPipeline.java:509)
	at java.base/java.util.stream.AbstractPipeline.wrapAndCopyInto(AbstractPipeline.java:499)
	at java.base/java.util.stream.ForEachOps$ForEachOp.evaluateSequential(ForEachOps.java:151)
	at java.base/java.util.stream.ForEachOps$ForEachOp$OfRef.evaluateSequential(ForEachOps.java:174)
	at java.base/java.util.stream.AbstractPipeline.evaluate(AbstractPipeline.java:234)
	at java.base/java.util.stream.ReferencePipeline.forEach(ReferencePipeline.java:596)
	at org.junit.jupiter.engine.descriptor.ClassBasedTestDescriptor.invokeTestInstancePostProcessors(ClassBasedTestDescriptor.java:422)
	at org.junit.jupiter.engine.descriptor.ClassBasedTestDescriptor.lambda$instantiateAndPostProcessTestInstance$0(ClassBasedTestDescriptor.java:334)
	at org.junit.platform.engine.support.hierarchical.ThrowableCollector.execute(ThrowableCollector.java:74)
	at org.junit.jupiter.engine.descriptor.ClassBasedTestDescriptor.instantiateAndPostProcessTestInstance(ClassBasedTestDescriptor.java:333)
	at org.junit.jupiter.engine.descriptor.ClassBasedTestDescriptor.lambda$testInstancesProvider$1(ClassBasedTestDescriptor.java:322)
	at java.base/java.util.Optional.orElseGet(Optional.java:364)
	at org.junit.jupiter.engine.descriptor.ClassBasedTestDescriptor.lambda$testInstancesProvider$0(ClassBasedTestDescriptor.java:321)
	at org.junit.jupiter.engine.execution.TestInstancesProvider.getTestInstances(TestInstancesProvider.java:27)
	at org.junit.jupiter.engine.descriptor.TestMethodTestDescriptor.lambda$prepare$0(TestMethodTestDescriptor.java:127)
	at org.junit.platform.engine.support.hierarchical.ThrowableCollector.execute(ThrowableCollector.java:74)
	at org.junit.jupiter.engine.descriptor.TestMethodTestDescriptor.prepare(TestMethodTestDescriptor.java:126)
	at org.junit.jupiter.engine.descriptor.TestMethodTestDescriptor.prepare(TestMethodTestDescriptor.java:70)
	at org.junit.platform.engine.support.hierarchical.NodeTestTask.lambda$prepare$0(NodeTestTask.java:144)
	at org.junit.platform.engine.support.hierarchical.ThrowableCollector.execute(ThrowableCollector.java:74)
	at org.junit.platform.engine.support.hierarchical.NodeTestTask.prepare(NodeTestTask.java:144)
	at org.junit.platform.engine.support.hierarchical.NodeTestTask.execute(NodeTestTask.java:110)
	at java.base/java.util.ArrayList.forEach(ArrayList.java:1596)
	at org.junit.platform.engine.support.hierarchical.SameThreadHierarchicalTestExecutorService.invokeAll(SameThreadHierarchicalTestExecutorService.java:42)
	at org.junit.platform.engine.support.hierarchical.NodeTestTask.lambda$executeRecursively$2(NodeTestTask.java:180)
	at org.junit.platform.engine.support.hierarchical.ThrowableCollector.execute(ThrowableCollector.java:74)
	at org.junit.platform.engine.support.hierarchical.NodeTestTask.lambda$executeRecursively$1(NodeTestTask.java:166)
	at org.junit.platform.engine.support.hierarchical.Node.around(Node.java:138)
	at org.junit.platform.engine.support.hierarchical.NodeTestTask.lambda$executeRecursively$0(NodeTestTask.java:164)
	at org.junit.platform.engine.support.hierarchical.ThrowableCollector.execute(ThrowableCollector.java:74)
	at org.junit.platform.engine.support.hierarchical.NodeTestTask.executeRecursively(NodeTestTask.java:163)
	at org.junit.platform.engine.support.hierarchical.NodeTestTask.execute(NodeTestTask.java:116)
	at java.base/java.util.ArrayList.forEach(ArrayList.java:1596)
	at org.junit.platform.engine.support.hierarchical.SameThreadHierarchicalTestExecutorService.invokeAll(SameThreadHierarchicalTestExecutorService.java:42)
	at org.junit.platform.engine.support.hierarchical.NodeTestTask.lambda$executeRecursively$2(NodeTestTask.java:180)
	at org.junit.platform.engine.support.hierarchical.ThrowableCollector.execute(ThrowableCollector.java:74)
	at org.junit.platform.engine.support.hierarchical.NodeTestTask.lambda$executeRecursively$1(NodeTestTask.java:166)
	at org.junit.platform.engine.support.hierarchical.Node.around(Node.java:138)
	at org.junit.platform.engine.support.hierarchical.NodeTestTask.lambda$executeRecursively$0(NodeTestTask.java:164)
	at org.junit.platform.engine.support.hierarchical.ThrowableCollector.execute(ThrowableCollector.java:74)
	at org.junit.platform.engine.support.hierarchical.NodeTestTask.executeRecursively(NodeTestTask.java:163)
	at org.junit.platform.engine.support.hierarchical.NodeTestTask.execute(NodeTestTask.java:116)
	at org.junit.platform.engine.support.hierarchical.SameThreadHierarchicalTestExecutorService.submit(SameThreadHierarchicalTestExecutorService.java:36)
	at org.junit.platform.engine.support.hierarchical.HierarchicalTestExecutor.execute(HierarchicalTestExecutor.java:52)
	at org.junit.platform.engine.support.hierarchical.HierarchicalTestEngine.execute(HierarchicalTestEngine.java:58)
	at org.junit.platform.launcher.core.EngineExecutionOrchestrator.executeEngine(EngineExecutionOrchestrator.java:246)
	at org.junit.platform.launcher.core.EngineExecutionOrchestrator.failOrExecuteEngine(EngineExecutionOrchestrator.java:218)
	at org.junit.platform.launcher.core.EngineExecutionOrchestrator.execute(EngineExecutionOrchestrator.java:179)
	at org.junit.platform.launcher.core.EngineExecutionOrchestrator.execute(EngineExecutionOrchestrator.java:108)
	at org.junit.platform.launcher.core.EngineExecutionOrchestrator.lambda$execute$0(EngineExecutionOrchestrator.java:66)
	at org.junit.platform.launcher.core.EngineExecutionOrchestrator.withInterceptedStreams(EngineExecutionOrchestrator.java:157)
	at org.junit.platform.launcher.core.EngineExecutionOrchestrator.execute(EngineExecutionOrchestrator.java:65)
	at org.junit.platform.launcher.core.DefaultLauncher.execute(DefaultLauncher.java:125)
	at org.junit.platform.launcher.core.DefaultLauncher.execute(DefaultLauncher.java:114)
	at org.junit.platform.launcher.core.DelegatingLauncher.execute(DelegatingLauncher.java:58)
	at org.junit.platform.launcher.core.InterceptingLauncher.lambda$execute$2(InterceptingLauncher.java:57)
	at org.junit.platform.launcher.core.ClasspathAlignmentCheckingLauncherInterceptor.intercept(ClasspathAlignmentCheckingLauncherInterceptor.java:25)
	at org.junit.platform.launcher.core.InterceptingLauncher.execute(InterceptingLauncher.java:56)
	at org.junit.platform.launcher.core.DelegatingLauncher.execute(DelegatingLauncher.java:58)
	at org.junit.platform.launcher.core.SessionPerRequestLauncher.execute(SessionPerRequestLauncher.java:81)
	at com.intellij.junit6.JUnit6TestRunnerHelper.execute(JUnit6TestRunnerHelper.java:69)
	at com.intellij.junit5.JUnit5IdeaTestRunner.startRunnerWithArgs(JUnit5IdeaTestRunner.java:70)
	at com.intellij.rt.junit.IdeaTestRunner$Repeater$1.execute(IdeaTestRunner.java:38)
	at com.intellij.rt.execution.junit.TestsRepeater.repeat(TestsRepeater.java:11)
	at com.intellij.rt.junit.IdeaTestRunner$Repeater.startRunnerWithArgs(IdeaTestRunner.java:35)
	at com.intellij.rt.junit.JUnitStarter.prepareStreamsAndStart(JUnitStarter.java:225)
	at com.intellij.rt.junit.JUnitStarter.main(JUnitStarter.java:61)
2026-06-24 21:35:29 INFO  c.e.l.controller.ProductoControllerTest - Starting ProductoControllerTest using Java 21.0.11 with PID 42128 (started by apric in /run/media/apric/a0483016-93be-4d8d-b285-30d2ee3fccb7/GitHub/lbMarket/LibreriaMaketCatalogService/libreriaMarketCatalogService)
2026-06-24 21:35:29 DEBUG c.e.l.controller.ProductoControllerTest - Running with Spring Boot v4.0.0, Spring v7.0.1
2026-06-24 21:35:29 INFO  c.e.l.controller.ProductoControllerTest - The following 1 profile is active: "test"
2026-06-24 21:35:30 WARN  o.s.b.s.a.UserDetailsServiceAutoConfiguration - 

Using generated security password: e61c6281-a3bb-4cb0-8743-963623e82515

This generated password is for development use only. Your security configuration must be updated before running your application in production.

2026-06-24 21:35:30 INFO  o.s.b.test.mock.web.SpringBootMockServletContext - Initializing Spring TestDispatcherServlet ''
2026-06-24 21:35:30 INFO  o.s.test.web.servlet.TestDispatcherServlet - Initializing Servlet ''
2026-06-24 21:35:30 INFO  o.s.test.web.servlet.TestDispatcherServlet - Completed initialization in 2 ms
2026-06-24 21:35:30 INFO  c.e.l.controller.ProductoControllerTest - Started ProductoControllerTest in 1.61 seconds (process running for 2.728)
2026-06-24 21:35:30 INFO  c.e.l.controller.ProductoController - Recibiendo solicitud para crear/guardar producto.
2026-06-24 21:35:31 INFO  c.e.l.controller.ProductoController - Recibiendo solicitud para actualizar producto con ID: 3.
2026-06-24 21:35:31 INFO  c.e.l.controller.ProductoController - Recibiendo solicitud para actualizar producto con ID: 3.
2026-06-24 21:35:31 INFO  c.e.l.controller.ProductoController - Recibiendo solicitud para borrar producto con ID: 3.
2026-06-24 21:35:31 INFO  c.e.l.controller.ProductoController - Recibiendo solicitud para buscar listado de productos.
2026-06-24 21:35:31 INFO  c.e.l.controller.ProductoController - Solicitud para buscar listado de productos.=> encontrado(s) y enlistado(s).
2026-06-24 21:35:31 INFO  c.e.l.controller.ProductoController - Recibiendo solicitud para buscar listado de productos.
2026-06-24 21:35:31 INFO  c.e.l.controller.ProductoController - Solicitud para buscar listado de productos.=> sin coincidencias (vacío).
2026-06-24 21:35:31 INFO  c.e.l.controller.ProductoController - Recibiendo solicitud para actualizar producto con ID: 3.
2026-06-24 21:35:31 INFO  c.e.l.controller.ProductoController - Solicitud para actualizar producto con ID: 3. => actualizado.
2026-06-24 21:35:31 INFO  c.e.l.controller.ProductoController - Recibiendo solicitud para crear/guardar producto.
2026-06-24 21:35:31 INFO  c.e.l.controller.ProductoController - Solicitud para crear/guardar producto.=> creado con ID Producto: 3, ID Producto: Java for Dummies, Titulo: Terry A. Burd, Autor: Wiley, Editorial: Programación, Categoria: 2022, Anio Publicacion: 978-111-98-6164-5, ISBN: desc, Descripcion: 1, ID Proveedor: Distribuidora Libros, Nombre Proveedor: {}
2026-06-24 21:35:31 INFO  c.e.l.controller.ProductoController - Recibiendo solicitud para borrar producto con ID: 3.
2026-06-24 21:35:31 INFO  c.e.l.controller.ProductoController - Solicitud para borrar producto con ID: 3. => encontrado y borrado.
2026-06-24 21:35:31 INFO  c.e.l.controller.ProductoController - Recibiendo solicitud para buscar producto por ID: 3.
2026-06-24 21:35:31 INFO  c.e.l.controller.ProductoController - Recibiendo solicitud para buscar producto por ID: 3.
2026-06-24 21:35:31 INFO  c.e.l.controller.ProductoController - Solicitud para buscar producto por ID: 3.=> encontrado.
2026-06-24 21:35:31 INFO  c.e.l.controller.ProductoController - Recibiendo solicitud para crear/guardar producto.
2026-06-24 21:35:31 INFO  c.e.l.controller.ProductoController - Recibiendo solicitud para actualizar producto con ID: 3.
2026-06-24 21:35:59 INFO  c.e.l.controllerV2.ProductoControllerV2Test - Starting ProductoControllerV2Test using Java 21.0.11 with PID 42239 (started by apric in /run/media/apric/a0483016-93be-4d8d-b285-30d2ee3fccb7/GitHub/lbMarket/LibreriaMaketCatalogService/libreriaMarketCatalogService)
2026-06-24 21:35:59 DEBUG c.e.l.controllerV2.ProductoControllerV2Test - Running with Spring Boot v4.0.0, Spring v7.0.1
2026-06-24 21:35:59 INFO  c.e.l.controllerV2.ProductoControllerV2Test - The following 1 profile is active: "test"
2026-06-24 21:36:00 WARN  o.s.w.context.support.GenericWebApplicationContext - Exception encountered during context initialization - cancelling refresh attempt: org.springframework.beans.factory.UnsatisfiedDependencyException: Error creating bean with name 'productoControllerV2': Unsatisfied dependency expressed through field 'assembler': No qualifying bean of type 'com.example.libreriaMarketCatalogService.assemblers.ProductoModelAssembler' available: expected at least 1 bean which qualifies as autowire candidate. Dependency annotations: {@org.springframework.beans.factory.annotation.Autowired(required=true)}
2026-06-24 21:36:00 INFO  o.s.b.a.logging.ConditionEvaluationReportLogger - 

Error starting ApplicationContext. To display the condition evaluation report re-run your application with 'debug' enabled.
2026-06-24 21:36:00 ERROR o.s.b.diagnostics.LoggingFailureAnalysisReporter - 

***************************
APPLICATION FAILED TO START
***************************

Description:

Field assembler in com.example.libreriaMarketCatalogService.controller.ProductoControllerV2 required a bean of type 'com.example.libreriaMarketCatalogService.assemblers.ProductoModelAssembler' that could not be found.

The injection point has the following annotations:
	- @org.springframework.beans.factory.annotation.Autowired(required=true)


Action:

Consider defining a bean of type 'com.example.libreriaMarketCatalogService.assemblers.ProductoModelAssembler' in your configuration.

2026-06-24 21:36:00 WARN  o.springframework.test.context.TestContextManager - Caught exception while allowing TestExecutionListener [org.springframework.test.context.bean.override.BeanOverrideTestExecutionListener] to prepare test instance [com.example.libreriaMarketCatalogService.controllerV2.ProductoControllerV2Test@3ae2702a]
java.lang.IllegalStateException: Failed to load ApplicationContext for [WebMergedContextConfiguration@1edf71d9 testClass = com.example.libreriaMarketCatalogService.controllerV2.ProductoControllerV2Test, locations = [], classes = [com.example.libreriaMarketCatalogService.LibreriaMarketCatalogServiceApplication], contextInitializerClasses = [], activeProfiles = [], propertySourceDescriptors = [], propertySourceProperties = ["org.springframework.boot.webmvc.test.autoconfigure.WebMvcTestContextBootstrapper=true"], contextCustomizers = [[ImportsContextCustomizer@52d9d817 key = [org.springframework.boot.hateoas.autoconfigure.HypermediaAutoConfiguration, org.springframework.boot.jackson2.autoconfigure.Jackson2AutoConfiguration, org.springframework.boot.autoconfigure.task.TaskExecutionAutoConfiguration, org.springframework.boot.webmvc.test.autoconfigure.MockMvcWebDriverAutoConfiguration, org.springframework.boot.security.autoconfigure.SecurityAutoConfiguration, org.springframework.boot.autoconfigure.context.MessageSourceAutoConfiguration, org.springframework.boot.security.autoconfigure.web.servlet.SecurityFilterAutoConfiguration, org.springframework.boot.data.autoconfigure.web.DataWebAutoConfiguration, org.springframework.boot.webmvc.autoconfigure.error.ErrorMvcAutoConfiguration, org.springframework.boot.validation.autoconfigure.ValidationAutoConfiguration, org.springframework.boot.webmvc.autoconfigure.WebMvcAutoConfiguration, org.springframework.boot.security.test.autoconfigure.webmvc.SecurityMockMvcAutoConfiguration, org.springframework.boot.http.converter.autoconfigure.HttpMessageConvertersAutoConfiguration, org.springframework.boot.jackson.autoconfigure.JacksonAutoConfiguration, org.springframework.boot.webmvc.test.autoconfigure.MockMvcWebClientAutoConfiguration, org.springframework.boot.servlet.autoconfigure.HttpEncodingAutoConfiguration, org.springframework.boot.security.autoconfigure.UserDetailsServiceAutoConfiguration, org.springframework.boot.webmvc.test.autoconfigure.MockMvcAutoConfiguration]], org.springframework.boot.test.context.PropertyMappingContextCustomizer@2d298995, org.springframework.boot.test.context.filter.ExcludeFilterContextCustomizer@c9413d8, org.springframework.boot.test.context.filter.annotation.TypeExcludeFiltersContextCustomizer@72eb542, org.springframework.boot.test.json.DuplicateJsonObjectContextCustomizerFactory$DuplicateJsonObjectContextCustomizer@db44aa2, org.springframework.boot.test.autoconfigure.OnFailureConditionReportContextCustomizerFactory$OnFailureConditionReportContextCustomizer@61a002b1, org.springframework.boot.test.autoconfigure.OverrideAutoConfigurationContextCustomizerFactory$DisableAutoConfigurationContextCustomizer@548e76f1, org.springframework.test.context.bean.override.BeanOverrideContextCustomizer@fb46069, org.springframework.test.context.support.DynamicPropertiesContextCustomizer@0, org.springframework.boot.webmvc.test.autoconfigure.WebDriverContextCustomizer@3deb2326, org.springframework.boot.web.server.context.SpringBootTestRandomPortContextCustomizerFactory$Customizer@3aee3976, org.springframework.boot.test.context.SpringBootTestAnnotation@f7ebce6c], resourceBasePath = "src/main/webapp", contextLoader = org.springframework.boot.test.context.SpringBootContextLoader, parent = null]
	at org.springframework.test.context.cache.DefaultCacheAwareContextLoaderDelegate.lambda$loadContext$0(DefaultCacheAwareContextLoaderDelegate.java:195)
	at org.springframework.test.context.cache.DefaultContextCache.put(DefaultContextCache.java:172)
	at org.springframework.test.context.cache.DefaultCacheAwareContextLoaderDelegate.loadContext(DefaultCacheAwareContextLoaderDelegate.java:160)
	at org.springframework.test.context.support.DefaultTestContext.getApplicationContext(DefaultTestContext.java:128)
	at org.springframework.test.context.bean.override.BeanOverrideTestExecutionListener.injectFields(BeanOverrideTestExecutionListener.java:107)
	at org.springframework.test.context.bean.override.BeanOverrideTestExecutionListener.prepareTestInstance(BeanOverrideTestExecutionListener.java:70)
	at org.springframework.test.context.TestContextManager.prepareTestInstance(TestContextManager.java:260)
	at org.springframework.test.context.junit.jupiter.SpringExtension.postProcessTestInstance(SpringExtension.java:203)
	at org.junit.jupiter.engine.descriptor.ClassBasedTestDescriptor.lambda$invokeTestInstancePostProcessors$1(ClassBasedTestDescriptor.java:423)
	at org.junit.jupiter.engine.descriptor.ClassBasedTestDescriptor.executeAndMaskThrowable(ClassBasedTestDescriptor.java:428)
	at org.junit.jupiter.engine.descriptor.ClassBasedTestDescriptor.lambda$invokeTestInstancePostProcessors$0(ClassBasedTestDescriptor.java:422)
	at java.base/java.util.stream.ForEachOps$ForEachOp$OfRef.accept(ForEachOps.java:184)
	at java.base/java.util.stream.ReferencePipeline$3$1.accept(ReferencePipeline.java:197)
	at java.base/java.util.stream.ReferencePipeline$2$1.accept(ReferencePipeline.java:179)
	at java.base/java.util.stream.ReferencePipeline$3$1.accept(ReferencePipeline.java:197)
	at java.base/java.util.ArrayList$ArrayListSpliterator.forEachRemaining(ArrayList.java:1708)
	at java.base/java.util.stream.AbstractPipeline.copyInto(AbstractPipeline.java:509)
	at java.base/java.util.stream.AbstractPipeline.wrapAndCopyInto(AbstractPipeline.java:499)
	at java.base/java.util.stream.ForEachOps$ForEachOp.evaluateSequential(ForEachOps.java:151)
	at java.base/java.util.stream.ForEachOps$ForEachOp$OfRef.evaluateSequential(ForEachOps.java:174)
	at java.base/java.util.stream.AbstractPipeline.evaluate(AbstractPipeline.java:234)
	at java.base/java.util.stream.ReferencePipeline.forEach(ReferencePipeline.java:596)
	at org.junit.jupiter.engine.descriptor.ClassBasedTestDescriptor.invokeTestInstancePostProcessors(ClassBasedTestDescriptor.java:422)
	at org.junit.jupiter.engine.descriptor.ClassBasedTestDescriptor.lambda$instantiateAndPostProcessTestInstance$0(ClassBasedTestDescriptor.java:334)
	at org.junit.platform.engine.support.hierarchical.ThrowableCollector.execute(ThrowableCollector.java:74)
	at org.junit.jupiter.engine.descriptor.ClassBasedTestDescriptor.instantiateAndPostProcessTestInstance(ClassBasedTestDescriptor.java:333)
	at org.junit.jupiter.engine.descriptor.ClassBasedTestDescriptor.lambda$testInstancesProvider$1(ClassBasedTestDescriptor.java:322)
	at java.base/java.util.Optional.orElseGet(Optional.java:364)
	at org.junit.jupiter.engine.descriptor.ClassBasedTestDescriptor.lambda$testInstancesProvider$0(ClassBasedTestDescriptor.java:321)
	at org.junit.jupiter.engine.execution.TestInstancesProvider.getTestInstances(TestInstancesProvider.java:27)
	at org.junit.jupiter.engine.descriptor.TestMethodTestDescriptor.lambda$prepare$0(TestMethodTestDescriptor.java:127)
	at org.junit.platform.engine.support.hierarchical.ThrowableCollector.execute(ThrowableCollector.java:74)
	at org.junit.jupiter.engine.descriptor.TestMethodTestDescriptor.prepare(TestMethodTestDescriptor.java:126)
	at org.junit.jupiter.engine.descriptor.TestMethodTestDescriptor.prepare(TestMethodTestDescriptor.java:70)
	at org.junit.platform.engine.support.hierarchical.NodeTestTask.lambda$prepare$0(NodeTestTask.java:144)
	at org.junit.platform.engine.support.hierarchical.ThrowableCollector.execute(ThrowableCollector.java:74)
	at org.junit.platform.engine.support.hierarchical.NodeTestTask.prepare(NodeTestTask.java:144)
	at org.junit.platform.engine.support.hierarchical.NodeTestTask.execute(NodeTestTask.java:110)
	at java.base/java.util.ArrayList.forEach(ArrayList.java:1596)
	at org.junit.platform.engine.support.hierarchical.SameThreadHierarchicalTestExecutorService.invokeAll(SameThreadHierarchicalTestExecutorService.java:42)
	at org.junit.platform.engine.support.hierarchical.NodeTestTask.lambda$executeRecursively$2(NodeTestTask.java:180)
	at org.junit.platform.engine.support.hierarchical.ThrowableCollector.execute(ThrowableCollector.java:74)
	at org.junit.platform.engine.support.hierarchical.NodeTestTask.lambda$executeRecursively$1(NodeTestTask.java:166)
	at org.junit.platform.engine.support.hierarchical.Node.around(Node.java:138)
	at org.junit.platform.engine.support.hierarchical.NodeTestTask.lambda$executeRecursively$0(NodeTestTask.java:164)
	at org.junit.platform.engine.support.hierarchical.ThrowableCollector.execute(ThrowableCollector.java:74)
	at org.junit.platform.engine.support.hierarchical.NodeTestTask.executeRecursively(NodeTestTask.java:163)
	at org.junit.platform.engine.support.hierarchical.NodeTestTask.execute(NodeTestTask.java:116)
	at java.base/java.util.ArrayList.forEach(ArrayList.java:1596)
	at org.junit.platform.engine.support.hierarchical.SameThreadHierarchicalTestExecutorService.invokeAll(SameThreadHierarchicalTestExecutorService.java:42)
	at org.junit.platform.engine.support.hierarchical.NodeTestTask.lambda$executeRecursively$2(NodeTestTask.java:180)
	at org.junit.platform.engine.support.hierarchical.ThrowableCollector.execute(ThrowableCollector.java:74)
	at org.junit.platform.engine.support.hierarchical.NodeTestTask.lambda$executeRecursively$1(NodeTestTask.java:166)
	at org.junit.platform.engine.support.hierarchical.Node.around(Node.java:138)
	at org.junit.platform.engine.support.hierarchical.NodeTestTask.lambda$executeRecursively$0(NodeTestTask.java:164)
	at org.junit.platform.engine.support.hierarchical.ThrowableCollector.execute(ThrowableCollector.java:74)
	at org.junit.platform.engine.support.hierarchical.NodeTestTask.executeRecursively(NodeTestTask.java:163)
	at org.junit.platform.engine.support.hierarchical.NodeTestTask.execute(NodeTestTask.java:116)
	at org.junit.platform.engine.support.hierarchical.SameThreadHierarchicalTestExecutorService.submit(SameThreadHierarchicalTestExecutorService.java:36)
	at org.junit.platform.engine.support.hierarchical.HierarchicalTestExecutor.execute(HierarchicalTestExecutor.java:52)
	at org.junit.platform.engine.support.hierarchical.HierarchicalTestEngine.execute(HierarchicalTestEngine.java:58)
	at org.junit.platform.launcher.core.EngineExecutionOrchestrator.executeEngine(EngineExecutionOrchestrator.java:246)
	at org.junit.platform.launcher.core.EngineExecutionOrchestrator.failOrExecuteEngine(EngineExecutionOrchestrator.java:218)
	at org.junit.platform.launcher.core.EngineExecutionOrchestrator.execute(EngineExecutionOrchestrator.java:179)
	at org.junit.platform.launcher.core.EngineExecutionOrchestrator.execute(EngineExecutionOrchestrator.java:108)
	at org.junit.platform.launcher.core.EngineExecutionOrchestrator.lambda$execute$0(EngineExecutionOrchestrator.java:66)
	at org.junit.platform.launcher.core.EngineExecutionOrchestrator.withInterceptedStreams(EngineExecutionOrchestrator.java:157)
	at org.junit.platform.launcher.core.EngineExecutionOrchestrator.execute(EngineExecutionOrchestrator.java:65)
	at org.junit.platform.launcher.core.DefaultLauncher.execute(DefaultLauncher.java:125)
	at org.junit.platform.launcher.core.DefaultLauncher.execute(DefaultLauncher.java:114)
	at org.junit.platform.launcher.core.DelegatingLauncher.execute(DelegatingLauncher.java:58)
	at org.junit.platform.launcher.core.InterceptingLauncher.lambda$execute$2(InterceptingLauncher.java:57)
	at org.junit.platform.launcher.core.ClasspathAlignmentCheckingLauncherInterceptor.intercept(ClasspathAlignmentCheckingLauncherInterceptor.java:25)
	at org.junit.platform.launcher.core.InterceptingLauncher.execute(InterceptingLauncher.java:56)
	at org.junit.platform.launcher.core.DelegatingLauncher.execute(DelegatingLauncher.java:58)
	at org.junit.platform.launcher.core.SessionPerRequestLauncher.execute(SessionPerRequestLauncher.java:81)
	at com.intellij.junit6.JUnit6TestRunnerHelper.execute(JUnit6TestRunnerHelper.java:69)
	at com.intellij.junit5.JUnit5IdeaTestRunner.startRunnerWithArgs(JUnit5IdeaTestRunner.java:70)
	at com.intellij.rt.junit.IdeaTestRunner$Repeater$1.execute(IdeaTestRunner.java:38)
	at com.intellij.rt.execution.junit.TestsRepeater.repeat(TestsRepeater.java:11)
	at com.intellij.rt.junit.IdeaTestRunner$Repeater.startRunnerWithArgs(IdeaTestRunner.java:35)
	at com.intellij.rt.junit.JUnitStarter.prepareStreamsAndStart(JUnitStarter.java:225)
	at com.intellij.rt.junit.JUnitStarter.main(JUnitStarter.java:61)
Caused by: org.springframework.beans.factory.UnsatisfiedDependencyException: Error creating bean with name 'productoControllerV2': Unsatisfied dependency expressed through field 'assembler': No qualifying bean of type 'com.example.libreriaMarketCatalogService.assemblers.ProductoModelAssembler' available: expected at least 1 bean which qualifies as autowire candidate. Dependency annotations: {@org.springframework.beans.factory.annotation.Autowired(required=true)}
	at org.springframework.beans.factory.annotation.AutowiredAnnotationBeanPostProcessor$AutowiredFieldElement.resolveFieldValue(AutowiredAnnotationBeanPostProcessor.java:766)
	at org.springframework.beans.factory.annotation.AutowiredAnnotationBeanPostProcessor$AutowiredFieldElement.inject(AutowiredAnnotationBeanPostProcessor.java:747)
	at org.springframework.beans.factory.annotation.InjectionMetadata.inject(InjectionMetadata.java:146)
	at org.springframework.beans.factory.annotation.AutowiredAnnotationBeanPostProcessor.postProcessProperties(AutowiredAnnotationBeanPostProcessor.java:492)
	at org.springframework.beans.factory.support.AbstractAutowireCapableBeanFactory.populateBean(AbstractAutowireCapableBeanFactory.java:1446)
	at org.springframework.beans.factory.support.AbstractAutowireCapableBeanFactory.doCreateBean(AbstractAutowireCapableBeanFactory.java:602)
	at org.springframework.beans.factory.support.AbstractAutowireCapableBeanFactory.createBean(AbstractAutowireCapableBeanFactory.java:525)
	at org.springframework.beans.factory.support.AbstractBeanFactory.lambda$doGetBean$0(AbstractBeanFactory.java:333)
	at org.springframework.beans.factory.support.DefaultSingletonBeanRegistry.getSingleton(DefaultSingletonBeanRegistry.java:371)
	at org.springframework.beans.factory.support.AbstractBeanFactory.doGetBean(AbstractBeanFactory.java:331)
	at org.springframework.beans.factory.support.AbstractBeanFactory.getBean(AbstractBeanFactory.java:196)
	at org.springframework.beans.factory.support.DefaultListableBeanFactory.instantiateSingleton(DefaultListableBeanFactory.java:1218)
	at org.springframework.beans.factory.support.DefaultListableBeanFactory.preInstantiateSingleton(DefaultListableBeanFactory.java:1184)
	at org.springframework.beans.factory.support.DefaultListableBeanFactory.preInstantiateSingletons(DefaultListableBeanFactory.java:1121)
	at org.springframework.context.support.AbstractApplicationContext.finishBeanFactoryInitialization(AbstractApplicationContext.java:983)
	at org.springframework.context.support.AbstractApplicationContext.refresh(AbstractApplicationContext.java:620)
	at org.springframework.boot.SpringApplication.refresh(SpringApplication.java:765)
	at org.springframework.boot.SpringApplication.refreshContext(SpringApplication.java:454)
	at org.springframework.boot.SpringApplication.run(SpringApplication.java:321)
	at org.springframework.boot.test.context.SpringBootContextLoader.lambda$loadContext$2(SpringBootContextLoader.java:148)
	at org.springframework.util.function.ThrowingSupplier.get(ThrowingSupplier.java:58)
	at org.springframework.util.function.ThrowingSupplier.get(ThrowingSupplier.java:46)
	at org.springframework.boot.SpringApplication.withHook(SpringApplication.java:1474)
	at org.springframework.boot.test.context.SpringBootContextLoader$ContextLoaderHook.run(SpringBootContextLoader.java:573)
	at org.springframework.boot.test.context.SpringBootContextLoader.loadContext(SpringBootContextLoader.java:148)
	at org.springframework.boot.test.context.SpringBootContextLoader.loadContext(SpringBootContextLoader.java:114)
	at org.springframework.test.context.cache.DefaultCacheAwareContextLoaderDelegate.loadContextInternal(DefaultCacheAwareContextLoaderDelegate.java:247)
	at org.springframework.test.context.cache.DefaultCacheAwareContextLoaderDelegate.lambda$loadContext$0(DefaultCacheAwareContextLoaderDelegate.java:167)
	... 82 common frames omitted
Caused by: org.springframework.beans.factory.NoSuchBeanDefinitionException: No qualifying bean of type 'com.example.libreriaMarketCatalogService.assemblers.ProductoModelAssembler' available: expected at least 1 bean which qualifies as autowire candidate. Dependency annotations: {@org.springframework.beans.factory.annotation.Autowired(required=true)}
	at org.springframework.beans.factory.support.DefaultListableBeanFactory.raiseNoMatchingBeanFound(DefaultListableBeanFactory.java:2297)
	at org.springframework.beans.factory.support.DefaultListableBeanFactory.doResolveDependency(DefaultListableBeanFactory.java:1725)
	at org.springframework.beans.factory.support.DefaultListableBeanFactory.resolveDependency(DefaultListableBeanFactory.java:1651)
	at org.springframework.beans.factory.annotation.AutowiredAnnotationBeanPostProcessor$AutowiredFieldElement.resolveFieldValue(AutowiredAnnotationBeanPostProcessor.java:763)
	... 109 common frames omitted
2026-06-24 21:36:00 WARN  o.springframework.test.context.TestContextManager - Caught exception while allowing TestExecutionListener [org.springframework.test.context.bean.override.BeanOverrideTestExecutionListener] to prepare test instance [com.example.libreriaMarketCatalogService.controllerV2.ProductoControllerV2Test@4cc7e3ad]
java.lang.IllegalStateException: ApplicationContext failure threshold (1) exceeded: skipping repeated attempt to load context for [WebMergedContextConfiguration@1edf71d9 testClass = com.example.libreriaMarketCatalogService.controllerV2.ProductoControllerV2Test, locations = [], classes = [com.example.libreriaMarketCatalogService.LibreriaMarketCatalogServiceApplication], contextInitializerClasses = [], activeProfiles = [], propertySourceDescriptors = [], propertySourceProperties = ["org.springframework.boot.webmvc.test.autoconfigure.WebMvcTestContextBootstrapper=true"], contextCustomizers = [[ImportsContextCustomizer@52d9d817 key = [org.springframework.boot.hateoas.autoconfigure.HypermediaAutoConfiguration, org.springframework.boot.jackson2.autoconfigure.Jackson2AutoConfiguration, org.springframework.boot.autoconfigure.task.TaskExecutionAutoConfiguration, org.springframework.boot.webmvc.test.autoconfigure.MockMvcWebDriverAutoConfiguration, org.springframework.boot.security.autoconfigure.SecurityAutoConfiguration, org.springframework.boot.autoconfigure.context.MessageSourceAutoConfiguration, org.springframework.boot.security.autoconfigure.web.servlet.SecurityFilterAutoConfiguration, org.springframework.boot.data.autoconfigure.web.DataWebAutoConfiguration, org.springframework.boot.webmvc.autoconfigure.error.ErrorMvcAutoConfiguration, org.springframework.boot.validation.autoconfigure.ValidationAutoConfiguration, org.springframework.boot.webmvc.autoconfigure.WebMvcAutoConfiguration, org.springframework.boot.security.test.autoconfigure.webmvc.SecurityMockMvcAutoConfiguration, org.springframework.boot.http.converter.autoconfigure.HttpMessageConvertersAutoConfiguration, org.springframework.boot.jackson.autoconfigure.JacksonAutoConfiguration, org.springframework.boot.webmvc.test.autoconfigure.MockMvcWebClientAutoConfiguration, org.springframework.boot.servlet.autoconfigure.HttpEncodingAutoConfiguration, org.springframework.boot.security.autoconfigure.UserDetailsServiceAutoConfiguration, org.springframework.boot.webmvc.test.autoconfigure.MockMvcAutoConfiguration]], org.springframework.boot.test.context.PropertyMappingContextCustomizer@2d298995, org.springframework.boot.test.context.filter.ExcludeFilterContextCustomizer@c9413d8, org.springframework.boot.test.context.filter.annotation.TypeExcludeFiltersContextCustomizer@72eb542, org.springframework.boot.test.json.DuplicateJsonObjectContextCustomizerFactory$DuplicateJsonObjectContextCustomizer@db44aa2, org.springframework.boot.test.autoconfigure.OnFailureConditionReportContextCustomizerFactory$OnFailureConditionReportContextCustomizer@61a002b1, org.springframework.boot.test.autoconfigure.OverrideAutoConfigurationContextCustomizerFactory$DisableAutoConfigurationContextCustomizer@548e76f1, org.springframework.test.context.bean.override.BeanOverrideContextCustomizer@fb46069, org.springframework.test.context.support.DynamicPropertiesContextCustomizer@0, org.springframework.boot.webmvc.test.autoconfigure.WebDriverContextCustomizer@3deb2326, org.springframework.boot.web.server.context.SpringBootTestRandomPortContextCustomizerFactory$Customizer@3aee3976, org.springframework.boot.test.context.SpringBootTestAnnotation@f7ebce6c], resourceBasePath = "src/main/webapp", contextLoader = org.springframework.boot.test.context.SpringBootContextLoader, parent = null]
	at org.springframework.test.context.cache.DefaultCacheAwareContextLoaderDelegate.loadContext(DefaultCacheAwareContextLoaderDelegate.java:157)
	at org.springframework.test.context.support.DefaultTestContext.getApplicationContext(DefaultTestContext.java:128)
	at org.springframework.test.context.bean.override.BeanOverrideTestExecutionListener.injectFields(BeanOverrideTestExecutionListener.java:107)
	at org.springframework.test.context.bean.override.BeanOverrideTestExecutionListener.prepareTestInstance(BeanOverrideTestExecutionListener.java:70)
	at org.springframework.test.context.TestContextManager.prepareTestInstance(TestContextManager.java:260)
	at org.springframework.test.context.junit.jupiter.SpringExtension.postProcessTestInstance(SpringExtension.java:203)
	at org.junit.jupiter.engine.descriptor.ClassBasedTestDescriptor.lambda$invokeTestInstancePostProcessors$1(ClassBasedTestDescriptor.java:423)
	at org.junit.jupiter.engine.descriptor.ClassBasedTestDescriptor.executeAndMaskThrowable(ClassBasedTestDescriptor.java:428)
	at org.junit.jupiter.engine.descriptor.ClassBasedTestDescriptor.lambda$invokeTestInstancePostProcessors$0(ClassBasedTestDescriptor.java:422)
	at java.base/java.util.stream.ForEachOps$ForEachOp$OfRef.accept(ForEachOps.java:184)
	at java.base/java.util.stream.ReferencePipeline$3$1.accept(ReferencePipeline.java:197)
	at java.base/java.util.stream.ReferencePipeline$2$1.accept(ReferencePipeline.java:179)
	at java.base/java.util.stream.ReferencePipeline$3$1.accept(ReferencePipeline.java:197)
	at java.base/java.util.ArrayList$ArrayListSpliterator.forEachRemaining(ArrayList.java:1708)
	at java.base/java.util.stream.AbstractPipeline.copyInto(AbstractPipeline.java:509)
	at java.base/java.util.stream.AbstractPipeline.wrapAndCopyInto(AbstractPipeline.java:499)
	at java.base/java.util.stream.ForEachOps$ForEachOp.evaluateSequential(ForEachOps.java:151)
	at java.base/java.util.stream.ForEachOps$ForEachOp$OfRef.evaluateSequential(ForEachOps.java:174)
	at java.base/java.util.stream.AbstractPipeline.evaluate(AbstractPipeline.java:234)
	at java.base/java.util.stream.ReferencePipeline.forEach(ReferencePipeline.java:596)
	at org.junit.jupiter.engine.descriptor.ClassBasedTestDescriptor.invokeTestInstancePostProcessors(ClassBasedTestDescriptor.java:422)
	at org.junit.jupiter.engine.descriptor.ClassBasedTestDescriptor.lambda$instantiateAndPostProcessTestInstance$0(ClassBasedTestDescriptor.java:334)
	at org.junit.platform.engine.support.hierarchical.ThrowableCollector.execute(ThrowableCollector.java:74)
	at org.junit.jupiter.engine.descriptor.ClassBasedTestDescriptor.instantiateAndPostProcessTestInstance(ClassBasedTestDescriptor.java:333)
	at org.junit.jupiter.engine.descriptor.ClassBasedTestDescriptor.lambda$testInstancesProvider$1(ClassBasedTestDescriptor.java:322)
	at java.base/java.util.Optional.orElseGet(Optional.java:364)
	at org.junit.jupiter.engine.descriptor.ClassBasedTestDescriptor.lambda$testInstancesProvider$0(ClassBasedTestDescriptor.java:321)
	at org.junit.jupiter.engine.execution.TestInstancesProvider.getTestInstances(TestInstancesProvider.java:27)
	at org.junit.jupiter.engine.descriptor.TestMethodTestDescriptor.lambda$prepare$0(TestMethodTestDescriptor.java:127)
	at org.junit.platform.engine.support.hierarchical.ThrowableCollector.execute(ThrowableCollector.java:74)
	at org.junit.jupiter.engine.descriptor.TestMethodTestDescriptor.prepare(TestMethodTestDescriptor.java:126)
	at org.junit.jupiter.engine.descriptor.TestMethodTestDescriptor.prepare(TestMethodTestDescriptor.java:70)
	at org.junit.platform.engine.support.hierarchical.NodeTestTask.lambda$prepare$0(NodeTestTask.java:144)
	at org.junit.platform.engine.support.hierarchical.ThrowableCollector.execute(ThrowableCollector.java:74)
	at org.junit.platform.engine.support.hierarchical.NodeTestTask.prepare(NodeTestTask.java:144)
	at org.junit.platform.engine.support.hierarchical.NodeTestTask.execute(NodeTestTask.java:110)
	at java.base/java.util.ArrayList.forEach(ArrayList.java:1596)
	at org.junit.platform.engine.support.hierarchical.SameThreadHierarchicalTestExecutorService.invokeAll(SameThreadHierarchicalTestExecutorService.java:42)
	at org.junit.platform.engine.support.hierarchical.NodeTestTask.lambda$executeRecursively$2(NodeTestTask.java:180)
	at org.junit.platform.engine.support.hierarchical.ThrowableCollector.execute(ThrowableCollector.java:74)
	at org.junit.platform.engine.support.hierarchical.NodeTestTask.lambda$executeRecursively$1(NodeTestTask.java:166)
	at org.junit.platform.engine.support.hierarchical.Node.around(Node.java:138)
	at org.junit.platform.engine.support.hierarchical.NodeTestTask.lambda$executeRecursively$0(NodeTestTask.java:164)
	at org.junit.platform.engine.support.hierarchical.ThrowableCollector.execute(ThrowableCollector.java:74)
	at org.junit.platform.engine.support.hierarchical.NodeTestTask.executeRecursively(NodeTestTask.java:163)
	at org.junit.platform.engine.support.hierarchical.NodeTestTask.execute(NodeTestTask.java:116)
	at java.base/java.util.ArrayList.forEach(ArrayList.java:1596)
	at org.junit.platform.engine.support.hierarchical.SameThreadHierarchicalTestExecutorService.invokeAll(SameThreadHierarchicalTestExecutorService.java:42)
	at org.junit.platform.engine.support.hierarchical.NodeTestTask.lambda$executeRecursively$2(NodeTestTask.java:180)
	at org.junit.platform.engine.support.hierarchical.ThrowableCollector.execute(ThrowableCollector.java:74)
	at org.junit.platform.engine.support.hierarchical.NodeTestTask.lambda$executeRecursively$1(NodeTestTask.java:166)
	at org.junit.platform.engine.support.hierarchical.Node.around(Node.java:138)
	at org.junit.platform.engine.support.hierarchical.NodeTestTask.lambda$executeRecursively$0(NodeTestTask.java:164)
	at org.junit.platform.engine.support.hierarchical.ThrowableCollector.execute(ThrowableCollector.java:74)
	at org.junit.platform.engine.support.hierarchical.NodeTestTask.executeRecursively(NodeTestTask.java:163)
	at org.junit.platform.engine.support.hierarchical.NodeTestTask.execute(NodeTestTask.java:116)
	at org.junit.platform.engine.support.hierarchical.SameThreadHierarchicalTestExecutorService.submit(SameThreadHierarchicalTestExecutorService.java:36)
	at org.junit.platform.engine.support.hierarchical.HierarchicalTestExecutor.execute(HierarchicalTestExecutor.java:52)
	at org.junit.platform.engine.support.hierarchical.HierarchicalTestEngine.execute(HierarchicalTestEngine.java:58)
	at org.junit.platform.launcher.core.EngineExecutionOrchestrator.executeEngine(EngineExecutionOrchestrator.java:246)
	at org.junit.platform.launcher.core.EngineExecutionOrchestrator.failOrExecuteEngine(EngineExecutionOrchestrator.java:218)
	at org.junit.platform.launcher.core.EngineExecutionOrchestrator.execute(EngineExecutionOrchestrator.java:179)
	at org.junit.platform.launcher.core.EngineExecutionOrchestrator.execute(EngineExecutionOrchestrator.java:108)
	at org.junit.platform.launcher.core.EngineExecutionOrchestrator.lambda$execute$0(EngineExecutionOrchestrator.java:66)
	at org.junit.platform.launcher.core.EngineExecutionOrchestrator.withInterceptedStreams(EngineExecutionOrchestrator.java:157)
	at org.junit.platform.launcher.core.EngineExecutionOrchestrator.execute(EngineExecutionOrchestrator.java:65)
	at org.junit.platform.launcher.core.DefaultLauncher.execute(DefaultLauncher.java:125)
	at org.junit.platform.launcher.core.DefaultLauncher.execute(DefaultLauncher.java:114)
	at org.junit.platform.launcher.core.DelegatingLauncher.execute(DelegatingLauncher.java:58)
	at org.junit.platform.launcher.core.InterceptingLauncher.lambda$execute$2(InterceptingLauncher.java:57)
	at org.junit.platform.launcher.core.ClasspathAlignmentCheckingLauncherInterceptor.intercept(ClasspathAlignmentCheckingLauncherInterceptor.java:25)
	at org.junit.platform.launcher.core.InterceptingLauncher.execute(InterceptingLauncher.java:56)
	at org.junit.platform.launcher.core.DelegatingLauncher.execute(DelegatingLauncher.java:58)
	at org.junit.platform.launcher.core.SessionPerRequestLauncher.execute(SessionPerRequestLauncher.java:81)
	at com.intellij.junit6.JUnit6TestRunnerHelper.execute(JUnit6TestRunnerHelper.java:69)
	at com.intellij.junit5.JUnit5IdeaTestRunner.startRunnerWithArgs(JUnit5IdeaTestRunner.java:70)
	at com.intellij.rt.junit.IdeaTestRunner$Repeater$1.execute(IdeaTestRunner.java:38)
	at com.intellij.rt.execution.junit.TestsRepeater.repeat(TestsRepeater.java:11)
	at com.intellij.rt.junit.IdeaTestRunner$Repeater.startRunnerWithArgs(IdeaTestRunner.java:35)
	at com.intellij.rt.junit.JUnitStarter.prepareStreamsAndStart(JUnitStarter.java:225)
	at com.intellij.rt.junit.JUnitStarter.main(JUnitStarter.java:61)
2026-06-24 21:36:00 WARN  o.springframework.test.context.TestContextManager - Caught exception while allowing TestExecutionListener [org.springframework.test.context.bean.override.BeanOverrideTestExecutionListener] to prepare test instance [com.example.libreriaMarketCatalogService.controllerV2.ProductoControllerV2Test@4ebfb045]
java.lang.IllegalStateException: ApplicationContext failure threshold (1) exceeded: skipping repeated attempt to load context for [WebMergedContextConfiguration@1edf71d9 testClass = com.example.libreriaMarketCatalogService.controllerV2.ProductoControllerV2Test, locations = [], classes = [com.example.libreriaMarketCatalogService.LibreriaMarketCatalogServiceApplication], contextInitializerClasses = [], activeProfiles = [], propertySourceDescriptors = [], propertySourceProperties = ["org.springframework.boot.webmvc.test.autoconfigure.WebMvcTestContextBootstrapper=true"], contextCustomizers = [[ImportsContextCustomizer@52d9d817 key = [org.springframework.boot.hateoas.autoconfigure.HypermediaAutoConfiguration, org.springframework.boot.jackson2.autoconfigure.Jackson2AutoConfiguration, org.springframework.boot.autoconfigure.task.TaskExecutionAutoConfiguration, org.springframework.boot.webmvc.test.autoconfigure.MockMvcWebDriverAutoConfiguration, org.springframework.boot.security.autoconfigure.SecurityAutoConfiguration, org.springframework.boot.autoconfigure.context.MessageSourceAutoConfiguration, org.springframework.boot.security.autoconfigure.web.servlet.SecurityFilterAutoConfiguration, org.springframework.boot.data.autoconfigure.web.DataWebAutoConfiguration, org.springframework.boot.webmvc.autoconfigure.error.ErrorMvcAutoConfiguration, org.springframework.boot.validation.autoconfigure.ValidationAutoConfiguration, org.springframework.boot.webmvc.autoconfigure.WebMvcAutoConfiguration, org.springframework.boot.security.test.autoconfigure.webmvc.SecurityMockMvcAutoConfiguration, org.springframework.boot.http.converter.autoconfigure.HttpMessageConvertersAutoConfiguration, org.springframework.boot.jackson.autoconfigure.JacksonAutoConfiguration, org.springframework.boot.webmvc.test.autoconfigure.MockMvcWebClientAutoConfiguration, org.springframework.boot.servlet.autoconfigure.HttpEncodingAutoConfiguration, org.springframework.boot.security.autoconfigure.UserDetailsServiceAutoConfiguration, org.springframework.boot.webmvc.test.autoconfigure.MockMvcAutoConfiguration]], org.springframework.boot.test.context.PropertyMappingContextCustomizer@2d298995, org.springframework.boot.test.context.filter.ExcludeFilterContextCustomizer@c9413d8, org.springframework.boot.test.context.filter.annotation.TypeExcludeFiltersContextCustomizer@72eb542, org.springframework.boot.test.json.DuplicateJsonObjectContextCustomizerFactory$DuplicateJsonObjectContextCustomizer@db44aa2, org.springframework.boot.test.autoconfigure.OnFailureConditionReportContextCustomizerFactory$OnFailureConditionReportContextCustomizer@61a002b1, org.springframework.boot.test.autoconfigure.OverrideAutoConfigurationContextCustomizerFactory$DisableAutoConfigurationContextCustomizer@548e76f1, org.springframework.test.context.bean.override.BeanOverrideContextCustomizer@fb46069, org.springframework.test.context.support.DynamicPropertiesContextCustomizer@0, org.springframework.boot.webmvc.test.autoconfigure.WebDriverContextCustomizer@3deb2326, org.springframework.boot.web.server.context.SpringBootTestRandomPortContextCustomizerFactory$Customizer@3aee3976, org.springframework.boot.test.context.SpringBootTestAnnotation@f7ebce6c], resourceBasePath = "src/main/webapp", contextLoader = org.springframework.boot.test.context.SpringBootContextLoader, parent = null]
	at org.springframework.test.context.cache.DefaultCacheAwareContextLoaderDelegate.loadContext(DefaultCacheAwareContextLoaderDelegate.java:157)
	at org.springframework.test.context.support.DefaultTestContext.getApplicationContext(DefaultTestContext.java:128)
	at org.springframework.test.context.bean.override.BeanOverrideTestExecutionListener.injectFields(BeanOverrideTestExecutionListener.java:107)
	at org.springframework.test.context.bean.override.BeanOverrideTestExecutionListener.prepareTestInstance(BeanOverrideTestExecutionListener.java:70)
	at org.springframework.test.context.TestContextManager.prepareTestInstance(TestContextManager.java:260)
	at org.springframework.test.context.junit.jupiter.SpringExtension.postProcessTestInstance(SpringExtension.java:203)
	at org.junit.jupiter.engine.descriptor.ClassBasedTestDescriptor.lambda$invokeTestInstancePostProcessors$1(ClassBasedTestDescriptor.java:423)
	at org.junit.jupiter.engine.descriptor.ClassBasedTestDescriptor.executeAndMaskThrowable(ClassBasedTestDescriptor.java:428)
	at org.junit.jupiter.engine.descriptor.ClassBasedTestDescriptor.lambda$invokeTestInstancePostProcessors$0(ClassBasedTestDescriptor.java:422)
	at java.base/java.util.stream.ForEachOps$ForEachOp$OfRef.accept(ForEachOps.java:184)
	at java.base/java.util.stream.ReferencePipeline$3$1.accept(ReferencePipeline.java:197)
	at java.base/java.util.stream.ReferencePipeline$2$1.accept(ReferencePipeline.java:179)
	at java.base/java.util.stream.ReferencePipeline$3$1.accept(ReferencePipeline.java:197)
	at java.base/java.util.ArrayList$ArrayListSpliterator.forEachRemaining(ArrayList.java:1708)
	at java.base/java.util.stream.AbstractPipeline.copyInto(AbstractPipeline.java:509)
	at java.base/java.util.stream.AbstractPipeline.wrapAndCopyInto(AbstractPipeline.java:499)
	at java.base/java.util.stream.ForEachOps$ForEachOp.evaluateSequential(ForEachOps.java:151)
	at java.base/java.util.stream.ForEachOps$ForEachOp$OfRef.evaluateSequential(ForEachOps.java:174)
	at java.base/java.util.stream.AbstractPipeline.evaluate(AbstractPipeline.java:234)
	at java.base/java.util.stream.ReferencePipeline.forEach(ReferencePipeline.java:596)
	at org.junit.jupiter.engine.descriptor.ClassBasedTestDescriptor.invokeTestInstancePostProcessors(ClassBasedTestDescriptor.java:422)
	at org.junit.jupiter.engine.descriptor.ClassBasedTestDescriptor.lambda$instantiateAndPostProcessTestInstance$0(ClassBasedTestDescriptor.java:334)
	at org.junit.platform.engine.support.hierarchical.ThrowableCollector.execute(ThrowableCollector.java:74)
	at org.junit.jupiter.engine.descriptor.ClassBasedTestDescriptor.instantiateAndPostProcessTestInstance(ClassBasedTestDescriptor.java:333)
	at org.junit.jupiter.engine.descriptor.ClassBasedTestDescriptor.lambda$testInstancesProvider$1(ClassBasedTestDescriptor.java:322)
	at java.base/java.util.Optional.orElseGet(Optional.java:364)
	at org.junit.jupiter.engine.descriptor.ClassBasedTestDescriptor.lambda$testInstancesProvider$0(ClassBasedTestDescriptor.java:321)
	at org.junit.jupiter.engine.execution.TestInstancesProvider.getTestInstances(TestInstancesProvider.java:27)
	at org.junit.jupiter.engine.descriptor.TestMethodTestDescriptor.lambda$prepare$0(TestMethodTestDescriptor.java:127)
	at org.junit.platform.engine.support.hierarchical.ThrowableCollector.execute(ThrowableCollector.java:74)
	at org.junit.jupiter.engine.descriptor.TestMethodTestDescriptor.prepare(TestMethodTestDescriptor.java:126)
	at org.junit.jupiter.engine.descriptor.TestMethodTestDescriptor.prepare(TestMethodTestDescriptor.java:70)
	at org.junit.platform.engine.support.hierarchical.NodeTestTask.lambda$prepare$0(NodeTestTask.java:144)
	at org.junit.platform.engine.support.hierarchical.ThrowableCollector.execute(ThrowableCollector.java:74)
	at org.junit.platform.engine.support.hierarchical.NodeTestTask.prepare(NodeTestTask.java:144)
	at org.junit.platform.engine.support.hierarchical.NodeTestTask.execute(NodeTestTask.java:110)
	at java.base/java.util.ArrayList.forEach(ArrayList.java:1596)
	at org.junit.platform.engine.support.hierarchical.SameThreadHierarchicalTestExecutorService.invokeAll(SameThreadHierarchicalTestExecutorService.java:42)
	at org.junit.platform.engine.support.hierarchical.NodeTestTask.lambda$executeRecursively$2(NodeTestTask.java:180)
	at org.junit.platform.engine.support.hierarchical.ThrowableCollector.execute(ThrowableCollector.java:74)
	at org.junit.platform.engine.support.hierarchical.NodeTestTask.lambda$executeRecursively$1(NodeTestTask.java:166)
	at org.junit.platform.engine.support.hierarchical.Node.around(Node.java:138)
	at org.junit.platform.engine.support.hierarchical.NodeTestTask.lambda$executeRecursively$0(NodeTestTask.java:164)
	at org.junit.platform.engine.support.hierarchical.ThrowableCollector.execute(ThrowableCollector.java:74)
	at org.junit.platform.engine.support.hierarchical.NodeTestTask.executeRecursively(NodeTestTask.java:163)
	at org.junit.platform.engine.support.hierarchical.NodeTestTask.execute(NodeTestTask.java:116)
	at java.base/java.util.ArrayList.forEach(ArrayList.java:1596)
	at org.junit.platform.engine.support.hierarchical.SameThreadHierarchicalTestExecutorService.invokeAll(SameThreadHierarchicalTestExecutorService.java:42)
	at org.junit.platform.engine.support.hierarchical.NodeTestTask.lambda$executeRecursively$2(NodeTestTask.java:180)
	at org.junit.platform.engine.support.hierarchical.ThrowableCollector.execute(ThrowableCollector.java:74)
	at org.junit.platform.engine.support.hierarchical.NodeTestTask.lambda$executeRecursively$1(NodeTestTask.java:166)
	at org.junit.platform.engine.support.hierarchical.Node.around(Node.java:138)
	at org.junit.platform.engine.support.hierarchical.NodeTestTask.lambda$executeRecursively$0(NodeTestTask.java:164)
	at org.junit.platform.engine.support.hierarchical.ThrowableCollector.execute(ThrowableCollector.java:74)
	at org.junit.platform.engine.support.hierarchical.NodeTestTask.executeRecursively(NodeTestTask.java:163)
	at org.junit.platform.engine.support.hierarchical.NodeTestTask.execute(NodeTestTask.java:116)
	at org.junit.platform.engine.support.hierarchical.SameThreadHierarchicalTestExecutorService.submit(SameThreadHierarchicalTestExecutorService.java:36)
	at org.junit.platform.engine.support.hierarchical.HierarchicalTestExecutor.execute(HierarchicalTestExecutor.java:52)
	at org.junit.platform.engine.support.hierarchical.HierarchicalTestEngine.execute(HierarchicalTestEngine.java:58)
	at org.junit.platform.launcher.core.EngineExecutionOrchestrator.executeEngine(EngineExecutionOrchestrator.java:246)
	at org.junit.platform.launcher.core.EngineExecutionOrchestrator.failOrExecuteEngine(EngineExecutionOrchestrator.java:218)
	at org.junit.platform.launcher.core.EngineExecutionOrchestrator.execute(EngineExecutionOrchestrator.java:179)
	at org.junit.platform.launcher.core.EngineExecutionOrchestrator.execute(EngineExecutionOrchestrator.java:108)
	at org.junit.platform.launcher.core.EngineExecutionOrchestrator.lambda$execute$0(EngineExecutionOrchestrator.java:66)
	at org.junit.platform.launcher.core.EngineExecutionOrchestrator.withInterceptedStreams(EngineExecutionOrchestrator.java:157)
	at org.junit.platform.launcher.core.EngineExecutionOrchestrator.execute(EngineExecutionOrchestrator.java:65)
	at org.junit.platform.launcher.core.DefaultLauncher.execute(DefaultLauncher.java:125)
	at org.junit.platform.launcher.core.DefaultLauncher.execute(DefaultLauncher.java:114)
	at org.junit.platform.launcher.core.DelegatingLauncher.execute(DelegatingLauncher.java:58)
	at org.junit.platform.launcher.core.InterceptingLauncher.lambda$execute$2(InterceptingLauncher.java:57)
	at org.junit.platform.launcher.core.ClasspathAlignmentCheckingLauncherInterceptor.intercept(ClasspathAlignmentCheckingLauncherInterceptor.java:25)
	at org.junit.platform.launcher.core.InterceptingLauncher.execute(InterceptingLauncher.java:56)
	at org.junit.platform.launcher.core.DelegatingLauncher.execute(DelegatingLauncher.java:58)
	at org.junit.platform.launcher.core.SessionPerRequestLauncher.execute(SessionPerRequestLauncher.java:81)
	at com.intellij.junit6.JUnit6TestRunnerHelper.execute(JUnit6TestRunnerHelper.java:69)
	at com.intellij.junit5.JUnit5IdeaTestRunner.startRunnerWithArgs(JUnit5IdeaTestRunner.java:70)
	at com.intellij.rt.junit.IdeaTestRunner$Repeater$1.execute(IdeaTestRunner.java:38)
	at com.intellij.rt.execution.junit.TestsRepeater.repeat(TestsRepeater.java:11)
	at com.intellij.rt.junit.IdeaTestRunner$Repeater.startRunnerWithArgs(IdeaTestRunner.java:35)
	at com.intellij.rt.junit.JUnitStarter.prepareStreamsAndStart(JUnitStarter.java:225)
	at com.intellij.rt.junit.JUnitStarter.main(JUnitStarter.java:61)
2026-06-24 21:36:00 WARN  o.springframework.test.context.TestContextManager - Caught exception while allowing TestExecutionListener [org.springframework.test.context.bean.override.BeanOverrideTestExecutionListener] to prepare test instance [com.example.libreriaMarketCatalogService.controllerV2.ProductoControllerV2Test@4bbc21bd]
java.lang.IllegalStateException: ApplicationContext failure threshold (1) exceeded: skipping repeated attempt to load context for [WebMergedContextConfiguration@1edf71d9 testClass = com.example.libreriaMarketCatalogService.controllerV2.ProductoControllerV2Test, locations = [], classes = [com.example.libreriaMarketCatalogService.LibreriaMarketCatalogServiceApplication], contextInitializerClasses = [], activeProfiles = [], propertySourceDescriptors = [], propertySourceProperties = ["org.springframework.boot.webmvc.test.autoconfigure.WebMvcTestContextBootstrapper=true"], contextCustomizers = [[ImportsContextCustomizer@52d9d817 key = [org.springframework.boot.hateoas.autoconfigure.HypermediaAutoConfiguration, org.springframework.boot.jackson2.autoconfigure.Jackson2AutoConfiguration, org.springframework.boot.autoconfigure.task.TaskExecutionAutoConfiguration, org.springframework.boot.webmvc.test.autoconfigure.MockMvcWebDriverAutoConfiguration, org.springframework.boot.security.autoconfigure.SecurityAutoConfiguration, org.springframework.boot.autoconfigure.context.MessageSourceAutoConfiguration, org.springframework.boot.security.autoconfigure.web.servlet.SecurityFilterAutoConfiguration, org.springframework.boot.data.autoconfigure.web.DataWebAutoConfiguration, org.springframework.boot.webmvc.autoconfigure.error.ErrorMvcAutoConfiguration, org.springframework.boot.validation.autoconfigure.ValidationAutoConfiguration, org.springframework.boot.webmvc.autoconfigure.WebMvcAutoConfiguration, org.springframework.boot.security.test.autoconfigure.webmvc.SecurityMockMvcAutoConfiguration, org.springframework.boot.http.converter.autoconfigure.HttpMessageConvertersAutoConfiguration, org.springframework.boot.jackson.autoconfigure.JacksonAutoConfiguration, org.springframework.boot.webmvc.test.autoconfigure.MockMvcWebClientAutoConfiguration, org.springframework.boot.servlet.autoconfigure.HttpEncodingAutoConfiguration, org.springframework.boot.security.autoconfigure.UserDetailsServiceAutoConfiguration, org.springframework.boot.webmvc.test.autoconfigure.MockMvcAutoConfiguration]], org.springframework.boot.test.context.PropertyMappingContextCustomizer@2d298995, org.springframework.boot.test.context.filter.ExcludeFilterContextCustomizer@c9413d8, org.springframework.boot.test.context.filter.annotation.TypeExcludeFiltersContextCustomizer@72eb542, org.springframework.boot.test.json.DuplicateJsonObjectContextCustomizerFactory$DuplicateJsonObjectContextCustomizer@db44aa2, org.springframework.boot.test.autoconfigure.OnFailureConditionReportContextCustomizerFactory$OnFailureConditionReportContextCustomizer@61a002b1, org.springframework.boot.test.autoconfigure.OverrideAutoConfigurationContextCustomizerFactory$DisableAutoConfigurationContextCustomizer@548e76f1, org.springframework.test.context.bean.override.BeanOverrideContextCustomizer@fb46069, org.springframework.test.context.support.DynamicPropertiesContextCustomizer@0, org.springframework.boot.webmvc.test.autoconfigure.WebDriverContextCustomizer@3deb2326, org.springframework.boot.web.server.context.SpringBootTestRandomPortContextCustomizerFactory$Customizer@3aee3976, org.springframework.boot.test.context.SpringBootTestAnnotation@f7ebce6c], resourceBasePath = "src/main/webapp", contextLoader = org.springframework.boot.test.context.SpringBootContextLoader, parent = null]
	at org.springframework.test.context.cache.DefaultCacheAwareContextLoaderDelegate.loadContext(DefaultCacheAwareContextLoaderDelegate.java:157)
	at org.springframework.test.context.support.DefaultTestContext.getApplicationContext(DefaultTestContext.java:128)
	at org.springframework.test.context.bean.override.BeanOverrideTestExecutionListener.injectFields(BeanOverrideTestExecutionListener.java:107)
	at org.springframework.test.context.bean.override.BeanOverrideTestExecutionListener.prepareTestInstance(BeanOverrideTestExecutionListener.java:70)
	at org.springframework.test.context.TestContextManager.prepareTestInstance(TestContextManager.java:260)
	at org.springframework.test.context.junit.jupiter.SpringExtension.postProcessTestInstance(SpringExtension.java:203)
	at org.junit.jupiter.engine.descriptor.ClassBasedTestDescriptor.lambda$invokeTestInstancePostProcessors$1(ClassBasedTestDescriptor.java:423)
	at org.junit.jupiter.engine.descriptor.ClassBasedTestDescriptor.executeAndMaskThrowable(ClassBasedTestDescriptor.java:428)
	at org.junit.jupiter.engine.descriptor.ClassBasedTestDescriptor.lambda$invokeTestInstancePostProcessors$0(ClassBasedTestDescriptor.java:422)
	at java.base/java.util.stream.ForEachOps$ForEachOp$OfRef.accept(ForEachOps.java:184)
	at java.base/java.util.stream.ReferencePipeline$3$1.accept(ReferencePipeline.java:197)
	at java.base/java.util.stream.ReferencePipeline$2$1.accept(ReferencePipeline.java:179)
	at java.base/java.util.stream.ReferencePipeline$3$1.accept(ReferencePipeline.java:197)
	at java.base/java.util.ArrayList$ArrayListSpliterator.forEachRemaining(ArrayList.java:1708)
	at java.base/java.util.stream.AbstractPipeline.copyInto(AbstractPipeline.java:509)
	at java.base/java.util.stream.AbstractPipeline.wrapAndCopyInto(AbstractPipeline.java:499)
	at java.base/java.util.stream.ForEachOps$ForEachOp.evaluateSequential(ForEachOps.java:151)
	at java.base/java.util.stream.ForEachOps$ForEachOp$OfRef.evaluateSequential(ForEachOps.java:174)
	at java.base/java.util.stream.AbstractPipeline.evaluate(AbstractPipeline.java:234)
	at java.base/java.util.stream.ReferencePipeline.forEach(ReferencePipeline.java:596)
	at org.junit.jupiter.engine.descriptor.ClassBasedTestDescriptor.invokeTestInstancePostProcessors(ClassBasedTestDescriptor.java:422)
	at org.junit.jupiter.engine.descriptor.ClassBasedTestDescriptor.lambda$instantiateAndPostProcessTestInstance$0(ClassBasedTestDescriptor.java:334)
	at org.junit.platform.engine.support.hierarchical.ThrowableCollector.execute(ThrowableCollector.java:74)
	at org.junit.jupiter.engine.descriptor.ClassBasedTestDescriptor.instantiateAndPostProcessTestInstance(ClassBasedTestDescriptor.java:333)
	at org.junit.jupiter.engine.descriptor.ClassBasedTestDescriptor.lambda$testInstancesProvider$1(ClassBasedTestDescriptor.java:322)
	at java.base/java.util.Optional.orElseGet(Optional.java:364)
	at org.junit.jupiter.engine.descriptor.ClassBasedTestDescriptor.lambda$testInstancesProvider$0(ClassBasedTestDescriptor.java:321)
	at org.junit.jupiter.engine.execution.TestInstancesProvider.getTestInstances(TestInstancesProvider.java:27)
	at org.junit.jupiter.engine.descriptor.TestMethodTestDescriptor.lambda$prepare$0(TestMethodTestDescriptor.java:127)
	at org.junit.platform.engine.support.hierarchical.ThrowableCollector.execute(ThrowableCollector.java:74)
	at org.junit.jupiter.engine.descriptor.TestMethodTestDescriptor.prepare(TestMethodTestDescriptor.java:126)
	at org.junit.jupiter.engine.descriptor.TestMethodTestDescriptor.prepare(TestMethodTestDescriptor.java:70)
	at org.junit.platform.engine.support.hierarchical.NodeTestTask.lambda$prepare$0(NodeTestTask.java:144)
	at org.junit.platform.engine.support.hierarchical.ThrowableCollector.execute(ThrowableCollector.java:74)
	at org.junit.platform.engine.support.hierarchical.NodeTestTask.prepare(NodeTestTask.java:144)
	at org.junit.platform.engine.support.hierarchical.NodeTestTask.execute(NodeTestTask.java:110)
	at java.base/java.util.ArrayList.forEach(ArrayList.java:1596)
	at org.junit.platform.engine.support.hierarchical.SameThreadHierarchicalTestExecutorService.invokeAll(SameThreadHierarchicalTestExecutorService.java:42)
	at org.junit.platform.engine.support.hierarchical.NodeTestTask.lambda$executeRecursively$2(NodeTestTask.java:180)
	at org.junit.platform.engine.support.hierarchical.ThrowableCollector.execute(ThrowableCollector.java:74)
	at org.junit.platform.engine.support.hierarchical.NodeTestTask.lambda$executeRecursively$1(NodeTestTask.java:166)
	at org.junit.platform.engine.support.hierarchical.Node.around(Node.java:138)
	at org.junit.platform.engine.support.hierarchical.NodeTestTask.lambda$executeRecursively$0(NodeTestTask.java:164)
	at org.junit.platform.engine.support.hierarchical.ThrowableCollector.execute(ThrowableCollector.java:74)
	at org.junit.platform.engine.support.hierarchical.NodeTestTask.executeRecursively(NodeTestTask.java:163)
	at org.junit.platform.engine.support.hierarchical.NodeTestTask.execute(NodeTestTask.java:116)
	at java.base/java.util.ArrayList.forEach(ArrayList.java:1596)
	at org.junit.platform.engine.support.hierarchical.SameThreadHierarchicalTestExecutorService.invokeAll(SameThreadHierarchicalTestExecutorService.java:42)
	at org.junit.platform.engine.support.hierarchical.NodeTestTask.lambda$executeRecursively$2(NodeTestTask.java:180)
	at org.junit.platform.engine.support.hierarchical.ThrowableCollector.execute(ThrowableCollector.java:74)
	at org.junit.platform.engine.support.hierarchical.NodeTestTask.lambda$executeRecursively$1(NodeTestTask.java:166)
	at org.junit.platform.engine.support.hierarchical.Node.around(Node.java:138)
	at org.junit.platform.engine.support.hierarchical.NodeTestTask.lambda$executeRecursively$0(NodeTestTask.java:164)
	at org.junit.platform.engine.support.hierarchical.ThrowableCollector.execute(ThrowableCollector.java:74)
	at org.junit.platform.engine.support.hierarchical.NodeTestTask.executeRecursively(NodeTestTask.java:163)
	at org.junit.platform.engine.support.hierarchical.NodeTestTask.execute(NodeTestTask.java:116)
	at org.junit.platform.engine.support.hierarchical.SameThreadHierarchicalTestExecutorService.submit(SameThreadHierarchicalTestExecutorService.java:36)
	at org.junit.platform.engine.support.hierarchical.HierarchicalTestExecutor.execute(HierarchicalTestExecutor.java:52)
	at org.junit.platform.engine.support.hierarchical.HierarchicalTestEngine.execute(HierarchicalTestEngine.java:58)
	at org.junit.platform.launcher.core.EngineExecutionOrchestrator.executeEngine(EngineExecutionOrchestrator.java:246)
	at org.junit.platform.launcher.core.EngineExecutionOrchestrator.failOrExecuteEngine(EngineExecutionOrchestrator.java:218)
	at org.junit.platform.launcher.core.EngineExecutionOrchestrator.execute(EngineExecutionOrchestrator.java:179)
	at org.junit.platform.launcher.core.EngineExecutionOrchestrator.execute(EngineExecutionOrchestrator.java:108)
	at org.junit.platform.launcher.core.EngineExecutionOrchestrator.lambda$execute$0(EngineExecutionOrchestrator.java:66)
	at org.junit.platform.launcher.core.EngineExecutionOrchestrator.withInterceptedStreams(EngineExecutionOrchestrator.java:157)
	at org.junit.platform.launcher.core.EngineExecutionOrchestrator.execute(EngineExecutionOrchestrator.java:65)
	at org.junit.platform.launcher.core.DefaultLauncher.execute(DefaultLauncher.java:125)
	at org.junit.platform.launcher.core.DefaultLauncher.execute(DefaultLauncher.java:114)
	at org.junit.platform.launcher.core.DelegatingLauncher.execute(DelegatingLauncher.java:58)
	at org.junit.platform.launcher.core.InterceptingLauncher.lambda$execute$2(InterceptingLauncher.java:57)
	at org.junit.platform.launcher.core.ClasspathAlignmentCheckingLauncherInterceptor.intercept(ClasspathAlignmentCheckingLauncherInterceptor.java:25)
	at org.junit.platform.launcher.core.InterceptingLauncher.execute(InterceptingLauncher.java:56)
	at org.junit.platform.launcher.core.DelegatingLauncher.execute(DelegatingLauncher.java:58)
	at org.junit.platform.launcher.core.SessionPerRequestLauncher.execute(SessionPerRequestLauncher.java:81)
	at com.intellij.junit6.JUnit6TestRunnerHelper.execute(JUnit6TestRunnerHelper.java:69)
	at com.intellij.junit5.JUnit5IdeaTestRunner.startRunnerWithArgs(JUnit5IdeaTestRunner.java:70)
	at com.intellij.rt.junit.IdeaTestRunner$Repeater$1.execute(IdeaTestRunner.java:38)
	at com.intellij.rt.execution.junit.TestsRepeater.repeat(TestsRepeater.java:11)
	at com.intellij.rt.junit.IdeaTestRunner$Repeater.startRunnerWithArgs(IdeaTestRunner.java:35)
	at com.intellij.rt.junit.JUnitStarter.prepareStreamsAndStart(JUnitStarter.java:225)
	at com.intellij.rt.junit.JUnitStarter.main(JUnitStarter.java:61)
2026-06-24 21:36:00 WARN  o.springframework.test.context.TestContextManager - Caught exception while allowing TestExecutionListener [org.springframework.test.context.bean.override.BeanOverrideTestExecutionListener] to prepare test instance [com.example.libreriaMarketCatalogService.controllerV2.ProductoControllerV2Test@67a0ff25]
java.lang.IllegalStateException: ApplicationContext failure threshold (1) exceeded: skipping repeated attempt to load context for [WebMergedContextConfiguration@1edf71d9 testClass = com.example.libreriaMarketCatalogService.controllerV2.ProductoControllerV2Test, locations = [], classes = [com.example.libreriaMarketCatalogService.LibreriaMarketCatalogServiceApplication], contextInitializerClasses = [], activeProfiles = [], propertySourceDescriptors = [], propertySourceProperties = ["org.springframework.boot.webmvc.test.autoconfigure.WebMvcTestContextBootstrapper=true"], contextCustomizers = [[ImportsContextCustomizer@52d9d817 key = [org.springframework.boot.hateoas.autoconfigure.HypermediaAutoConfiguration, org.springframework.boot.jackson2.autoconfigure.Jackson2AutoConfiguration, org.springframework.boot.autoconfigure.task.TaskExecutionAutoConfiguration, org.springframework.boot.webmvc.test.autoconfigure.MockMvcWebDriverAutoConfiguration, org.springframework.boot.security.autoconfigure.SecurityAutoConfiguration, org.springframework.boot.autoconfigure.context.MessageSourceAutoConfiguration, org.springframework.boot.security.autoconfigure.web.servlet.SecurityFilterAutoConfiguration, org.springframework.boot.data.autoconfigure.web.DataWebAutoConfiguration, org.springframework.boot.webmvc.autoconfigure.error.ErrorMvcAutoConfiguration, org.springframework.boot.validation.autoconfigure.ValidationAutoConfiguration, org.springframework.boot.webmvc.autoconfigure.WebMvcAutoConfiguration, org.springframework.boot.security.test.autoconfigure.webmvc.SecurityMockMvcAutoConfiguration, org.springframework.boot.http.converter.autoconfigure.HttpMessageConvertersAutoConfiguration, org.springframework.boot.jackson.autoconfigure.JacksonAutoConfiguration, org.springframework.boot.webmvc.test.autoconfigure.MockMvcWebClientAutoConfiguration, org.springframework.boot.servlet.autoconfigure.HttpEncodingAutoConfiguration, org.springframework.boot.security.autoconfigure.UserDetailsServiceAutoConfiguration, org.springframework.boot.webmvc.test.autoconfigure.MockMvcAutoConfiguration]], org.springframework.boot.test.context.PropertyMappingContextCustomizer@2d298995, org.springframework.boot.test.context.filter.ExcludeFilterContextCustomizer@c9413d8, org.springframework.boot.test.context.filter.annotation.TypeExcludeFiltersContextCustomizer@72eb542, org.springframework.boot.test.json.DuplicateJsonObjectContextCustomizerFactory$DuplicateJsonObjectContextCustomizer@db44aa2, org.springframework.boot.test.autoconfigure.OnFailureConditionReportContextCustomizerFactory$OnFailureConditionReportContextCustomizer@61a002b1, org.springframework.boot.test.autoconfigure.OverrideAutoConfigurationContextCustomizerFactory$DisableAutoConfigurationContextCustomizer@548e76f1, org.springframework.test.context.bean.override.BeanOverrideContextCustomizer@fb46069, org.springframework.test.context.support.DynamicPropertiesContextCustomizer@0, org.springframework.boot.webmvc.test.autoconfigure.WebDriverContextCustomizer@3deb2326, org.springframework.boot.web.server.context.SpringBootTestRandomPortContextCustomizerFactory$Customizer@3aee3976, org.springframework.boot.test.context.SpringBootTestAnnotation@f7ebce6c], resourceBasePath = "src/main/webapp", contextLoader = org.springframework.boot.test.context.SpringBootContextLoader, parent = null]
	at org.springframework.test.context.cache.DefaultCacheAwareContextLoaderDelegate.loadContext(DefaultCacheAwareContextLoaderDelegate.java:157)
	at org.springframework.test.context.support.DefaultTestContext.getApplicationContext(DefaultTestContext.java:128)
	at org.springframework.test.context.bean.override.BeanOverrideTestExecutionListener.injectFields(BeanOverrideTestExecutionListener.java:107)
	at org.springframework.test.context.bean.override.BeanOverrideTestExecutionListener.prepareTestInstance(BeanOverrideTestExecutionListener.java:70)
	at org.springframework.test.context.TestContextManager.prepareTestInstance(TestContextManager.java:260)
	at org.springframework.test.context.junit.jupiter.SpringExtension.postProcessTestInstance(SpringExtension.java:203)
	at org.junit.jupiter.engine.descriptor.ClassBasedTestDescriptor.lambda$invokeTestInstancePostProcessors$1(ClassBasedTestDescriptor.java:423)
	at org.junit.jupiter.engine.descriptor.ClassBasedTestDescriptor.executeAndMaskThrowable(ClassBasedTestDescriptor.java:428)
	at org.junit.jupiter.engine.descriptor.ClassBasedTestDescriptor.lambda$invokeTestInstancePostProcessors$0(ClassBasedTestDescriptor.java:422)
	at java.base/java.util.stream.ForEachOps$ForEachOp$OfRef.accept(ForEachOps.java:184)
	at java.base/java.util.stream.ReferencePipeline$3$1.accept(ReferencePipeline.java:197)
	at java.base/java.util.stream.ReferencePipeline$2$1.accept(ReferencePipeline.java:179)
	at java.base/java.util.stream.ReferencePipeline$3$1.accept(ReferencePipeline.java:197)
	at java.base/java.util.ArrayList$ArrayListSpliterator.forEachRemaining(ArrayList.java:1708)
	at java.base/java.util.stream.AbstractPipeline.copyInto(AbstractPipeline.java:509)
	at java.base/java.util.stream.AbstractPipeline.wrapAndCopyInto(AbstractPipeline.java:499)
	at java.base/java.util.stream.ForEachOps$ForEachOp.evaluateSequential(ForEachOps.java:151)
	at java.base/java.util.stream.ForEachOps$ForEachOp$OfRef.evaluateSequential(ForEachOps.java:174)
	at java.base/java.util.stream.AbstractPipeline.evaluate(AbstractPipeline.java:234)
	at java.base/java.util.stream.ReferencePipeline.forEach(ReferencePipeline.java:596)
	at org.junit.jupiter.engine.descriptor.ClassBasedTestDescriptor.invokeTestInstancePostProcessors(ClassBasedTestDescriptor.java:422)
	at org.junit.jupiter.engine.descriptor.ClassBasedTestDescriptor.lambda$instantiateAndPostProcessTestInstance$0(ClassBasedTestDescriptor.java:334)
	at org.junit.platform.engine.support.hierarchical.ThrowableCollector.execute(ThrowableCollector.java:74)
	at org.junit.jupiter.engine.descriptor.ClassBasedTestDescriptor.instantiateAndPostProcessTestInstance(ClassBasedTestDescriptor.java:333)
	at org.junit.jupiter.engine.descriptor.ClassBasedTestDescriptor.lambda$testInstancesProvider$1(ClassBasedTestDescriptor.java:322)
	at java.base/java.util.Optional.orElseGet(Optional.java:364)
	at org.junit.jupiter.engine.descriptor.ClassBasedTestDescriptor.lambda$testInstancesProvider$0(ClassBasedTestDescriptor.java:321)
	at org.junit.jupiter.engine.execution.TestInstancesProvider.getTestInstances(TestInstancesProvider.java:27)
	at org.junit.jupiter.engine.descriptor.TestMethodTestDescriptor.lambda$prepare$0(TestMethodTestDescriptor.java:127)
	at org.junit.platform.engine.support.hierarchical.ThrowableCollector.execute(ThrowableCollector.java:74)
	at org.junit.jupiter.engine.descriptor.TestMethodTestDescriptor.prepare(TestMethodTestDescriptor.java:126)
	at org.junit.jupiter.engine.descriptor.TestMethodTestDescriptor.prepare(TestMethodTestDescriptor.java:70)
	at org.junit.platform.engine.support.hierarchical.NodeTestTask.lambda$prepare$0(NodeTestTask.java:144)
	at org.junit.platform.engine.support.hierarchical.ThrowableCollector.execute(ThrowableCollector.java:74)
	at org.junit.platform.engine.support.hierarchical.NodeTestTask.prepare(NodeTestTask.java:144)
	at org.junit.platform.engine.support.hierarchical.NodeTestTask.execute(NodeTestTask.java:110)
	at java.base/java.util.ArrayList.forEach(ArrayList.java:1596)
	at org.junit.platform.engine.support.hierarchical.SameThreadHierarchicalTestExecutorService.invokeAll(SameThreadHierarchicalTestExecutorService.java:42)
	at org.junit.platform.engine.support.hierarchical.NodeTestTask.lambda$executeRecursively$2(NodeTestTask.java:180)
	at org.junit.platform.engine.support.hierarchical.ThrowableCollector.execute(ThrowableCollector.java:74)
	at org.junit.platform.engine.support.hierarchical.NodeTestTask.lambda$executeRecursively$1(NodeTestTask.java:166)
	at org.junit.platform.engine.support.hierarchical.Node.around(Node.java:138)
	at org.junit.platform.engine.support.hierarchical.NodeTestTask.lambda$executeRecursively$0(NodeTestTask.java:164)
	at org.junit.platform.engine.support.hierarchical.ThrowableCollector.execute(ThrowableCollector.java:74)
	at org.junit.platform.engine.support.hierarchical.NodeTestTask.executeRecursively(NodeTestTask.java:163)
	at org.junit.platform.engine.support.hierarchical.NodeTestTask.execute(NodeTestTask.java:116)
	at java.base/java.util.ArrayList.forEach(ArrayList.java:1596)
	at org.junit.platform.engine.support.hierarchical.SameThreadHierarchicalTestExecutorService.invokeAll(SameThreadHierarchicalTestExecutorService.java:42)
	at org.junit.platform.engine.support.hierarchical.NodeTestTask.lambda$executeRecursively$2(NodeTestTask.java:180)
	at org.junit.platform.engine.support.hierarchical.ThrowableCollector.execute(ThrowableCollector.java:74)
	at org.junit.platform.engine.support.hierarchical.NodeTestTask.lambda$executeRecursively$1(NodeTestTask.java:166)
	at org.junit.platform.engine.support.hierarchical.Node.around(Node.java:138)
	at org.junit.platform.engine.support.hierarchical.NodeTestTask.lambda$executeRecursively$0(NodeTestTask.java:164)
	at org.junit.platform.engine.support.hierarchical.ThrowableCollector.execute(ThrowableCollector.java:74)
	at org.junit.platform.engine.support.hierarchical.NodeTestTask.executeRecursively(NodeTestTask.java:163)
	at org.junit.platform.engine.support.hierarchical.NodeTestTask.execute(NodeTestTask.java:116)
	at org.junit.platform.engine.support.hierarchical.SameThreadHierarchicalTestExecutorService.submit(SameThreadHierarchicalTestExecutorService.java:36)
	at org.junit.platform.engine.support.hierarchical.HierarchicalTestExecutor.execute(HierarchicalTestExecutor.java:52)
	at org.junit.platform.engine.support.hierarchical.HierarchicalTestEngine.execute(HierarchicalTestEngine.java:58)
	at org.junit.platform.launcher.core.EngineExecutionOrchestrator.executeEngine(EngineExecutionOrchestrator.java:246)
	at org.junit.platform.launcher.core.EngineExecutionOrchestrator.failOrExecuteEngine(EngineExecutionOrchestrator.java:218)
	at org.junit.platform.launcher.core.EngineExecutionOrchestrator.execute(EngineExecutionOrchestrator.java:179)
	at org.junit.platform.launcher.core.EngineExecutionOrchestrator.execute(EngineExecutionOrchestrator.java:108)
	at org.junit.platform.launcher.core.EngineExecutionOrchestrator.lambda$execute$0(EngineExecutionOrchestrator.java:66)
	at org.junit.platform.launcher.core.EngineExecutionOrchestrator.withInterceptedStreams(EngineExecutionOrchestrator.java:157)
	at org.junit.platform.launcher.core.EngineExecutionOrchestrator.execute(EngineExecutionOrchestrator.java:65)
	at org.junit.platform.launcher.core.DefaultLauncher.execute(DefaultLauncher.java:125)
	at org.junit.platform.launcher.core.DefaultLauncher.execute(DefaultLauncher.java:114)
	at org.junit.platform.launcher.core.DelegatingLauncher.execute(DelegatingLauncher.java:58)
	at org.junit.platform.launcher.core.InterceptingLauncher.lambda$execute$2(InterceptingLauncher.java:57)
	at org.junit.platform.launcher.core.ClasspathAlignmentCheckingLauncherInterceptor.intercept(ClasspathAlignmentCheckingLauncherInterceptor.java:25)
	at org.junit.platform.launcher.core.InterceptingLauncher.execute(InterceptingLauncher.java:56)
	at org.junit.platform.launcher.core.DelegatingLauncher.execute(DelegatingLauncher.java:58)
	at org.junit.platform.launcher.core.SessionPerRequestLauncher.execute(SessionPerRequestLauncher.java:81)
	at com.intellij.junit6.JUnit6TestRunnerHelper.execute(JUnit6TestRunnerHelper.java:69)
	at com.intellij.junit5.JUnit5IdeaTestRunner.startRunnerWithArgs(JUnit5IdeaTestRunner.java:70)
	at com.intellij.rt.junit.IdeaTestRunner$Repeater$1.execute(IdeaTestRunner.java:38)
	at com.intellij.rt.execution.junit.TestsRepeater.repeat(TestsRepeater.java:11)
	at com.intellij.rt.junit.IdeaTestRunner$Repeater.startRunnerWithArgs(IdeaTestRunner.java:35)
	at com.intellij.rt.junit.JUnitStarter.prepareStreamsAndStart(JUnitStarter.java:225)
	at com.intellij.rt.junit.JUnitStarter.main(JUnitStarter.java:61)
2026-06-24 21:36:00 WARN  o.springframework.test.context.TestContextManager - Caught exception while allowing TestExecutionListener [org.springframework.test.context.bean.override.BeanOverrideTestExecutionListener] to prepare test instance [com.example.libreriaMarketCatalogService.controllerV2.ProductoControllerV2Test@432c0f1]
java.lang.IllegalStateException: ApplicationContext failure threshold (1) exceeded: skipping repeated attempt to load context for [WebMergedContextConfiguration@1edf71d9 testClass = com.example.libreriaMarketCatalogService.controllerV2.ProductoControllerV2Test, locations = [], classes = [com.example.libreriaMarketCatalogService.LibreriaMarketCatalogServiceApplication], contextInitializerClasses = [], activeProfiles = [], propertySourceDescriptors = [], propertySourceProperties = ["org.springframework.boot.webmvc.test.autoconfigure.WebMvcTestContextBootstrapper=true"], contextCustomizers = [[ImportsContextCustomizer@52d9d817 key = [org.springframework.boot.hateoas.autoconfigure.HypermediaAutoConfiguration, org.springframework.boot.jackson2.autoconfigure.Jackson2AutoConfiguration, org.springframework.boot.autoconfigure.task.TaskExecutionAutoConfiguration, org.springframework.boot.webmvc.test.autoconfigure.MockMvcWebDriverAutoConfiguration, org.springframework.boot.security.autoconfigure.SecurityAutoConfiguration, org.springframework.boot.autoconfigure.context.MessageSourceAutoConfiguration, org.springframework.boot.security.autoconfigure.web.servlet.SecurityFilterAutoConfiguration, org.springframework.boot.data.autoconfigure.web.DataWebAutoConfiguration, org.springframework.boot.webmvc.autoconfigure.error.ErrorMvcAutoConfiguration, org.springframework.boot.validation.autoconfigure.ValidationAutoConfiguration, org.springframework.boot.webmvc.autoconfigure.WebMvcAutoConfiguration, org.springframework.boot.security.test.autoconfigure.webmvc.SecurityMockMvcAutoConfiguration, org.springframework.boot.http.converter.autoconfigure.HttpMessageConvertersAutoConfiguration, org.springframework.boot.jackson.autoconfigure.JacksonAutoConfiguration, org.springframework.boot.webmvc.test.autoconfigure.MockMvcWebClientAutoConfiguration, org.springframework.boot.servlet.autoconfigure.HttpEncodingAutoConfiguration, org.springframework.boot.security.autoconfigure.UserDetailsServiceAutoConfiguration, org.springframework.boot.webmvc.test.autoconfigure.MockMvcAutoConfiguration]], org.springframework.boot.test.context.PropertyMappingContextCustomizer@2d298995, org.springframework.boot.test.context.filter.ExcludeFilterContextCustomizer@c9413d8, org.springframework.boot.test.context.filter.annotation.TypeExcludeFiltersContextCustomizer@72eb542, org.springframework.boot.test.json.DuplicateJsonObjectContextCustomizerFactory$DuplicateJsonObjectContextCustomizer@db44aa2, org.springframework.boot.test.autoconfigure.OnFailureConditionReportContextCustomizerFactory$OnFailureConditionReportContextCustomizer@61a002b1, org.springframework.boot.test.autoconfigure.OverrideAutoConfigurationContextCustomizerFactory$DisableAutoConfigurationContextCustomizer@548e76f1, org.springframework.test.context.bean.override.BeanOverrideContextCustomizer@fb46069, org.springframework.test.context.support.DynamicPropertiesContextCustomizer@0, org.springframework.boot.webmvc.test.autoconfigure.WebDriverContextCustomizer@3deb2326, org.springframework.boot.web.server.context.SpringBootTestRandomPortContextCustomizerFactory$Customizer@3aee3976, org.springframework.boot.test.context.SpringBootTestAnnotation@f7ebce6c], resourceBasePath = "src/main/webapp", contextLoader = org.springframework.boot.test.context.SpringBootContextLoader, parent = null]
	at org.springframework.test.context.cache.DefaultCacheAwareContextLoaderDelegate.loadContext(DefaultCacheAwareContextLoaderDelegate.java:157)
	at org.springframework.test.context.support.DefaultTestContext.getApplicationContext(DefaultTestContext.java:128)
	at org.springframework.test.context.bean.override.BeanOverrideTestExecutionListener.injectFields(BeanOverrideTestExecutionListener.java:107)
	at org.springframework.test.context.bean.override.BeanOverrideTestExecutionListener.prepareTestInstance(BeanOverrideTestExecutionListener.java:70)
	at org.springframework.test.context.TestContextManager.prepareTestInstance(TestContextManager.java:260)
	at org.springframework.test.context.junit.jupiter.SpringExtension.postProcessTestInstance(SpringExtension.java:203)
	at org.junit.jupiter.engine.descriptor.ClassBasedTestDescriptor.lambda$invokeTestInstancePostProcessors$1(ClassBasedTestDescriptor.java:423)
	at org.junit.jupiter.engine.descriptor.ClassBasedTestDescriptor.executeAndMaskThrowable(ClassBasedTestDescriptor.java:428)
	at org.junit.jupiter.engine.descriptor.ClassBasedTestDescriptor.lambda$invokeTestInstancePostProcessors$0(ClassBasedTestDescriptor.java:422)
	at java.base/java.util.stream.ForEachOps$ForEachOp$OfRef.accept(ForEachOps.java:184)
	at java.base/java.util.stream.ReferencePipeline$3$1.accept(ReferencePipeline.java:197)
	at java.base/java.util.stream.ReferencePipeline$2$1.accept(ReferencePipeline.java:179)
	at java.base/java.util.stream.ReferencePipeline$3$1.accept(ReferencePipeline.java:197)
	at java.base/java.util.ArrayList$ArrayListSpliterator.forEachRemaining(ArrayList.java:1708)
	at java.base/java.util.stream.AbstractPipeline.copyInto(AbstractPipeline.java:509)
	at java.base/java.util.stream.AbstractPipeline.wrapAndCopyInto(AbstractPipeline.java:499)
	at java.base/java.util.stream.ForEachOps$ForEachOp.evaluateSequential(ForEachOps.java:151)
	at java.base/java.util.stream.ForEachOps$ForEachOp$OfRef.evaluateSequential(ForEachOps.java:174)
	at java.base/java.util.stream.AbstractPipeline.evaluate(AbstractPipeline.java:234)
	at java.base/java.util.stream.ReferencePipeline.forEach(ReferencePipeline.java:596)
	at org.junit.jupiter.engine.descriptor.ClassBasedTestDescriptor.invokeTestInstancePostProcessors(ClassBasedTestDescriptor.java:422)
	at org.junit.jupiter.engine.descriptor.ClassBasedTestDescriptor.lambda$instantiateAndPostProcessTestInstance$0(ClassBasedTestDescriptor.java:334)
	at org.junit.platform.engine.support.hierarchical.ThrowableCollector.execute(ThrowableCollector.java:74)
	at org.junit.jupiter.engine.descriptor.ClassBasedTestDescriptor.instantiateAndPostProcessTestInstance(ClassBasedTestDescriptor.java:333)
	at org.junit.jupiter.engine.descriptor.ClassBasedTestDescriptor.lambda$testInstancesProvider$1(ClassBasedTestDescriptor.java:322)
	at java.base/java.util.Optional.orElseGet(Optional.java:364)
	at org.junit.jupiter.engine.descriptor.ClassBasedTestDescriptor.lambda$testInstancesProvider$0(ClassBasedTestDescriptor.java:321)
	at org.junit.jupiter.engine.execution.TestInstancesProvider.getTestInstances(TestInstancesProvider.java:27)
	at org.junit.jupiter.engine.descriptor.TestMethodTestDescriptor.lambda$prepare$0(TestMethodTestDescriptor.java:127)
	at org.junit.platform.engine.support.hierarchical.ThrowableCollector.execute(ThrowableCollector.java:74)
	at org.junit.jupiter.engine.descriptor.TestMethodTestDescriptor.prepare(TestMethodTestDescriptor.java:126)
	at org.junit.jupiter.engine.descriptor.TestMethodTestDescriptor.prepare(TestMethodTestDescriptor.java:70)
	at org.junit.platform.engine.support.hierarchical.NodeTestTask.lambda$prepare$0(NodeTestTask.java:144)
	at org.junit.platform.engine.support.hierarchical.ThrowableCollector.execute(ThrowableCollector.java:74)
	at org.junit.platform.engine.support.hierarchical.NodeTestTask.prepare(NodeTestTask.java:144)
	at org.junit.platform.engine.support.hierarchical.NodeTestTask.execute(NodeTestTask.java:110)
	at java.base/java.util.ArrayList.forEach(ArrayList.java:1596)
	at org.junit.platform.engine.support.hierarchical.SameThreadHierarchicalTestExecutorService.invokeAll(SameThreadHierarchicalTestExecutorService.java:42)
	at org.junit.platform.engine.support.hierarchical.NodeTestTask.lambda$executeRecursively$2(NodeTestTask.java:180)
	at org.junit.platform.engine.support.hierarchical.ThrowableCollector.execute(ThrowableCollector.java:74)
	at org.junit.platform.engine.support.hierarchical.NodeTestTask.lambda$executeRecursively$1(NodeTestTask.java:166)
	at org.junit.platform.engine.support.hierarchical.Node.around(Node.java:138)
	at org.junit.platform.engine.support.hierarchical.NodeTestTask.lambda$executeRecursively$0(NodeTestTask.java:164)
	at org.junit.platform.engine.support.hierarchical.ThrowableCollector.execute(ThrowableCollector.java:74)
	at org.junit.platform.engine.support.hierarchical.NodeTestTask.executeRecursively(NodeTestTask.java:163)
	at org.junit.platform.engine.support.hierarchical.NodeTestTask.execute(NodeTestTask.java:116)
	at java.base/java.util.ArrayList.forEach(ArrayList.java:1596)
	at org.junit.platform.engine.support.hierarchical.SameThreadHierarchicalTestExecutorService.invokeAll(SameThreadHierarchicalTestExecutorService.java:42)
	at org.junit.platform.engine.support.hierarchical.NodeTestTask.lambda$executeRecursively$2(NodeTestTask.java:180)
	at org.junit.platform.engine.support.hierarchical.ThrowableCollector.execute(ThrowableCollector.java:74)
	at org.junit.platform.engine.support.hierarchical.NodeTestTask.lambda$executeRecursively$1(NodeTestTask.java:166)
	at org.junit.platform.engine.support.hierarchical.Node.around(Node.java:138)
	at org.junit.platform.engine.support.hierarchical.NodeTestTask.lambda$executeRecursively$0(NodeTestTask.java:164)
	at org.junit.platform.engine.support.hierarchical.ThrowableCollector.execute(ThrowableCollector.java:74)
	at org.junit.platform.engine.support.hierarchical.NodeTestTask.executeRecursively(NodeTestTask.java:163)
	at org.junit.platform.engine.support.hierarchical.NodeTestTask.execute(NodeTestTask.java:116)
	at org.junit.platform.engine.support.hierarchical.SameThreadHierarchicalTestExecutorService.submit(SameThreadHierarchicalTestExecutorService.java:36)
	at org.junit.platform.engine.support.hierarchical.HierarchicalTestExecutor.execute(HierarchicalTestExecutor.java:52)
	at org.junit.platform.engine.support.hierarchical.HierarchicalTestEngine.execute(HierarchicalTestEngine.java:58)
	at org.junit.platform.launcher.core.EngineExecutionOrchestrator.executeEngine(EngineExecutionOrchestrator.java:246)
	at org.junit.platform.launcher.core.EngineExecutionOrchestrator.failOrExecuteEngine(EngineExecutionOrchestrator.java:218)
	at org.junit.platform.launcher.core.EngineExecutionOrchestrator.execute(EngineExecutionOrchestrator.java:179)
	at org.junit.platform.launcher.core.EngineExecutionOrchestrator.execute(EngineExecutionOrchestrator.java:108)
	at org.junit.platform.launcher.core.EngineExecutionOrchestrator.lambda$execute$0(EngineExecutionOrchestrator.java:66)
	at org.junit.platform.launcher.core.EngineExecutionOrchestrator.withInterceptedStreams(EngineExecutionOrchestrator.java:157)
	at org.junit.platform.launcher.core.EngineExecutionOrchestrator.execute(EngineExecutionOrchestrator.java:65)
	at org.junit.platform.launcher.core.DefaultLauncher.execute(DefaultLauncher.java:125)
	at org.junit.platform.launcher.core.DefaultLauncher.execute(DefaultLauncher.java:114)
	at org.junit.platform.launcher.core.DelegatingLauncher.execute(DelegatingLauncher.java:58)
	at org.junit.platform.launcher.core.InterceptingLauncher.lambda$execute$2(InterceptingLauncher.java:57)
	at org.junit.platform.launcher.core.ClasspathAlignmentCheckingLauncherInterceptor.intercept(ClasspathAlignmentCheckingLauncherInterceptor.java:25)
	at org.junit.platform.launcher.core.InterceptingLauncher.execute(InterceptingLauncher.java:56)
	at org.junit.platform.launcher.core.DelegatingLauncher.execute(DelegatingLauncher.java:58)
	at org.junit.platform.launcher.core.SessionPerRequestLauncher.execute(SessionPerRequestLauncher.java:81)
	at com.intellij.junit6.JUnit6TestRunnerHelper.execute(JUnit6TestRunnerHelper.java:69)
	at com.intellij.junit5.JUnit5IdeaTestRunner.startRunnerWithArgs(JUnit5IdeaTestRunner.java:70)
	at com.intellij.rt.junit.IdeaTestRunner$Repeater$1.execute(IdeaTestRunner.java:38)
	at com.intellij.rt.execution.junit.TestsRepeater.repeat(TestsRepeater.java:11)
	at com.intellij.rt.junit.IdeaTestRunner$Repeater.startRunnerWithArgs(IdeaTestRunner.java:35)
	at com.intellij.rt.junit.JUnitStarter.prepareStreamsAndStart(JUnitStarter.java:225)
	at com.intellij.rt.junit.JUnitStarter.main(JUnitStarter.java:61)
2026-06-24 21:36:00 WARN  o.springframework.test.context.TestContextManager - Caught exception while allowing TestExecutionListener [org.springframework.test.context.bean.override.BeanOverrideTestExecutionListener] to prepare test instance [com.example.libreriaMarketCatalogService.controllerV2.ProductoControllerV2Test@1846ad0f]
java.lang.IllegalStateException: ApplicationContext failure threshold (1) exceeded: skipping repeated attempt to load context for [WebMergedContextConfiguration@1edf71d9 testClass = com.example.libreriaMarketCatalogService.controllerV2.ProductoControllerV2Test, locations = [], classes = [com.example.libreriaMarketCatalogService.LibreriaMarketCatalogServiceApplication], contextInitializerClasses = [], activeProfiles = [], propertySourceDescriptors = [], propertySourceProperties = ["org.springframework.boot.webmvc.test.autoconfigure.WebMvcTestContextBootstrapper=true"], contextCustomizers = [[ImportsContextCustomizer@52d9d817 key = [org.springframework.boot.hateoas.autoconfigure.HypermediaAutoConfiguration, org.springframework.boot.jackson2.autoconfigure.Jackson2AutoConfiguration, org.springframework.boot.autoconfigure.task.TaskExecutionAutoConfiguration, org.springframework.boot.webmvc.test.autoconfigure.MockMvcWebDriverAutoConfiguration, org.springframework.boot.security.autoconfigure.SecurityAutoConfiguration, org.springframework.boot.autoconfigure.context.MessageSourceAutoConfiguration, org.springframework.boot.security.autoconfigure.web.servlet.SecurityFilterAutoConfiguration, org.springframework.boot.data.autoconfigure.web.DataWebAutoConfiguration, org.springframework.boot.webmvc.autoconfigure.error.ErrorMvcAutoConfiguration, org.springframework.boot.validation.autoconfigure.ValidationAutoConfiguration, org.springframework.boot.webmvc.autoconfigure.WebMvcAutoConfiguration, org.springframework.boot.security.test.autoconfigure.webmvc.SecurityMockMvcAutoConfiguration, org.springframework.boot.http.converter.autoconfigure.HttpMessageConvertersAutoConfiguration, org.springframework.boot.jackson.autoconfigure.JacksonAutoConfiguration, org.springframework.boot.webmvc.test.autoconfigure.MockMvcWebClientAutoConfiguration, org.springframework.boot.servlet.autoconfigure.HttpEncodingAutoConfiguration, org.springframework.boot.security.autoconfigure.UserDetailsServiceAutoConfiguration, org.springframework.boot.webmvc.test.autoconfigure.MockMvcAutoConfiguration]], org.springframework.boot.test.context.PropertyMappingContextCustomizer@2d298995, org.springframework.boot.test.context.filter.ExcludeFilterContextCustomizer@c9413d8, org.springframework.boot.test.context.filter.annotation.TypeExcludeFiltersContextCustomizer@72eb542, org.springframework.boot.test.json.DuplicateJsonObjectContextCustomizerFactory$DuplicateJsonObjectContextCustomizer@db44aa2, org.springframework.boot.test.autoconfigure.OnFailureConditionReportContextCustomizerFactory$OnFailureConditionReportContextCustomizer@61a002b1, org.springframework.boot.test.autoconfigure.OverrideAutoConfigurationContextCustomizerFactory$DisableAutoConfigurationContextCustomizer@548e76f1, org.springframework.test.context.bean.override.BeanOverrideContextCustomizer@fb46069, org.springframework.test.context.support.DynamicPropertiesContextCustomizer@0, org.springframework.boot.webmvc.test.autoconfigure.WebDriverContextCustomizer@3deb2326, org.springframework.boot.web.server.context.SpringBootTestRandomPortContextCustomizerFactory$Customizer@3aee3976, org.springframework.boot.test.context.SpringBootTestAnnotation@f7ebce6c], resourceBasePath = "src/main/webapp", contextLoader = org.springframework.boot.test.context.SpringBootContextLoader, parent = null]
	at org.springframework.test.context.cache.DefaultCacheAwareContextLoaderDelegate.loadContext(DefaultCacheAwareContextLoaderDelegate.java:157)
	at org.springframework.test.context.support.DefaultTestContext.getApplicationContext(DefaultTestContext.java:128)
	at org.springframework.test.context.bean.override.BeanOverrideTestExecutionListener.injectFields(BeanOverrideTestExecutionListener.java:107)
	at org.springframework.test.context.bean.override.BeanOverrideTestExecutionListener.prepareTestInstance(BeanOverrideTestExecutionListener.java:70)
	at org.springframework.test.context.TestContextManager.prepareTestInstance(TestContextManager.java:260)
	at org.springframework.test.context.junit.jupiter.SpringExtension.postProcessTestInstance(SpringExtension.java:203)
	at org.junit.jupiter.engine.descriptor.ClassBasedTestDescriptor.lambda$invokeTestInstancePostProcessors$1(ClassBasedTestDescriptor.java:423)
	at org.junit.jupiter.engine.descriptor.ClassBasedTestDescriptor.executeAndMaskThrowable(ClassBasedTestDescriptor.java:428)
	at org.junit.jupiter.engine.descriptor.ClassBasedTestDescriptor.lambda$invokeTestInstancePostProcessors$0(ClassBasedTestDescriptor.java:422)
	at java.base/java.util.stream.ForEachOps$ForEachOp$OfRef.accept(ForEachOps.java:184)
	at java.base/java.util.stream.ReferencePipeline$3$1.accept(ReferencePipeline.java:197)
	at java.base/java.util.stream.ReferencePipeline$2$1.accept(ReferencePipeline.java:179)
	at java.base/java.util.stream.ReferencePipeline$3$1.accept(ReferencePipeline.java:197)
	at java.base/java.util.ArrayList$ArrayListSpliterator.forEachRemaining(ArrayList.java:1708)
	at java.base/java.util.stream.AbstractPipeline.copyInto(AbstractPipeline.java:509)
	at java.base/java.util.stream.AbstractPipeline.wrapAndCopyInto(AbstractPipeline.java:499)
	at java.base/java.util.stream.ForEachOps$ForEachOp.evaluateSequential(ForEachOps.java:151)
	at java.base/java.util.stream.ForEachOps$ForEachOp$OfRef.evaluateSequential(ForEachOps.java:174)
	at java.base/java.util.stream.AbstractPipeline.evaluate(AbstractPipeline.java:234)
	at java.base/java.util.stream.ReferencePipeline.forEach(ReferencePipeline.java:596)
	at org.junit.jupiter.engine.descriptor.ClassBasedTestDescriptor.invokeTestInstancePostProcessors(ClassBasedTestDescriptor.java:422)
	at org.junit.jupiter.engine.descriptor.ClassBasedTestDescriptor.lambda$instantiateAndPostProcessTestInstance$0(ClassBasedTestDescriptor.java:334)
	at org.junit.platform.engine.support.hierarchical.ThrowableCollector.execute(ThrowableCollector.java:74)
	at org.junit.jupiter.engine.descriptor.ClassBasedTestDescriptor.instantiateAndPostProcessTestInstance(ClassBasedTestDescriptor.java:333)
	at org.junit.jupiter.engine.descriptor.ClassBasedTestDescriptor.lambda$testInstancesProvider$1(ClassBasedTestDescriptor.java:322)
	at java.base/java.util.Optional.orElseGet(Optional.java:364)
	at org.junit.jupiter.engine.descriptor.ClassBasedTestDescriptor.lambda$testInstancesProvider$0(ClassBasedTestDescriptor.java:321)
	at org.junit.jupiter.engine.execution.TestInstancesProvider.getTestInstances(TestInstancesProvider.java:27)
	at org.junit.jupiter.engine.descriptor.TestMethodTestDescriptor.lambda$prepare$0(TestMethodTestDescriptor.java:127)
	at org.junit.platform.engine.support.hierarchical.ThrowableCollector.execute(ThrowableCollector.java:74)
	at org.junit.jupiter.engine.descriptor.TestMethodTestDescriptor.prepare(TestMethodTestDescriptor.java:126)
	at org.junit.jupiter.engine.descriptor.TestMethodTestDescriptor.prepare(TestMethodTestDescriptor.java:70)
	at org.junit.platform.engine.support.hierarchical.NodeTestTask.lambda$prepare$0(NodeTestTask.java:144)
	at org.junit.platform.engine.support.hierarchical.ThrowableCollector.execute(ThrowableCollector.java:74)
	at org.junit.platform.engine.support.hierarchical.NodeTestTask.prepare(NodeTestTask.java:144)
	at org.junit.platform.engine.support.hierarchical.NodeTestTask.execute(NodeTestTask.java:110)
	at java.base/java.util.ArrayList.forEach(ArrayList.java:1596)
	at org.junit.platform.engine.support.hierarchical.SameThreadHierarchicalTestExecutorService.invokeAll(SameThreadHierarchicalTestExecutorService.java:42)
	at org.junit.platform.engine.support.hierarchical.NodeTestTask.lambda$executeRecursively$2(NodeTestTask.java:180)
	at org.junit.platform.engine.support.hierarchical.ThrowableCollector.execute(ThrowableCollector.java:74)
	at org.junit.platform.engine.support.hierarchical.NodeTestTask.lambda$executeRecursively$1(NodeTestTask.java:166)
	at org.junit.platform.engine.support.hierarchical.Node.around(Node.java:138)
	at org.junit.platform.engine.support.hierarchical.NodeTestTask.lambda$executeRecursively$0(NodeTestTask.java:164)
	at org.junit.platform.engine.support.hierarchical.ThrowableCollector.execute(ThrowableCollector.java:74)
	at org.junit.platform.engine.support.hierarchical.NodeTestTask.executeRecursively(NodeTestTask.java:163)
	at org.junit.platform.engine.support.hierarchical.NodeTestTask.execute(NodeTestTask.java:116)
	at java.base/java.util.ArrayList.forEach(ArrayList.java:1596)
	at org.junit.platform.engine.support.hierarchical.SameThreadHierarchicalTestExecutorService.invokeAll(SameThreadHierarchicalTestExecutorService.java:42)
	at org.junit.platform.engine.support.hierarchical.NodeTestTask.lambda$executeRecursively$2(NodeTestTask.java:180)
	at org.junit.platform.engine.support.hierarchical.ThrowableCollector.execute(ThrowableCollector.java:74)
	at org.junit.platform.engine.support.hierarchical.NodeTestTask.lambda$executeRecursively$1(NodeTestTask.java:166)
	at org.junit.platform.engine.support.hierarchical.Node.around(Node.java:138)
	at org.junit.platform.engine.support.hierarchical.NodeTestTask.lambda$executeRecursively$0(NodeTestTask.java:164)
	at org.junit.platform.engine.support.hierarchical.ThrowableCollector.execute(ThrowableCollector.java:74)
	at org.junit.platform.engine.support.hierarchical.NodeTestTask.executeRecursively(NodeTestTask.java:163)
	at org.junit.platform.engine.support.hierarchical.NodeTestTask.execute(NodeTestTask.java:116)
	at org.junit.platform.engine.support.hierarchical.SameThreadHierarchicalTestExecutorService.submit(SameThreadHierarchicalTestExecutorService.java:36)
	at org.junit.platform.engine.support.hierarchical.HierarchicalTestExecutor.execute(HierarchicalTestExecutor.java:52)
	at org.junit.platform.engine.support.hierarchical.HierarchicalTestEngine.execute(HierarchicalTestEngine.java:58)
	at org.junit.platform.launcher.core.EngineExecutionOrchestrator.executeEngine(EngineExecutionOrchestrator.java:246)
	at org.junit.platform.launcher.core.EngineExecutionOrchestrator.failOrExecuteEngine(EngineExecutionOrchestrator.java:218)
	at org.junit.platform.launcher.core.EngineExecutionOrchestrator.execute(EngineExecutionOrchestrator.java:179)
	at org.junit.platform.launcher.core.EngineExecutionOrchestrator.execute(EngineExecutionOrchestrator.java:108)
	at org.junit.platform.launcher.core.EngineExecutionOrchestrator.lambda$execute$0(EngineExecutionOrchestrator.java:66)
	at org.junit.platform.launcher.core.EngineExecutionOrchestrator.withInterceptedStreams(EngineExecutionOrchestrator.java:157)
	at org.junit.platform.launcher.core.EngineExecutionOrchestrator.execute(EngineExecutionOrchestrator.java:65)
	at org.junit.platform.launcher.core.DefaultLauncher.execute(DefaultLauncher.java:125)
	at org.junit.platform.launcher.core.DefaultLauncher.execute(DefaultLauncher.java:114)
	at org.junit.platform.launcher.core.DelegatingLauncher.execute(DelegatingLauncher.java:58)
	at org.junit.platform.launcher.core.InterceptingLauncher.lambda$execute$2(InterceptingLauncher.java:57)
	at org.junit.platform.launcher.core.ClasspathAlignmentCheckingLauncherInterceptor.intercept(ClasspathAlignmentCheckingLauncherInterceptor.java:25)
	at org.junit.platform.launcher.core.InterceptingLauncher.execute(InterceptingLauncher.java:56)
	at org.junit.platform.launcher.core.DelegatingLauncher.execute(DelegatingLauncher.java:58)
	at org.junit.platform.launcher.core.SessionPerRequestLauncher.execute(SessionPerRequestLauncher.java:81)
	at com.intellij.junit6.JUnit6TestRunnerHelper.execute(JUnit6TestRunnerHelper.java:69)
	at com.intellij.junit5.JUnit5IdeaTestRunner.startRunnerWithArgs(JUnit5IdeaTestRunner.java:70)
	at com.intellij.rt.junit.IdeaTestRunner$Repeater$1.execute(IdeaTestRunner.java:38)
	at com.intellij.rt.execution.junit.TestsRepeater.repeat(TestsRepeater.java:11)
	at com.intellij.rt.junit.IdeaTestRunner$Repeater.startRunnerWithArgs(IdeaTestRunner.java:35)
	at com.intellij.rt.junit.JUnitStarter.prepareStreamsAndStart(JUnitStarter.java:225)
	at com.intellij.rt.junit.JUnitStarter.main(JUnitStarter.java:61)
2026-06-24 21:36:00 WARN  o.springframework.test.context.TestContextManager - Caught exception while allowing TestExecutionListener [org.springframework.test.context.bean.override.BeanOverrideTestExecutionListener] to prepare test instance [com.example.libreriaMarketCatalogService.controllerV2.ProductoControllerV2Test@6d3163a6]
java.lang.IllegalStateException: ApplicationContext failure threshold (1) exceeded: skipping repeated attempt to load context for [WebMergedContextConfiguration@1edf71d9 testClass = com.example.libreriaMarketCatalogService.controllerV2.ProductoControllerV2Test, locations = [], classes = [com.example.libreriaMarketCatalogService.LibreriaMarketCatalogServiceApplication], contextInitializerClasses = [], activeProfiles = [], propertySourceDescriptors = [], propertySourceProperties = ["org.springframework.boot.webmvc.test.autoconfigure.WebMvcTestContextBootstrapper=true"], contextCustomizers = [[ImportsContextCustomizer@52d9d817 key = [org.springframework.boot.hateoas.autoconfigure.HypermediaAutoConfiguration, org.springframework.boot.jackson2.autoconfigure.Jackson2AutoConfiguration, org.springframework.boot.autoconfigure.task.TaskExecutionAutoConfiguration, org.springframework.boot.webmvc.test.autoconfigure.MockMvcWebDriverAutoConfiguration, org.springframework.boot.security.autoconfigure.SecurityAutoConfiguration, org.springframework.boot.autoconfigure.context.MessageSourceAutoConfiguration, org.springframework.boot.security.autoconfigure.web.servlet.SecurityFilterAutoConfiguration, org.springframework.boot.data.autoconfigure.web.DataWebAutoConfiguration, org.springframework.boot.webmvc.autoconfigure.error.ErrorMvcAutoConfiguration, org.springframework.boot.validation.autoconfigure.ValidationAutoConfiguration, org.springframework.boot.webmvc.autoconfigure.WebMvcAutoConfiguration, org.springframework.boot.security.test.autoconfigure.webmvc.SecurityMockMvcAutoConfiguration, org.springframework.boot.http.converter.autoconfigure.HttpMessageConvertersAutoConfiguration, org.springframework.boot.jackson.autoconfigure.JacksonAutoConfiguration, org.springframework.boot.webmvc.test.autoconfigure.MockMvcWebClientAutoConfiguration, org.springframework.boot.servlet.autoconfigure.HttpEncodingAutoConfiguration, org.springframework.boot.security.autoconfigure.UserDetailsServiceAutoConfiguration, org.springframework.boot.webmvc.test.autoconfigure.MockMvcAutoConfiguration]], org.springframework.boot.test.context.PropertyMappingContextCustomizer@2d298995, org.springframework.boot.test.context.filter.ExcludeFilterContextCustomizer@c9413d8, org.springframework.boot.test.context.filter.annotation.TypeExcludeFiltersContextCustomizer@72eb542, org.springframework.boot.test.json.DuplicateJsonObjectContextCustomizerFactory$DuplicateJsonObjectContextCustomizer@db44aa2, org.springframework.boot.test.autoconfigure.OnFailureConditionReportContextCustomizerFactory$OnFailureConditionReportContextCustomizer@61a002b1, org.springframework.boot.test.autoconfigure.OverrideAutoConfigurationContextCustomizerFactory$DisableAutoConfigurationContextCustomizer@548e76f1, org.springframework.test.context.bean.override.BeanOverrideContextCustomizer@fb46069, org.springframework.test.context.support.DynamicPropertiesContextCustomizer@0, org.springframework.boot.webmvc.test.autoconfigure.WebDriverContextCustomizer@3deb2326, org.springframework.boot.web.server.context.SpringBootTestRandomPortContextCustomizerFactory$Customizer@3aee3976, org.springframework.boot.test.context.SpringBootTestAnnotation@f7ebce6c], resourceBasePath = "src/main/webapp", contextLoader = org.springframework.boot.test.context.SpringBootContextLoader, parent = null]
	at org.springframework.test.context.cache.DefaultCacheAwareContextLoaderDelegate.loadContext(DefaultCacheAwareContextLoaderDelegate.java:157)
	at org.springframework.test.context.support.DefaultTestContext.getApplicationContext(DefaultTestContext.java:128)
	at org.springframework.test.context.bean.override.BeanOverrideTestExecutionListener.injectFields(BeanOverrideTestExecutionListener.java:107)
	at org.springframework.test.context.bean.override.BeanOverrideTestExecutionListener.prepareTestInstance(BeanOverrideTestExecutionListener.java:70)
	at org.springframework.test.context.TestContextManager.prepareTestInstance(TestContextManager.java:260)
	at org.springframework.test.context.junit.jupiter.SpringExtension.postProcessTestInstance(SpringExtension.java:203)
	at org.junit.jupiter.engine.descriptor.ClassBasedTestDescriptor.lambda$invokeTestInstancePostProcessors$1(ClassBasedTestDescriptor.java:423)
	at org.junit.jupiter.engine.descriptor.ClassBasedTestDescriptor.executeAndMaskThrowable(ClassBasedTestDescriptor.java:428)
	at org.junit.jupiter.engine.descriptor.ClassBasedTestDescriptor.lambda$invokeTestInstancePostProcessors$0(ClassBasedTestDescriptor.java:422)
	at java.base/java.util.stream.ForEachOps$ForEachOp$OfRef.accept(ForEachOps.java:184)
	at java.base/java.util.stream.ReferencePipeline$3$1.accept(ReferencePipeline.java:197)
	at java.base/java.util.stream.ReferencePipeline$2$1.accept(ReferencePipeline.java:179)
	at java.base/java.util.stream.ReferencePipeline$3$1.accept(ReferencePipeline.java:197)
	at java.base/java.util.ArrayList$ArrayListSpliterator.forEachRemaining(ArrayList.java:1708)
	at java.base/java.util.stream.AbstractPipeline.copyInto(AbstractPipeline.java:509)
	at java.base/java.util.stream.AbstractPipeline.wrapAndCopyInto(AbstractPipeline.java:499)
	at java.base/java.util.stream.ForEachOps$ForEachOp.evaluateSequential(ForEachOps.java:151)
	at java.base/java.util.stream.ForEachOps$ForEachOp$OfRef.evaluateSequential(ForEachOps.java:174)
	at java.base/java.util.stream.AbstractPipeline.evaluate(AbstractPipeline.java:234)
	at java.base/java.util.stream.ReferencePipeline.forEach(ReferencePipeline.java:596)
	at org.junit.jupiter.engine.descriptor.ClassBasedTestDescriptor.invokeTestInstancePostProcessors(ClassBasedTestDescriptor.java:422)
	at org.junit.jupiter.engine.descriptor.ClassBasedTestDescriptor.lambda$instantiateAndPostProcessTestInstance$0(ClassBasedTestDescriptor.java:334)
	at org.junit.platform.engine.support.hierarchical.ThrowableCollector.execute(ThrowableCollector.java:74)
	at org.junit.jupiter.engine.descriptor.ClassBasedTestDescriptor.instantiateAndPostProcessTestInstance(ClassBasedTestDescriptor.java:333)
	at org.junit.jupiter.engine.descriptor.ClassBasedTestDescriptor.lambda$testInstancesProvider$1(ClassBasedTestDescriptor.java:322)
	at java.base/java.util.Optional.orElseGet(Optional.java:364)
	at org.junit.jupiter.engine.descriptor.ClassBasedTestDescriptor.lambda$testInstancesProvider$0(ClassBasedTestDescriptor.java:321)
	at org.junit.jupiter.engine.execution.TestInstancesProvider.getTestInstances(TestInstancesProvider.java:27)
	at org.junit.jupiter.engine.descriptor.TestMethodTestDescriptor.lambda$prepare$0(TestMethodTestDescriptor.java:127)
	at org.junit.platform.engine.support.hierarchical.ThrowableCollector.execute(ThrowableCollector.java:74)
	at org.junit.jupiter.engine.descriptor.TestMethodTestDescriptor.prepare(TestMethodTestDescriptor.java:126)
	at org.junit.jupiter.engine.descriptor.TestMethodTestDescriptor.prepare(TestMethodTestDescriptor.java:70)
	at org.junit.platform.engine.support.hierarchical.NodeTestTask.lambda$prepare$0(NodeTestTask.java:144)
	at org.junit.platform.engine.support.hierarchical.ThrowableCollector.execute(ThrowableCollector.java:74)
	at org.junit.platform.engine.support.hierarchical.NodeTestTask.prepare(NodeTestTask.java:144)
	at org.junit.platform.engine.support.hierarchical.NodeTestTask.execute(NodeTestTask.java:110)
	at java.base/java.util.ArrayList.forEach(ArrayList.java:1596)
	at org.junit.platform.engine.support.hierarchical.SameThreadHierarchicalTestExecutorService.invokeAll(SameThreadHierarchicalTestExecutorService.java:42)
	at org.junit.platform.engine.support.hierarchical.NodeTestTask.lambda$executeRecursively$2(NodeTestTask.java:180)
	at org.junit.platform.engine.support.hierarchical.ThrowableCollector.execute(ThrowableCollector.java:74)
	at org.junit.platform.engine.support.hierarchical.NodeTestTask.lambda$executeRecursively$1(NodeTestTask.java:166)
	at org.junit.platform.engine.support.hierarchical.Node.around(Node.java:138)
	at org.junit.platform.engine.support.hierarchical.NodeTestTask.lambda$executeRecursively$0(NodeTestTask.java:164)
	at org.junit.platform.engine.support.hierarchical.ThrowableCollector.execute(ThrowableCollector.java:74)
	at org.junit.platform.engine.support.hierarchical.NodeTestTask.executeRecursively(NodeTestTask.java:163)
	at org.junit.platform.engine.support.hierarchical.NodeTestTask.execute(NodeTestTask.java:116)
	at java.base/java.util.ArrayList.forEach(ArrayList.java:1596)
	at org.junit.platform.engine.support.hierarchical.SameThreadHierarchicalTestExecutorService.invokeAll(SameThreadHierarchicalTestExecutorService.java:42)
	at org.junit.platform.engine.support.hierarchical.NodeTestTask.lambda$executeRecursively$2(NodeTestTask.java:180)
	at org.junit.platform.engine.support.hierarchical.ThrowableCollector.execute(ThrowableCollector.java:74)
	at org.junit.platform.engine.support.hierarchical.NodeTestTask.lambda$executeRecursively$1(NodeTestTask.java:166)
	at org.junit.platform.engine.support.hierarchical.Node.around(Node.java:138)
	at org.junit.platform.engine.support.hierarchical.NodeTestTask.lambda$executeRecursively$0(NodeTestTask.java:164)
	at org.junit.platform.engine.support.hierarchical.ThrowableCollector.execute(ThrowableCollector.java:74)
	at org.junit.platform.engine.support.hierarchical.NodeTestTask.executeRecursively(NodeTestTask.java:163)
	at org.junit.platform.engine.support.hierarchical.NodeTestTask.execute(NodeTestTask.java:116)
	at org.junit.platform.engine.support.hierarchical.SameThreadHierarchicalTestExecutorService.submit(SameThreadHierarchicalTestExecutorService.java:36)
	at org.junit.platform.engine.support.hierarchical.HierarchicalTestExecutor.execute(HierarchicalTestExecutor.java:52)
	at org.junit.platform.engine.support.hierarchical.HierarchicalTestEngine.execute(HierarchicalTestEngine.java:58)
	at org.junit.platform.launcher.core.EngineExecutionOrchestrator.executeEngine(EngineExecutionOrchestrator.java:246)
	at org.junit.platform.launcher.core.EngineExecutionOrchestrator.failOrExecuteEngine(EngineExecutionOrchestrator.java:218)
	at org.junit.platform.launcher.core.EngineExecutionOrchestrator.execute(EngineExecutionOrchestrator.java:179)
	at org.junit.platform.launcher.core.EngineExecutionOrchestrator.execute(EngineExecutionOrchestrator.java:108)
	at org.junit.platform.launcher.core.EngineExecutionOrchestrator.lambda$execute$0(EngineExecutionOrchestrator.java:66)
	at org.junit.platform.launcher.core.EngineExecutionOrchestrator.withInterceptedStreams(EngineExecutionOrchestrator.java:157)
	at org.junit.platform.launcher.core.EngineExecutionOrchestrator.execute(EngineExecutionOrchestrator.java:65)
	at org.junit.platform.launcher.core.DefaultLauncher.execute(DefaultLauncher.java:125)
	at org.junit.platform.launcher.core.DefaultLauncher.execute(DefaultLauncher.java:114)
	at org.junit.platform.launcher.core.DelegatingLauncher.execute(DelegatingLauncher.java:58)
	at org.junit.platform.launcher.core.InterceptingLauncher.lambda$execute$2(InterceptingLauncher.java:57)
	at org.junit.platform.launcher.core.ClasspathAlignmentCheckingLauncherInterceptor.intercept(ClasspathAlignmentCheckingLauncherInterceptor.java:25)
	at org.junit.platform.launcher.core.InterceptingLauncher.execute(InterceptingLauncher.java:56)
	at org.junit.platform.launcher.core.DelegatingLauncher.execute(DelegatingLauncher.java:58)
	at org.junit.platform.launcher.core.SessionPerRequestLauncher.execute(SessionPerRequestLauncher.java:81)
	at com.intellij.junit6.JUnit6TestRunnerHelper.execute(JUnit6TestRunnerHelper.java:69)
	at com.intellij.junit5.JUnit5IdeaTestRunner.startRunnerWithArgs(JUnit5IdeaTestRunner.java:70)
	at com.intellij.rt.junit.IdeaTestRunner$Repeater$1.execute(IdeaTestRunner.java:38)
	at com.intellij.rt.execution.junit.TestsRepeater.repeat(TestsRepeater.java:11)
	at com.intellij.rt.junit.IdeaTestRunner$Repeater.startRunnerWithArgs(IdeaTestRunner.java:35)
	at com.intellij.rt.junit.JUnitStarter.prepareStreamsAndStart(JUnitStarter.java:225)
	at com.intellij.rt.junit.JUnitStarter.main(JUnitStarter.java:61)
2026-06-24 21:36:00 WARN  o.springframework.test.context.TestContextManager - Caught exception while allowing TestExecutionListener [org.springframework.test.context.bean.override.BeanOverrideTestExecutionListener] to prepare test instance [com.example.libreriaMarketCatalogService.controllerV2.ProductoControllerV2Test@71039ce1]
java.lang.IllegalStateException: ApplicationContext failure threshold (1) exceeded: skipping repeated attempt to load context for [WebMergedContextConfiguration@1edf71d9 testClass = com.example.libreriaMarketCatalogService.controllerV2.ProductoControllerV2Test, locations = [], classes = [com.example.libreriaMarketCatalogService.LibreriaMarketCatalogServiceApplication], contextInitializerClasses = [], activeProfiles = [], propertySourceDescriptors = [], propertySourceProperties = ["org.springframework.boot.webmvc.test.autoconfigure.WebMvcTestContextBootstrapper=true"], contextCustomizers = [[ImportsContextCustomizer@52d9d817 key = [org.springframework.boot.hateoas.autoconfigure.HypermediaAutoConfiguration, org.springframework.boot.jackson2.autoconfigure.Jackson2AutoConfiguration, org.springframework.boot.autoconfigure.task.TaskExecutionAutoConfiguration, org.springframework.boot.webmvc.test.autoconfigure.MockMvcWebDriverAutoConfiguration, org.springframework.boot.security.autoconfigure.SecurityAutoConfiguration, org.springframework.boot.autoconfigure.context.MessageSourceAutoConfiguration, org.springframework.boot.security.autoconfigure.web.servlet.SecurityFilterAutoConfiguration, org.springframework.boot.data.autoconfigure.web.DataWebAutoConfiguration, org.springframework.boot.webmvc.autoconfigure.error.ErrorMvcAutoConfiguration, org.springframework.boot.validation.autoconfigure.ValidationAutoConfiguration, org.springframework.boot.webmvc.autoconfigure.WebMvcAutoConfiguration, org.springframework.boot.security.test.autoconfigure.webmvc.SecurityMockMvcAutoConfiguration, org.springframework.boot.http.converter.autoconfigure.HttpMessageConvertersAutoConfiguration, org.springframework.boot.jackson.autoconfigure.JacksonAutoConfiguration, org.springframework.boot.webmvc.test.autoconfigure.MockMvcWebClientAutoConfiguration, org.springframework.boot.servlet.autoconfigure.HttpEncodingAutoConfiguration, org.springframework.boot.security.autoconfigure.UserDetailsServiceAutoConfiguration, org.springframework.boot.webmvc.test.autoconfigure.MockMvcAutoConfiguration]], org.springframework.boot.test.context.PropertyMappingContextCustomizer@2d298995, org.springframework.boot.test.context.filter.ExcludeFilterContextCustomizer@c9413d8, org.springframework.boot.test.context.filter.annotation.TypeExcludeFiltersContextCustomizer@72eb542, org.springframework.boot.test.json.DuplicateJsonObjectContextCustomizerFactory$DuplicateJsonObjectContextCustomizer@db44aa2, org.springframework.boot.test.autoconfigure.OnFailureConditionReportContextCustomizerFactory$OnFailureConditionReportContextCustomizer@61a002b1, org.springframework.boot.test.autoconfigure.OverrideAutoConfigurationContextCustomizerFactory$DisableAutoConfigurationContextCustomizer@548e76f1, org.springframework.test.context.bean.override.BeanOverrideContextCustomizer@fb46069, org.springframework.test.context.support.DynamicPropertiesContextCustomizer@0, org.springframework.boot.webmvc.test.autoconfigure.WebDriverContextCustomizer@3deb2326, org.springframework.boot.web.server.context.SpringBootTestRandomPortContextCustomizerFactory$Customizer@3aee3976, org.springframework.boot.test.context.SpringBootTestAnnotation@f7ebce6c], resourceBasePath = "src/main/webapp", contextLoader = org.springframework.boot.test.context.SpringBootContextLoader, parent = null]
	at org.springframework.test.context.cache.DefaultCacheAwareContextLoaderDelegate.loadContext(DefaultCacheAwareContextLoaderDelegate.java:157)
	at org.springframework.test.context.support.DefaultTestContext.getApplicationContext(DefaultTestContext.java:128)
	at org.springframework.test.context.bean.override.BeanOverrideTestExecutionListener.injectFields(BeanOverrideTestExecutionListener.java:107)
	at org.springframework.test.context.bean.override.BeanOverrideTestExecutionListener.prepareTestInstance(BeanOverrideTestExecutionListener.java:70)
	at org.springframework.test.context.TestContextManager.prepareTestInstance(TestContextManager.java:260)
	at org.springframework.test.context.junit.jupiter.SpringExtension.postProcessTestInstance(SpringExtension.java:203)
	at org.junit.jupiter.engine.descriptor.ClassBasedTestDescriptor.lambda$invokeTestInstancePostProcessors$1(ClassBasedTestDescriptor.java:423)
	at org.junit.jupiter.engine.descriptor.ClassBasedTestDescriptor.executeAndMaskThrowable(ClassBasedTestDescriptor.java:428)
	at org.junit.jupiter.engine.descriptor.ClassBasedTestDescriptor.lambda$invokeTestInstancePostProcessors$0(ClassBasedTestDescriptor.java:422)
	at java.base/java.util.stream.ForEachOps$ForEachOp$OfRef.accept(ForEachOps.java:184)
	at java.base/java.util.stream.ReferencePipeline$3$1.accept(ReferencePipeline.java:197)
	at java.base/java.util.stream.ReferencePipeline$2$1.accept(ReferencePipeline.java:179)
	at java.base/java.util.stream.ReferencePipeline$3$1.accept(ReferencePipeline.java:197)
	at java.base/java.util.ArrayList$ArrayListSpliterator.forEachRemaining(ArrayList.java:1708)
	at java.base/java.util.stream.AbstractPipeline.copyInto(AbstractPipeline.java:509)
	at java.base/java.util.stream.AbstractPipeline.wrapAndCopyInto(AbstractPipeline.java:499)
	at java.base/java.util.stream.ForEachOps$ForEachOp.evaluateSequential(ForEachOps.java:151)
	at java.base/java.util.stream.ForEachOps$ForEachOp$OfRef.evaluateSequential(ForEachOps.java:174)
	at java.base/java.util.stream.AbstractPipeline.evaluate(AbstractPipeline.java:234)
	at java.base/java.util.stream.ReferencePipeline.forEach(ReferencePipeline.java:596)
	at org.junit.jupiter.engine.descriptor.ClassBasedTestDescriptor.invokeTestInstancePostProcessors(ClassBasedTestDescriptor.java:422)
	at org.junit.jupiter.engine.descriptor.ClassBasedTestDescriptor.lambda$instantiateAndPostProcessTestInstance$0(ClassBasedTestDescriptor.java:334)
	at org.junit.platform.engine.support.hierarchical.ThrowableCollector.execute(ThrowableCollector.java:74)
	at org.junit.jupiter.engine.descriptor.ClassBasedTestDescriptor.instantiateAndPostProcessTestInstance(ClassBasedTestDescriptor.java:333)
	at org.junit.jupiter.engine.descriptor.ClassBasedTestDescriptor.lambda$testInstancesProvider$1(ClassBasedTestDescriptor.java:322)
	at java.base/java.util.Optional.orElseGet(Optional.java:364)
	at org.junit.jupiter.engine.descriptor.ClassBasedTestDescriptor.lambda$testInstancesProvider$0(ClassBasedTestDescriptor.java:321)
	at org.junit.jupiter.engine.execution.TestInstancesProvider.getTestInstances(TestInstancesProvider.java:27)
	at org.junit.jupiter.engine.descriptor.TestMethodTestDescriptor.lambda$prepare$0(TestMethodTestDescriptor.java:127)
	at org.junit.platform.engine.support.hierarchical.ThrowableCollector.execute(ThrowableCollector.java:74)
	at org.junit.jupiter.engine.descriptor.TestMethodTestDescriptor.prepare(TestMethodTestDescriptor.java:126)
	at org.junit.jupiter.engine.descriptor.TestMethodTestDescriptor.prepare(TestMethodTestDescriptor.java:70)
	at org.junit.platform.engine.support.hierarchical.NodeTestTask.lambda$prepare$0(NodeTestTask.java:144)
	at org.junit.platform.engine.support.hierarchical.ThrowableCollector.execute(ThrowableCollector.java:74)
	at org.junit.platform.engine.support.hierarchical.NodeTestTask.prepare(NodeTestTask.java:144)
	at org.junit.platform.engine.support.hierarchical.NodeTestTask.execute(NodeTestTask.java:110)
	at java.base/java.util.ArrayList.forEach(ArrayList.java:1596)
	at org.junit.platform.engine.support.hierarchical.SameThreadHierarchicalTestExecutorService.invokeAll(SameThreadHierarchicalTestExecutorService.java:42)
	at org.junit.platform.engine.support.hierarchical.NodeTestTask.lambda$executeRecursively$2(NodeTestTask.java:180)
	at org.junit.platform.engine.support.hierarchical.ThrowableCollector.execute(ThrowableCollector.java:74)
	at org.junit.platform.engine.support.hierarchical.NodeTestTask.lambda$executeRecursively$1(NodeTestTask.java:166)
	at org.junit.platform.engine.support.hierarchical.Node.around(Node.java:138)
	at org.junit.platform.engine.support.hierarchical.NodeTestTask.lambda$executeRecursively$0(NodeTestTask.java:164)
	at org.junit.platform.engine.support.hierarchical.ThrowableCollector.execute(ThrowableCollector.java:74)
	at org.junit.platform.engine.support.hierarchical.NodeTestTask.executeRecursively(NodeTestTask.java:163)
	at org.junit.platform.engine.support.hierarchical.NodeTestTask.execute(NodeTestTask.java:116)
	at java.base/java.util.ArrayList.forEach(ArrayList.java:1596)
	at org.junit.platform.engine.support.hierarchical.SameThreadHierarchicalTestExecutorService.invokeAll(SameThreadHierarchicalTestExecutorService.java:42)
	at org.junit.platform.engine.support.hierarchical.NodeTestTask.lambda$executeRecursively$2(NodeTestTask.java:180)
	at org.junit.platform.engine.support.hierarchical.ThrowableCollector.execute(ThrowableCollector.java:74)
	at org.junit.platform.engine.support.hierarchical.NodeTestTask.lambda$executeRecursively$1(NodeTestTask.java:166)
	at org.junit.platform.engine.support.hierarchical.Node.around(Node.java:138)
	at org.junit.platform.engine.support.hierarchical.NodeTestTask.lambda$executeRecursively$0(NodeTestTask.java:164)
	at org.junit.platform.engine.support.hierarchical.ThrowableCollector.execute(ThrowableCollector.java:74)
	at org.junit.platform.engine.support.hierarchical.NodeTestTask.executeRecursively(NodeTestTask.java:163)
	at org.junit.platform.engine.support.hierarchical.NodeTestTask.execute(NodeTestTask.java:116)
	at org.junit.platform.engine.support.hierarchical.SameThreadHierarchicalTestExecutorService.submit(SameThreadHierarchicalTestExecutorService.java:36)
	at org.junit.platform.engine.support.hierarchical.HierarchicalTestExecutor.execute(HierarchicalTestExecutor.java:52)
	at org.junit.platform.engine.support.hierarchical.HierarchicalTestEngine.execute(HierarchicalTestEngine.java:58)
	at org.junit.platform.launcher.core.EngineExecutionOrchestrator.executeEngine(EngineExecutionOrchestrator.java:246)
	at org.junit.platform.launcher.core.EngineExecutionOrchestrator.failOrExecuteEngine(EngineExecutionOrchestrator.java:218)
	at org.junit.platform.launcher.core.EngineExecutionOrchestrator.execute(EngineExecutionOrchestrator.java:179)
	at org.junit.platform.launcher.core.EngineExecutionOrchestrator.execute(EngineExecutionOrchestrator.java:108)
	at org.junit.platform.launcher.core.EngineExecutionOrchestrator.lambda$execute$0(EngineExecutionOrchestrator.java:66)
	at org.junit.platform.launcher.core.EngineExecutionOrchestrator.withInterceptedStreams(EngineExecutionOrchestrator.java:157)
	at org.junit.platform.launcher.core.EngineExecutionOrchestrator.execute(EngineExecutionOrchestrator.java:65)
	at org.junit.platform.launcher.core.DefaultLauncher.execute(DefaultLauncher.java:125)
	at org.junit.platform.launcher.core.DefaultLauncher.execute(DefaultLauncher.java:114)
	at org.junit.platform.launcher.core.DelegatingLauncher.execute(DelegatingLauncher.java:58)
	at org.junit.platform.launcher.core.InterceptingLauncher.lambda$execute$2(InterceptingLauncher.java:57)
	at org.junit.platform.launcher.core.ClasspathAlignmentCheckingLauncherInterceptor.intercept(ClasspathAlignmentCheckingLauncherInterceptor.java:25)
	at org.junit.platform.launcher.core.InterceptingLauncher.execute(InterceptingLauncher.java:56)
	at org.junit.platform.launcher.core.DelegatingLauncher.execute(DelegatingLauncher.java:58)
	at org.junit.platform.launcher.core.SessionPerRequestLauncher.execute(SessionPerRequestLauncher.java:81)
	at com.intellij.junit6.JUnit6TestRunnerHelper.execute(JUnit6TestRunnerHelper.java:69)
	at com.intellij.junit5.JUnit5IdeaTestRunner.startRunnerWithArgs(JUnit5IdeaTestRunner.java:70)
	at com.intellij.rt.junit.IdeaTestRunner$Repeater$1.execute(IdeaTestRunner.java:38)
	at com.intellij.rt.execution.junit.TestsRepeater.repeat(TestsRepeater.java:11)
	at com.intellij.rt.junit.IdeaTestRunner$Repeater.startRunnerWithArgs(IdeaTestRunner.java:35)
	at com.intellij.rt.junit.JUnitStarter.prepareStreamsAndStart(JUnitStarter.java:225)
	at com.intellij.rt.junit.JUnitStarter.main(JUnitStarter.java:61)
2026-06-24 21:36:00 WARN  o.springframework.test.context.TestContextManager - Caught exception while allowing TestExecutionListener [org.springframework.test.context.bean.override.BeanOverrideTestExecutionListener] to prepare test instance [com.example.libreriaMarketCatalogService.controllerV2.ProductoControllerV2Test@1bfa3893]
java.lang.IllegalStateException: ApplicationContext failure threshold (1) exceeded: skipping repeated attempt to load context for [WebMergedContextConfiguration@1edf71d9 testClass = com.example.libreriaMarketCatalogService.controllerV2.ProductoControllerV2Test, locations = [], classes = [com.example.libreriaMarketCatalogService.LibreriaMarketCatalogServiceApplication], contextInitializerClasses = [], activeProfiles = [], propertySourceDescriptors = [], propertySourceProperties = ["org.springframework.boot.webmvc.test.autoconfigure.WebMvcTestContextBootstrapper=true"], contextCustomizers = [[ImportsContextCustomizer@52d9d817 key = [org.springframework.boot.hateoas.autoconfigure.HypermediaAutoConfiguration, org.springframework.boot.jackson2.autoconfigure.Jackson2AutoConfiguration, org.springframework.boot.autoconfigure.task.TaskExecutionAutoConfiguration, org.springframework.boot.webmvc.test.autoconfigure.MockMvcWebDriverAutoConfiguration, org.springframework.boot.security.autoconfigure.SecurityAutoConfiguration, org.springframework.boot.autoconfigure.context.MessageSourceAutoConfiguration, org.springframework.boot.security.autoconfigure.web.servlet.SecurityFilterAutoConfiguration, org.springframework.boot.data.autoconfigure.web.DataWebAutoConfiguration, org.springframework.boot.webmvc.autoconfigure.error.ErrorMvcAutoConfiguration, org.springframework.boot.validation.autoconfigure.ValidationAutoConfiguration, org.springframework.boot.webmvc.autoconfigure.WebMvcAutoConfiguration, org.springframework.boot.security.test.autoconfigure.webmvc.SecurityMockMvcAutoConfiguration, org.springframework.boot.http.converter.autoconfigure.HttpMessageConvertersAutoConfiguration, org.springframework.boot.jackson.autoconfigure.JacksonAutoConfiguration, org.springframework.boot.webmvc.test.autoconfigure.MockMvcWebClientAutoConfiguration, org.springframework.boot.servlet.autoconfigure.HttpEncodingAutoConfiguration, org.springframework.boot.security.autoconfigure.UserDetailsServiceAutoConfiguration, org.springframework.boot.webmvc.test.autoconfigure.MockMvcAutoConfiguration]], org.springframework.boot.test.context.PropertyMappingContextCustomizer@2d298995, org.springframework.boot.test.context.filter.ExcludeFilterContextCustomizer@c9413d8, org.springframework.boot.test.context.filter.annotation.TypeExcludeFiltersContextCustomizer@72eb542, org.springframework.boot.test.json.DuplicateJsonObjectContextCustomizerFactory$DuplicateJsonObjectContextCustomizer@db44aa2, org.springframework.boot.test.autoconfigure.OnFailureConditionReportContextCustomizerFactory$OnFailureConditionReportContextCustomizer@61a002b1, org.springframework.boot.test.autoconfigure.OverrideAutoConfigurationContextCustomizerFactory$DisableAutoConfigurationContextCustomizer@548e76f1, org.springframework.test.context.bean.override.BeanOverrideContextCustomizer@fb46069, org.springframework.test.context.support.DynamicPropertiesContextCustomizer@0, org.springframework.boot.webmvc.test.autoconfigure.WebDriverContextCustomizer@3deb2326, org.springframework.boot.web.server.context.SpringBootTestRandomPortContextCustomizerFactory$Customizer@3aee3976, org.springframework.boot.test.context.SpringBootTestAnnotation@f7ebce6c], resourceBasePath = "src/main/webapp", contextLoader = org.springframework.boot.test.context.SpringBootContextLoader, parent = null]
	at org.springframework.test.context.cache.DefaultCacheAwareContextLoaderDelegate.loadContext(DefaultCacheAwareContextLoaderDelegate.java:157)
	at org.springframework.test.context.support.DefaultTestContext.getApplicationContext(DefaultTestContext.java:128)
	at org.springframework.test.context.bean.override.BeanOverrideTestExecutionListener.injectFields(BeanOverrideTestExecutionListener.java:107)
	at org.springframework.test.context.bean.override.BeanOverrideTestExecutionListener.prepareTestInstance(BeanOverrideTestExecutionListener.java:70)
	at org.springframework.test.context.TestContextManager.prepareTestInstance(TestContextManager.java:260)
	at org.springframework.test.context.junit.jupiter.SpringExtension.postProcessTestInstance(SpringExtension.java:203)
	at org.junit.jupiter.engine.descriptor.ClassBasedTestDescriptor.lambda$invokeTestInstancePostProcessors$1(ClassBasedTestDescriptor.java:423)
	at org.junit.jupiter.engine.descriptor.ClassBasedTestDescriptor.executeAndMaskThrowable(ClassBasedTestDescriptor.java:428)
	at org.junit.jupiter.engine.descriptor.ClassBasedTestDescriptor.lambda$invokeTestInstancePostProcessors$0(ClassBasedTestDescriptor.java:422)
	at java.base/java.util.stream.ForEachOps$ForEachOp$OfRef.accept(ForEachOps.java:184)
	at java.base/java.util.stream.ReferencePipeline$3$1.accept(ReferencePipeline.java:197)
	at java.base/java.util.stream.ReferencePipeline$2$1.accept(ReferencePipeline.java:179)
	at java.base/java.util.stream.ReferencePipeline$3$1.accept(ReferencePipeline.java:197)
	at java.base/java.util.ArrayList$ArrayListSpliterator.forEachRemaining(ArrayList.java:1708)
	at java.base/java.util.stream.AbstractPipeline.copyInto(AbstractPipeline.java:509)
	at java.base/java.util.stream.AbstractPipeline.wrapAndCopyInto(AbstractPipeline.java:499)
	at java.base/java.util.stream.ForEachOps$ForEachOp.evaluateSequential(ForEachOps.java:151)
	at java.base/java.util.stream.ForEachOps$ForEachOp$OfRef.evaluateSequential(ForEachOps.java:174)
	at java.base/java.util.stream.AbstractPipeline.evaluate(AbstractPipeline.java:234)
	at java.base/java.util.stream.ReferencePipeline.forEach(ReferencePipeline.java:596)
	at org.junit.jupiter.engine.descriptor.ClassBasedTestDescriptor.invokeTestInstancePostProcessors(ClassBasedTestDescriptor.java:422)
	at org.junit.jupiter.engine.descriptor.ClassBasedTestDescriptor.lambda$instantiateAndPostProcessTestInstance$0(ClassBasedTestDescriptor.java:334)
	at org.junit.platform.engine.support.hierarchical.ThrowableCollector.execute(ThrowableCollector.java:74)
	at org.junit.jupiter.engine.descriptor.ClassBasedTestDescriptor.instantiateAndPostProcessTestInstance(ClassBasedTestDescriptor.java:333)
	at org.junit.jupiter.engine.descriptor.ClassBasedTestDescriptor.lambda$testInstancesProvider$1(ClassBasedTestDescriptor.java:322)
	at java.base/java.util.Optional.orElseGet(Optional.java:364)
	at org.junit.jupiter.engine.descriptor.ClassBasedTestDescriptor.lambda$testInstancesProvider$0(ClassBasedTestDescriptor.java:321)
	at org.junit.jupiter.engine.execution.TestInstancesProvider.getTestInstances(TestInstancesProvider.java:27)
	at org.junit.jupiter.engine.descriptor.TestMethodTestDescriptor.lambda$prepare$0(TestMethodTestDescriptor.java:127)
	at org.junit.platform.engine.support.hierarchical.ThrowableCollector.execute(ThrowableCollector.java:74)
	at org.junit.jupiter.engine.descriptor.TestMethodTestDescriptor.prepare(TestMethodTestDescriptor.java:126)
	at org.junit.jupiter.engine.descriptor.TestMethodTestDescriptor.prepare(TestMethodTestDescriptor.java:70)
	at org.junit.platform.engine.support.hierarchical.NodeTestTask.lambda$prepare$0(NodeTestTask.java:144)
	at org.junit.platform.engine.support.hierarchical.ThrowableCollector.execute(ThrowableCollector.java:74)
	at org.junit.platform.engine.support.hierarchical.NodeTestTask.prepare(NodeTestTask.java:144)
	at org.junit.platform.engine.support.hierarchical.NodeTestTask.execute(NodeTestTask.java:110)
	at java.base/java.util.ArrayList.forEach(ArrayList.java:1596)
	at org.junit.platform.engine.support.hierarchical.SameThreadHierarchicalTestExecutorService.invokeAll(SameThreadHierarchicalTestExecutorService.java:42)
	at org.junit.platform.engine.support.hierarchical.NodeTestTask.lambda$executeRecursively$2(NodeTestTask.java:180)
	at org.junit.platform.engine.support.hierarchical.ThrowableCollector.execute(ThrowableCollector.java:74)
	at org.junit.platform.engine.support.hierarchical.NodeTestTask.lambda$executeRecursively$1(NodeTestTask.java:166)
	at org.junit.platform.engine.support.hierarchical.Node.around(Node.java:138)
	at org.junit.platform.engine.support.hierarchical.NodeTestTask.lambda$executeRecursively$0(NodeTestTask.java:164)
	at org.junit.platform.engine.support.hierarchical.ThrowableCollector.execute(ThrowableCollector.java:74)
	at org.junit.platform.engine.support.hierarchical.NodeTestTask.executeRecursively(NodeTestTask.java:163)
	at org.junit.platform.engine.support.hierarchical.NodeTestTask.execute(NodeTestTask.java:116)
	at java.base/java.util.ArrayList.forEach(ArrayList.java:1596)
	at org.junit.platform.engine.support.hierarchical.SameThreadHierarchicalTestExecutorService.invokeAll(SameThreadHierarchicalTestExecutorService.java:42)
	at org.junit.platform.engine.support.hierarchical.NodeTestTask.lambda$executeRecursively$2(NodeTestTask.java:180)
	at org.junit.platform.engine.support.hierarchical.ThrowableCollector.execute(ThrowableCollector.java:74)
	at org.junit.platform.engine.support.hierarchical.NodeTestTask.lambda$executeRecursively$1(NodeTestTask.java:166)
	at org.junit.platform.engine.support.hierarchical.Node.around(Node.java:138)
	at org.junit.platform.engine.support.hierarchical.NodeTestTask.lambda$executeRecursively$0(NodeTestTask.java:164)
	at org.junit.platform.engine.support.hierarchical.ThrowableCollector.execute(ThrowableCollector.java:74)
	at org.junit.platform.engine.support.hierarchical.NodeTestTask.executeRecursively(NodeTestTask.java:163)
	at org.junit.platform.engine.support.hierarchical.NodeTestTask.execute(NodeTestTask.java:116)
	at org.junit.platform.engine.support.hierarchical.SameThreadHierarchicalTestExecutorService.submit(SameThreadHierarchicalTestExecutorService.java:36)
	at org.junit.platform.engine.support.hierarchical.HierarchicalTestExecutor.execute(HierarchicalTestExecutor.java:52)
	at org.junit.platform.engine.support.hierarchical.HierarchicalTestEngine.execute(HierarchicalTestEngine.java:58)
	at org.junit.platform.launcher.core.EngineExecutionOrchestrator.executeEngine(EngineExecutionOrchestrator.java:246)
	at org.junit.platform.launcher.core.EngineExecutionOrchestrator.failOrExecuteEngine(EngineExecutionOrchestrator.java:218)
	at org.junit.platform.launcher.core.EngineExecutionOrchestrator.execute(EngineExecutionOrchestrator.java:179)
	at org.junit.platform.launcher.core.EngineExecutionOrchestrator.execute(EngineExecutionOrchestrator.java:108)
	at org.junit.platform.launcher.core.EngineExecutionOrchestrator.lambda$execute$0(EngineExecutionOrchestrator.java:66)
	at org.junit.platform.launcher.core.EngineExecutionOrchestrator.withInterceptedStreams(EngineExecutionOrchestrator.java:157)
	at org.junit.platform.launcher.core.EngineExecutionOrchestrator.execute(EngineExecutionOrchestrator.java:65)
	at org.junit.platform.launcher.core.DefaultLauncher.execute(DefaultLauncher.java:125)
	at org.junit.platform.launcher.core.DefaultLauncher.execute(DefaultLauncher.java:114)
	at org.junit.platform.launcher.core.DelegatingLauncher.execute(DelegatingLauncher.java:58)
	at org.junit.platform.launcher.core.InterceptingLauncher.lambda$execute$2(InterceptingLauncher.java:57)
	at org.junit.platform.launcher.core.ClasspathAlignmentCheckingLauncherInterceptor.intercept(ClasspathAlignmentCheckingLauncherInterceptor.java:25)
	at org.junit.platform.launcher.core.InterceptingLauncher.execute(InterceptingLauncher.java:56)
	at org.junit.platform.launcher.core.DelegatingLauncher.execute(DelegatingLauncher.java:58)
	at org.junit.platform.launcher.core.SessionPerRequestLauncher.execute(SessionPerRequestLauncher.java:81)
	at com.intellij.junit6.JUnit6TestRunnerHelper.execute(JUnit6TestRunnerHelper.java:69)
	at com.intellij.junit5.JUnit5IdeaTestRunner.startRunnerWithArgs(JUnit5IdeaTestRunner.java:70)
	at com.intellij.rt.junit.IdeaTestRunner$Repeater$1.execute(IdeaTestRunner.java:38)
	at com.intellij.rt.execution.junit.TestsRepeater.repeat(TestsRepeater.java:11)
	at com.intellij.rt.junit.IdeaTestRunner$Repeater.startRunnerWithArgs(IdeaTestRunner.java:35)
	at com.intellij.rt.junit.JUnitStarter.prepareStreamsAndStart(JUnitStarter.java:225)
	at com.intellij.rt.junit.JUnitStarter.main(JUnitStarter.java:61)
2026-06-24 21:36:00 WARN  o.springframework.test.context.TestContextManager - Caught exception while allowing TestExecutionListener [org.springframework.test.context.bean.override.BeanOverrideTestExecutionListener] to prepare test instance [com.example.libreriaMarketCatalogService.controllerV2.ProductoControllerV2Test@740c4868]
java.lang.IllegalStateException: ApplicationContext failure threshold (1) exceeded: skipping repeated attempt to load context for [WebMergedContextConfiguration@1edf71d9 testClass = com.example.libreriaMarketCatalogService.controllerV2.ProductoControllerV2Test, locations = [], classes = [com.example.libreriaMarketCatalogService.LibreriaMarketCatalogServiceApplication], contextInitializerClasses = [], activeProfiles = [], propertySourceDescriptors = [], propertySourceProperties = ["org.springframework.boot.webmvc.test.autoconfigure.WebMvcTestContextBootstrapper=true"], contextCustomizers = [[ImportsContextCustomizer@52d9d817 key = [org.springframework.boot.hateoas.autoconfigure.HypermediaAutoConfiguration, org.springframework.boot.jackson2.autoconfigure.Jackson2AutoConfiguration, org.springframework.boot.autoconfigure.task.TaskExecutionAutoConfiguration, org.springframework.boot.webmvc.test.autoconfigure.MockMvcWebDriverAutoConfiguration, org.springframework.boot.security.autoconfigure.SecurityAutoConfiguration, org.springframework.boot.autoconfigure.context.MessageSourceAutoConfiguration, org.springframework.boot.security.autoconfigure.web.servlet.SecurityFilterAutoConfiguration, org.springframework.boot.data.autoconfigure.web.DataWebAutoConfiguration, org.springframework.boot.webmvc.autoconfigure.error.ErrorMvcAutoConfiguration, org.springframework.boot.validation.autoconfigure.ValidationAutoConfiguration, org.springframework.boot.webmvc.autoconfigure.WebMvcAutoConfiguration, org.springframework.boot.security.test.autoconfigure.webmvc.SecurityMockMvcAutoConfiguration, org.springframework.boot.http.converter.autoconfigure.HttpMessageConvertersAutoConfiguration, org.springframework.boot.jackson.autoconfigure.JacksonAutoConfiguration, org.springframework.boot.webmvc.test.autoconfigure.MockMvcWebClientAutoConfiguration, org.springframework.boot.servlet.autoconfigure.HttpEncodingAutoConfiguration, org.springframework.boot.security.autoconfigure.UserDetailsServiceAutoConfiguration, org.springframework.boot.webmvc.test.autoconfigure.MockMvcAutoConfiguration]], org.springframework.boot.test.context.PropertyMappingContextCustomizer@2d298995, org.springframework.boot.test.context.filter.ExcludeFilterContextCustomizer@c9413d8, org.springframework.boot.test.context.filter.annotation.TypeExcludeFiltersContextCustomizer@72eb542, org.springframework.boot.test.json.DuplicateJsonObjectContextCustomizerFactory$DuplicateJsonObjectContextCustomizer@db44aa2, org.springframework.boot.test.autoconfigure.OnFailureConditionReportContextCustomizerFactory$OnFailureConditionReportContextCustomizer@61a002b1, org.springframework.boot.test.autoconfigure.OverrideAutoConfigurationContextCustomizerFactory$DisableAutoConfigurationContextCustomizer@548e76f1, org.springframework.test.context.bean.override.BeanOverrideContextCustomizer@fb46069, org.springframework.test.context.support.DynamicPropertiesContextCustomizer@0, org.springframework.boot.webmvc.test.autoconfigure.WebDriverContextCustomizer@3deb2326, org.springframework.boot.web.server.context.SpringBootTestRandomPortContextCustomizerFactory$Customizer@3aee3976, org.springframework.boot.test.context.SpringBootTestAnnotation@f7ebce6c], resourceBasePath = "src/main/webapp", contextLoader = org.springframework.boot.test.context.SpringBootContextLoader, parent = null]
	at org.springframework.test.context.cache.DefaultCacheAwareContextLoaderDelegate.loadContext(DefaultCacheAwareContextLoaderDelegate.java:157)
	at org.springframework.test.context.support.DefaultTestContext.getApplicationContext(DefaultTestContext.java:128)
	at org.springframework.test.context.bean.override.BeanOverrideTestExecutionListener.injectFields(BeanOverrideTestExecutionListener.java:107)
	at org.springframework.test.context.bean.override.BeanOverrideTestExecutionListener.prepareTestInstance(BeanOverrideTestExecutionListener.java:70)
	at org.springframework.test.context.TestContextManager.prepareTestInstance(TestContextManager.java:260)
	at org.springframework.test.context.junit.jupiter.SpringExtension.postProcessTestInstance(SpringExtension.java:203)
	at org.junit.jupiter.engine.descriptor.ClassBasedTestDescriptor.lambda$invokeTestInstancePostProcessors$1(ClassBasedTestDescriptor.java:423)
	at org.junit.jupiter.engine.descriptor.ClassBasedTestDescriptor.executeAndMaskThrowable(ClassBasedTestDescriptor.java:428)
	at org.junit.jupiter.engine.descriptor.ClassBasedTestDescriptor.lambda$invokeTestInstancePostProcessors$0(ClassBasedTestDescriptor.java:422)
	at java.base/java.util.stream.ForEachOps$ForEachOp$OfRef.accept(ForEachOps.java:184)
	at java.base/java.util.stream.ReferencePipeline$3$1.accept(ReferencePipeline.java:197)
	at java.base/java.util.stream.ReferencePipeline$2$1.accept(ReferencePipeline.java:179)
	at java.base/java.util.stream.ReferencePipeline$3$1.accept(ReferencePipeline.java:197)
	at java.base/java.util.ArrayList$ArrayListSpliterator.forEachRemaining(ArrayList.java:1708)
	at java.base/java.util.stream.AbstractPipeline.copyInto(AbstractPipeline.java:509)
	at java.base/java.util.stream.AbstractPipeline.wrapAndCopyInto(AbstractPipeline.java:499)
	at java.base/java.util.stream.ForEachOps$ForEachOp.evaluateSequential(ForEachOps.java:151)
	at java.base/java.util.stream.ForEachOps$ForEachOp$OfRef.evaluateSequential(ForEachOps.java:174)
	at java.base/java.util.stream.AbstractPipeline.evaluate(AbstractPipeline.java:234)
	at java.base/java.util.stream.ReferencePipeline.forEach(ReferencePipeline.java:596)
	at org.junit.jupiter.engine.descriptor.ClassBasedTestDescriptor.invokeTestInstancePostProcessors(ClassBasedTestDescriptor.java:422)
	at org.junit.jupiter.engine.descriptor.ClassBasedTestDescriptor.lambda$instantiateAndPostProcessTestInstance$0(ClassBasedTestDescriptor.java:334)
	at org.junit.platform.engine.support.hierarchical.ThrowableCollector.execute(ThrowableCollector.java:74)
	at org.junit.jupiter.engine.descriptor.ClassBasedTestDescriptor.instantiateAndPostProcessTestInstance(ClassBasedTestDescriptor.java:333)
	at org.junit.jupiter.engine.descriptor.ClassBasedTestDescriptor.lambda$testInstancesProvider$1(ClassBasedTestDescriptor.java:322)
	at java.base/java.util.Optional.orElseGet(Optional.java:364)
	at org.junit.jupiter.engine.descriptor.ClassBasedTestDescriptor.lambda$testInstancesProvider$0(ClassBasedTestDescriptor.java:321)
	at org.junit.jupiter.engine.execution.TestInstancesProvider.getTestInstances(TestInstancesProvider.java:27)
	at org.junit.jupiter.engine.descriptor.TestMethodTestDescriptor.lambda$prepare$0(TestMethodTestDescriptor.java:127)
	at org.junit.platform.engine.support.hierarchical.ThrowableCollector.execute(ThrowableCollector.java:74)
	at org.junit.jupiter.engine.descriptor.TestMethodTestDescriptor.prepare(TestMethodTestDescriptor.java:126)
	at org.junit.jupiter.engine.descriptor.TestMethodTestDescriptor.prepare(TestMethodTestDescriptor.java:70)
	at org.junit.platform.engine.support.hierarchical.NodeTestTask.lambda$prepare$0(NodeTestTask.java:144)
	at org.junit.platform.engine.support.hierarchical.ThrowableCollector.execute(ThrowableCollector.java:74)
	at org.junit.platform.engine.support.hierarchical.NodeTestTask.prepare(NodeTestTask.java:144)
	at org.junit.platform.engine.support.hierarchical.NodeTestTask.execute(NodeTestTask.java:110)
	at java.base/java.util.ArrayList.forEach(ArrayList.java:1596)
	at org.junit.platform.engine.support.hierarchical.SameThreadHierarchicalTestExecutorService.invokeAll(SameThreadHierarchicalTestExecutorService.java:42)
	at org.junit.platform.engine.support.hierarchical.NodeTestTask.lambda$executeRecursively$2(NodeTestTask.java:180)
	at org.junit.platform.engine.support.hierarchical.ThrowableCollector.execute(ThrowableCollector.java:74)
	at org.junit.platform.engine.support.hierarchical.NodeTestTask.lambda$executeRecursively$1(NodeTestTask.java:166)
	at org.junit.platform.engine.support.hierarchical.Node.around(Node.java:138)
	at org.junit.platform.engine.support.hierarchical.NodeTestTask.lambda$executeRecursively$0(NodeTestTask.java:164)
	at org.junit.platform.engine.support.hierarchical.ThrowableCollector.execute(ThrowableCollector.java:74)
	at org.junit.platform.engine.support.hierarchical.NodeTestTask.executeRecursively(NodeTestTask.java:163)
	at org.junit.platform.engine.support.hierarchical.NodeTestTask.execute(NodeTestTask.java:116)
	at java.base/java.util.ArrayList.forEach(ArrayList.java:1596)
	at org.junit.platform.engine.support.hierarchical.SameThreadHierarchicalTestExecutorService.invokeAll(SameThreadHierarchicalTestExecutorService.java:42)
	at org.junit.platform.engine.support.hierarchical.NodeTestTask.lambda$executeRecursively$2(NodeTestTask.java:180)
	at org.junit.platform.engine.support.hierarchical.ThrowableCollector.execute(ThrowableCollector.java:74)
	at org.junit.platform.engine.support.hierarchical.NodeTestTask.lambda$executeRecursively$1(NodeTestTask.java:166)
	at org.junit.platform.engine.support.hierarchical.Node.around(Node.java:138)
	at org.junit.platform.engine.support.hierarchical.NodeTestTask.lambda$executeRecursively$0(NodeTestTask.java:164)
	at org.junit.platform.engine.support.hierarchical.ThrowableCollector.execute(ThrowableCollector.java:74)
	at org.junit.platform.engine.support.hierarchical.NodeTestTask.executeRecursively(NodeTestTask.java:163)
	at org.junit.platform.engine.support.hierarchical.NodeTestTask.execute(NodeTestTask.java:116)
	at org.junit.platform.engine.support.hierarchical.SameThreadHierarchicalTestExecutorService.submit(SameThreadHierarchicalTestExecutorService.java:36)
	at org.junit.platform.engine.support.hierarchical.HierarchicalTestExecutor.execute(HierarchicalTestExecutor.java:52)
	at org.junit.platform.engine.support.hierarchical.HierarchicalTestEngine.execute(HierarchicalTestEngine.java:58)
	at org.junit.platform.launcher.core.EngineExecutionOrchestrator.executeEngine(EngineExecutionOrchestrator.java:246)
	at org.junit.platform.launcher.core.EngineExecutionOrchestrator.failOrExecuteEngine(EngineExecutionOrchestrator.java:218)
	at org.junit.platform.launcher.core.EngineExecutionOrchestrator.execute(EngineExecutionOrchestrator.java:179)
	at org.junit.platform.launcher.core.EngineExecutionOrchestrator.execute(EngineExecutionOrchestrator.java:108)
	at org.junit.platform.launcher.core.EngineExecutionOrchestrator.lambda$execute$0(EngineExecutionOrchestrator.java:66)
	at org.junit.platform.launcher.core.EngineExecutionOrchestrator.withInterceptedStreams(EngineExecutionOrchestrator.java:157)
	at org.junit.platform.launcher.core.EngineExecutionOrchestrator.execute(EngineExecutionOrchestrator.java:65)
	at org.junit.platform.launcher.core.DefaultLauncher.execute(DefaultLauncher.java:125)
	at org.junit.platform.launcher.core.DefaultLauncher.execute(DefaultLauncher.java:114)
	at org.junit.platform.launcher.core.DelegatingLauncher.execute(DelegatingLauncher.java:58)
	at org.junit.platform.launcher.core.InterceptingLauncher.lambda$execute$2(InterceptingLauncher.java:57)
	at org.junit.platform.launcher.core.ClasspathAlignmentCheckingLauncherInterceptor.intercept(ClasspathAlignmentCheckingLauncherInterceptor.java:25)
	at org.junit.platform.launcher.core.InterceptingLauncher.execute(InterceptingLauncher.java:56)
	at org.junit.platform.launcher.core.DelegatingLauncher.execute(DelegatingLauncher.java:58)
	at org.junit.platform.launcher.core.SessionPerRequestLauncher.execute(SessionPerRequestLauncher.java:81)
	at com.intellij.junit6.JUnit6TestRunnerHelper.execute(JUnit6TestRunnerHelper.java:69)
	at com.intellij.junit5.JUnit5IdeaTestRunner.startRunnerWithArgs(JUnit5IdeaTestRunner.java:70)
	at com.intellij.rt.junit.IdeaTestRunner$Repeater$1.execute(IdeaTestRunner.java:38)
	at com.intellij.rt.execution.junit.TestsRepeater.repeat(TestsRepeater.java:11)
	at com.intellij.rt.junit.IdeaTestRunner$Repeater.startRunnerWithArgs(IdeaTestRunner.java:35)
	at com.intellij.rt.junit.JUnitStarter.prepareStreamsAndStart(JUnitStarter.java:225)
	at com.intellij.rt.junit.JUnitStarter.main(JUnitStarter.java:61)
2026-06-24 21:36:00 WARN  o.springframework.test.context.TestContextManager - Caught exception while allowing TestExecutionListener [org.springframework.test.context.bean.override.BeanOverrideTestExecutionListener] to prepare test instance [com.example.libreriaMarketCatalogService.controllerV2.ProductoControllerV2Test@75cacb3e]
java.lang.IllegalStateException: ApplicationContext failure threshold (1) exceeded: skipping repeated attempt to load context for [WebMergedContextConfiguration@1edf71d9 testClass = com.example.libreriaMarketCatalogService.controllerV2.ProductoControllerV2Test, locations = [], classes = [com.example.libreriaMarketCatalogService.LibreriaMarketCatalogServiceApplication], contextInitializerClasses = [], activeProfiles = [], propertySourceDescriptors = [], propertySourceProperties = ["org.springframework.boot.webmvc.test.autoconfigure.WebMvcTestContextBootstrapper=true"], contextCustomizers = [[ImportsContextCustomizer@52d9d817 key = [org.springframework.boot.hateoas.autoconfigure.HypermediaAutoConfiguration, org.springframework.boot.jackson2.autoconfigure.Jackson2AutoConfiguration, org.springframework.boot.autoconfigure.task.TaskExecutionAutoConfiguration, org.springframework.boot.webmvc.test.autoconfigure.MockMvcWebDriverAutoConfiguration, org.springframework.boot.security.autoconfigure.SecurityAutoConfiguration, org.springframework.boot.autoconfigure.context.MessageSourceAutoConfiguration, org.springframework.boot.security.autoconfigure.web.servlet.SecurityFilterAutoConfiguration, org.springframework.boot.data.autoconfigure.web.DataWebAutoConfiguration, org.springframework.boot.webmvc.autoconfigure.error.ErrorMvcAutoConfiguration, org.springframework.boot.validation.autoconfigure.ValidationAutoConfiguration, org.springframework.boot.webmvc.autoconfigure.WebMvcAutoConfiguration, org.springframework.boot.security.test.autoconfigure.webmvc.SecurityMockMvcAutoConfiguration, org.springframework.boot.http.converter.autoconfigure.HttpMessageConvertersAutoConfiguration, org.springframework.boot.jackson.autoconfigure.JacksonAutoConfiguration, org.springframework.boot.webmvc.test.autoconfigure.MockMvcWebClientAutoConfiguration, org.springframework.boot.servlet.autoconfigure.HttpEncodingAutoConfiguration, org.springframework.boot.security.autoconfigure.UserDetailsServiceAutoConfiguration, org.springframework.boot.webmvc.test.autoconfigure.MockMvcAutoConfiguration]], org.springframework.boot.test.context.PropertyMappingContextCustomizer@2d298995, org.springframework.boot.test.context.filter.ExcludeFilterContextCustomizer@c9413d8, org.springframework.boot.test.context.filter.annotation.TypeExcludeFiltersContextCustomizer@72eb542, org.springframework.boot.test.json.DuplicateJsonObjectContextCustomizerFactory$DuplicateJsonObjectContextCustomizer@db44aa2, org.springframework.boot.test.autoconfigure.OnFailureConditionReportContextCustomizerFactory$OnFailureConditionReportContextCustomizer@61a002b1, org.springframework.boot.test.autoconfigure.OverrideAutoConfigurationContextCustomizerFactory$DisableAutoConfigurationContextCustomizer@548e76f1, org.springframework.test.context.bean.override.BeanOverrideContextCustomizer@fb46069, org.springframework.test.context.support.DynamicPropertiesContextCustomizer@0, org.springframework.boot.webmvc.test.autoconfigure.WebDriverContextCustomizer@3deb2326, org.springframework.boot.web.server.context.SpringBootTestRandomPortContextCustomizerFactory$Customizer@3aee3976, org.springframework.boot.test.context.SpringBootTestAnnotation@f7ebce6c], resourceBasePath = "src/main/webapp", contextLoader = org.springframework.boot.test.context.SpringBootContextLoader, parent = null]
	at org.springframework.test.context.cache.DefaultCacheAwareContextLoaderDelegate.loadContext(DefaultCacheAwareContextLoaderDelegate.java:157)
	at org.springframework.test.context.support.DefaultTestContext.getApplicationContext(DefaultTestContext.java:128)
	at org.springframework.test.context.bean.override.BeanOverrideTestExecutionListener.injectFields(BeanOverrideTestExecutionListener.java:107)
	at org.springframework.test.context.bean.override.BeanOverrideTestExecutionListener.prepareTestInstance(BeanOverrideTestExecutionListener.java:70)
	at org.springframework.test.context.TestContextManager.prepareTestInstance(TestContextManager.java:260)
	at org.springframework.test.context.junit.jupiter.SpringExtension.postProcessTestInstance(SpringExtension.java:203)
	at org.junit.jupiter.engine.descriptor.ClassBasedTestDescriptor.lambda$invokeTestInstancePostProcessors$1(ClassBasedTestDescriptor.java:423)
	at org.junit.jupiter.engine.descriptor.ClassBasedTestDescriptor.executeAndMaskThrowable(ClassBasedTestDescriptor.java:428)
	at org.junit.jupiter.engine.descriptor.ClassBasedTestDescriptor.lambda$invokeTestInstancePostProcessors$0(ClassBasedTestDescriptor.java:422)
	at java.base/java.util.stream.ForEachOps$ForEachOp$OfRef.accept(ForEachOps.java:184)
	at java.base/java.util.stream.ReferencePipeline$3$1.accept(ReferencePipeline.java:197)
	at java.base/java.util.stream.ReferencePipeline$2$1.accept(ReferencePipeline.java:179)
	at java.base/java.util.stream.ReferencePipeline$3$1.accept(ReferencePipeline.java:197)
	at java.base/java.util.ArrayList$ArrayListSpliterator.forEachRemaining(ArrayList.java:1708)
	at java.base/java.util.stream.AbstractPipeline.copyInto(AbstractPipeline.java:509)
	at java.base/java.util.stream.AbstractPipeline.wrapAndCopyInto(AbstractPipeline.java:499)
	at java.base/java.util.stream.ForEachOps$ForEachOp.evaluateSequential(ForEachOps.java:151)
	at java.base/java.util.stream.ForEachOps$ForEachOp$OfRef.evaluateSequential(ForEachOps.java:174)
	at java.base/java.util.stream.AbstractPipeline.evaluate(AbstractPipeline.java:234)
	at java.base/java.util.stream.ReferencePipeline.forEach(ReferencePipeline.java:596)
	at org.junit.jupiter.engine.descriptor.ClassBasedTestDescriptor.invokeTestInstancePostProcessors(ClassBasedTestDescriptor.java:422)
	at org.junit.jupiter.engine.descriptor.ClassBasedTestDescriptor.lambda$instantiateAndPostProcessTestInstance$0(ClassBasedTestDescriptor.java:334)
	at org.junit.platform.engine.support.hierarchical.ThrowableCollector.execute(ThrowableCollector.java:74)
	at org.junit.jupiter.engine.descriptor.ClassBasedTestDescriptor.instantiateAndPostProcessTestInstance(ClassBasedTestDescriptor.java:333)
	at org.junit.jupiter.engine.descriptor.ClassBasedTestDescriptor.lambda$testInstancesProvider$1(ClassBasedTestDescriptor.java:322)
	at java.base/java.util.Optional.orElseGet(Optional.java:364)
	at org.junit.jupiter.engine.descriptor.ClassBasedTestDescriptor.lambda$testInstancesProvider$0(ClassBasedTestDescriptor.java:321)
	at org.junit.jupiter.engine.execution.TestInstancesProvider.getTestInstances(TestInstancesProvider.java:27)
	at org.junit.jupiter.engine.descriptor.TestMethodTestDescriptor.lambda$prepare$0(TestMethodTestDescriptor.java:127)
	at org.junit.platform.engine.support.hierarchical.ThrowableCollector.execute(ThrowableCollector.java:74)
	at org.junit.jupiter.engine.descriptor.TestMethodTestDescriptor.prepare(TestMethodTestDescriptor.java:126)
	at org.junit.jupiter.engine.descriptor.TestMethodTestDescriptor.prepare(TestMethodTestDescriptor.java:70)
	at org.junit.platform.engine.support.hierarchical.NodeTestTask.lambda$prepare$0(NodeTestTask.java:144)
	at org.junit.platform.engine.support.hierarchical.ThrowableCollector.execute(ThrowableCollector.java:74)
	at org.junit.platform.engine.support.hierarchical.NodeTestTask.prepare(NodeTestTask.java:144)
	at org.junit.platform.engine.support.hierarchical.NodeTestTask.execute(NodeTestTask.java:110)
	at java.base/java.util.ArrayList.forEach(ArrayList.java:1596)
	at org.junit.platform.engine.support.hierarchical.SameThreadHierarchicalTestExecutorService.invokeAll(SameThreadHierarchicalTestExecutorService.java:42)
	at org.junit.platform.engine.support.hierarchical.NodeTestTask.lambda$executeRecursively$2(NodeTestTask.java:180)
	at org.junit.platform.engine.support.hierarchical.ThrowableCollector.execute(ThrowableCollector.java:74)
	at org.junit.platform.engine.support.hierarchical.NodeTestTask.lambda$executeRecursively$1(NodeTestTask.java:166)
	at org.junit.platform.engine.support.hierarchical.Node.around(Node.java:138)
	at org.junit.platform.engine.support.hierarchical.NodeTestTask.lambda$executeRecursively$0(NodeTestTask.java:164)
	at org.junit.platform.engine.support.hierarchical.ThrowableCollector.execute(ThrowableCollector.java:74)
	at org.junit.platform.engine.support.hierarchical.NodeTestTask.executeRecursively(NodeTestTask.java:163)
	at org.junit.platform.engine.support.hierarchical.NodeTestTask.execute(NodeTestTask.java:116)
	at java.base/java.util.ArrayList.forEach(ArrayList.java:1596)
	at org.junit.platform.engine.support.hierarchical.SameThreadHierarchicalTestExecutorService.invokeAll(SameThreadHierarchicalTestExecutorService.java:42)
	at org.junit.platform.engine.support.hierarchical.NodeTestTask.lambda$executeRecursively$2(NodeTestTask.java:180)
	at org.junit.platform.engine.support.hierarchical.ThrowableCollector.execute(ThrowableCollector.java:74)
	at org.junit.platform.engine.support.hierarchical.NodeTestTask.lambda$executeRecursively$1(NodeTestTask.java:166)
	at org.junit.platform.engine.support.hierarchical.Node.around(Node.java:138)
	at org.junit.platform.engine.support.hierarchical.NodeTestTask.lambda$executeRecursively$0(NodeTestTask.java:164)
	at org.junit.platform.engine.support.hierarchical.ThrowableCollector.execute(ThrowableCollector.java:74)
	at org.junit.platform.engine.support.hierarchical.NodeTestTask.executeRecursively(NodeTestTask.java:163)
	at org.junit.platform.engine.support.hierarchical.NodeTestTask.execute(NodeTestTask.java:116)
	at org.junit.platform.engine.support.hierarchical.SameThreadHierarchicalTestExecutorService.submit(SameThreadHierarchicalTestExecutorService.java:36)
	at org.junit.platform.engine.support.hierarchical.HierarchicalTestExecutor.execute(HierarchicalTestExecutor.java:52)
	at org.junit.platform.engine.support.hierarchical.HierarchicalTestEngine.execute(HierarchicalTestEngine.java:58)
	at org.junit.platform.launcher.core.EngineExecutionOrchestrator.executeEngine(EngineExecutionOrchestrator.java:246)
	at org.junit.platform.launcher.core.EngineExecutionOrchestrator.failOrExecuteEngine(EngineExecutionOrchestrator.java:218)
	at org.junit.platform.launcher.core.EngineExecutionOrchestrator.execute(EngineExecutionOrchestrator.java:179)
	at org.junit.platform.launcher.core.EngineExecutionOrchestrator.execute(EngineExecutionOrchestrator.java:108)
	at org.junit.platform.launcher.core.EngineExecutionOrchestrator.lambda$execute$0(EngineExecutionOrchestrator.java:66)
	at org.junit.platform.launcher.core.EngineExecutionOrchestrator.withInterceptedStreams(EngineExecutionOrchestrator.java:157)
	at org.junit.platform.launcher.core.EngineExecutionOrchestrator.execute(EngineExecutionOrchestrator.java:65)
	at org.junit.platform.launcher.core.DefaultLauncher.execute(DefaultLauncher.java:125)
	at org.junit.platform.launcher.core.DefaultLauncher.execute(DefaultLauncher.java:114)
	at org.junit.platform.launcher.core.DelegatingLauncher.execute(DelegatingLauncher.java:58)
	at org.junit.platform.launcher.core.InterceptingLauncher.lambda$execute$2(InterceptingLauncher.java:57)
	at org.junit.platform.launcher.core.ClasspathAlignmentCheckingLauncherInterceptor.intercept(ClasspathAlignmentCheckingLauncherInterceptor.java:25)
	at org.junit.platform.launcher.core.InterceptingLauncher.execute(InterceptingLauncher.java:56)
	at org.junit.platform.launcher.core.DelegatingLauncher.execute(DelegatingLauncher.java:58)
	at org.junit.platform.launcher.core.SessionPerRequestLauncher.execute(SessionPerRequestLauncher.java:81)
	at com.intellij.junit6.JUnit6TestRunnerHelper.execute(JUnit6TestRunnerHelper.java:69)
	at com.intellij.junit5.JUnit5IdeaTestRunner.startRunnerWithArgs(JUnit5IdeaTestRunner.java:70)
	at com.intellij.rt.junit.IdeaTestRunner$Repeater$1.execute(IdeaTestRunner.java:38)
	at com.intellij.rt.execution.junit.TestsRepeater.repeat(TestsRepeater.java:11)
	at com.intellij.rt.junit.IdeaTestRunner$Repeater.startRunnerWithArgs(IdeaTestRunner.java:35)
	at com.intellij.rt.junit.JUnitStarter.prepareStreamsAndStart(JUnitStarter.java:225)
	at com.intellij.rt.junit.JUnitStarter.main(JUnitStarter.java:61)
2026-06-24 21:36:00 WARN  o.springframework.test.context.TestContextManager - Caught exception while allowing TestExecutionListener [org.springframework.test.context.bean.override.BeanOverrideTestExecutionListener] to prepare test instance [com.example.libreriaMarketCatalogService.controllerV2.ProductoControllerV2Test@24a3d414]
java.lang.IllegalStateException: ApplicationContext failure threshold (1) exceeded: skipping repeated attempt to load context for [WebMergedContextConfiguration@1edf71d9 testClass = com.example.libreriaMarketCatalogService.controllerV2.ProductoControllerV2Test, locations = [], classes = [com.example.libreriaMarketCatalogService.LibreriaMarketCatalogServiceApplication], contextInitializerClasses = [], activeProfiles = [], propertySourceDescriptors = [], propertySourceProperties = ["org.springframework.boot.webmvc.test.autoconfigure.WebMvcTestContextBootstrapper=true"], contextCustomizers = [[ImportsContextCustomizer@52d9d817 key = [org.springframework.boot.hateoas.autoconfigure.HypermediaAutoConfiguration, org.springframework.boot.jackson2.autoconfigure.Jackson2AutoConfiguration, org.springframework.boot.autoconfigure.task.TaskExecutionAutoConfiguration, org.springframework.boot.webmvc.test.autoconfigure.MockMvcWebDriverAutoConfiguration, org.springframework.boot.security.autoconfigure.SecurityAutoConfiguration, org.springframework.boot.autoconfigure.context.MessageSourceAutoConfiguration, org.springframework.boot.security.autoconfigure.web.servlet.SecurityFilterAutoConfiguration, org.springframework.boot.data.autoconfigure.web.DataWebAutoConfiguration, org.springframework.boot.webmvc.autoconfigure.error.ErrorMvcAutoConfiguration, org.springframework.boot.validation.autoconfigure.ValidationAutoConfiguration, org.springframework.boot.webmvc.autoconfigure.WebMvcAutoConfiguration, org.springframework.boot.security.test.autoconfigure.webmvc.SecurityMockMvcAutoConfiguration, org.springframework.boot.http.converter.autoconfigure.HttpMessageConvertersAutoConfiguration, org.springframework.boot.jackson.autoconfigure.JacksonAutoConfiguration, org.springframework.boot.webmvc.test.autoconfigure.MockMvcWebClientAutoConfiguration, org.springframework.boot.servlet.autoconfigure.HttpEncodingAutoConfiguration, org.springframework.boot.security.autoconfigure.UserDetailsServiceAutoConfiguration, org.springframework.boot.webmvc.test.autoconfigure.MockMvcAutoConfiguration]], org.springframework.boot.test.context.PropertyMappingContextCustomizer@2d298995, org.springframework.boot.test.context.filter.ExcludeFilterContextCustomizer@c9413d8, org.springframework.boot.test.context.filter.annotation.TypeExcludeFiltersContextCustomizer@72eb542, org.springframework.boot.test.json.DuplicateJsonObjectContextCustomizerFactory$DuplicateJsonObjectContextCustomizer@db44aa2, org.springframework.boot.test.autoconfigure.OnFailureConditionReportContextCustomizerFactory$OnFailureConditionReportContextCustomizer@61a002b1, org.springframework.boot.test.autoconfigure.OverrideAutoConfigurationContextCustomizerFactory$DisableAutoConfigurationContextCustomizer@548e76f1, org.springframework.test.context.bean.override.BeanOverrideContextCustomizer@fb46069, org.springframework.test.context.support.DynamicPropertiesContextCustomizer@0, org.springframework.boot.webmvc.test.autoconfigure.WebDriverContextCustomizer@3deb2326, org.springframework.boot.web.server.context.SpringBootTestRandomPortContextCustomizerFactory$Customizer@3aee3976, org.springframework.boot.test.context.SpringBootTestAnnotation@f7ebce6c], resourceBasePath = "src/main/webapp", contextLoader = org.springframework.boot.test.context.SpringBootContextLoader, parent = null]
	at org.springframework.test.context.cache.DefaultCacheAwareContextLoaderDelegate.loadContext(DefaultCacheAwareContextLoaderDelegate.java:157)
	at org.springframework.test.context.support.DefaultTestContext.getApplicationContext(DefaultTestContext.java:128)
	at org.springframework.test.context.bean.override.BeanOverrideTestExecutionListener.injectFields(BeanOverrideTestExecutionListener.java:107)
	at org.springframework.test.context.bean.override.BeanOverrideTestExecutionListener.prepareTestInstance(BeanOverrideTestExecutionListener.java:70)
	at org.springframework.test.context.TestContextManager.prepareTestInstance(TestContextManager.java:260)
	at org.springframework.test.context.junit.jupiter.SpringExtension.postProcessTestInstance(SpringExtension.java:203)
	at org.junit.jupiter.engine.descriptor.ClassBasedTestDescriptor.lambda$invokeTestInstancePostProcessors$1(ClassBasedTestDescriptor.java:423)
	at org.junit.jupiter.engine.descriptor.ClassBasedTestDescriptor.executeAndMaskThrowable(ClassBasedTestDescriptor.java:428)
	at org.junit.jupiter.engine.descriptor.ClassBasedTestDescriptor.lambda$invokeTestInstancePostProcessors$0(ClassBasedTestDescriptor.java:422)
	at java.base/java.util.stream.ForEachOps$ForEachOp$OfRef.accept(ForEachOps.java:184)
	at java.base/java.util.stream.ReferencePipeline$3$1.accept(ReferencePipeline.java:197)
	at java.base/java.util.stream.ReferencePipeline$2$1.accept(ReferencePipeline.java:179)
	at java.base/java.util.stream.ReferencePipeline$3$1.accept(ReferencePipeline.java:197)
	at java.base/java.util.ArrayList$ArrayListSpliterator.forEachRemaining(ArrayList.java:1708)
	at java.base/java.util.stream.AbstractPipeline.copyInto(AbstractPipeline.java:509)
	at java.base/java.util.stream.AbstractPipeline.wrapAndCopyInto(AbstractPipeline.java:499)
	at java.base/java.util.stream.ForEachOps$ForEachOp.evaluateSequential(ForEachOps.java:151)
	at java.base/java.util.stream.ForEachOps$ForEachOp$OfRef.evaluateSequential(ForEachOps.java:174)
	at java.base/java.util.stream.AbstractPipeline.evaluate(AbstractPipeline.java:234)
	at java.base/java.util.stream.ReferencePipeline.forEach(ReferencePipeline.java:596)
	at org.junit.jupiter.engine.descriptor.ClassBasedTestDescriptor.invokeTestInstancePostProcessors(ClassBasedTestDescriptor.java:422)
	at org.junit.jupiter.engine.descriptor.ClassBasedTestDescriptor.lambda$instantiateAndPostProcessTestInstance$0(ClassBasedTestDescriptor.java:334)
	at org.junit.platform.engine.support.hierarchical.ThrowableCollector.execute(ThrowableCollector.java:74)
	at org.junit.jupiter.engine.descriptor.ClassBasedTestDescriptor.instantiateAndPostProcessTestInstance(ClassBasedTestDescriptor.java:333)
	at org.junit.jupiter.engine.descriptor.ClassBasedTestDescriptor.lambda$testInstancesProvider$1(ClassBasedTestDescriptor.java:322)
	at java.base/java.util.Optional.orElseGet(Optional.java:364)
	at org.junit.jupiter.engine.descriptor.ClassBasedTestDescriptor.lambda$testInstancesProvider$0(ClassBasedTestDescriptor.java:321)
	at org.junit.jupiter.engine.execution.TestInstancesProvider.getTestInstances(TestInstancesProvider.java:27)
	at org.junit.jupiter.engine.descriptor.TestMethodTestDescriptor.lambda$prepare$0(TestMethodTestDescriptor.java:127)
	at org.junit.platform.engine.support.hierarchical.ThrowableCollector.execute(ThrowableCollector.java:74)
	at org.junit.jupiter.engine.descriptor.TestMethodTestDescriptor.prepare(TestMethodTestDescriptor.java:126)
	at org.junit.jupiter.engine.descriptor.TestMethodTestDescriptor.prepare(TestMethodTestDescriptor.java:70)
	at org.junit.platform.engine.support.hierarchical.NodeTestTask.lambda$prepare$0(NodeTestTask.java:144)
	at org.junit.platform.engine.support.hierarchical.ThrowableCollector.execute(ThrowableCollector.java:74)
	at org.junit.platform.engine.support.hierarchical.NodeTestTask.prepare(NodeTestTask.java:144)
	at org.junit.platform.engine.support.hierarchical.NodeTestTask.execute(NodeTestTask.java:110)
	at java.base/java.util.ArrayList.forEach(ArrayList.java:1596)
	at org.junit.platform.engine.support.hierarchical.SameThreadHierarchicalTestExecutorService.invokeAll(SameThreadHierarchicalTestExecutorService.java:42)
	at org.junit.platform.engine.support.hierarchical.NodeTestTask.lambda$executeRecursively$2(NodeTestTask.java:180)
	at org.junit.platform.engine.support.hierarchical.ThrowableCollector.execute(ThrowableCollector.java:74)
	at org.junit.platform.engine.support.hierarchical.NodeTestTask.lambda$executeRecursively$1(NodeTestTask.java:166)
	at org.junit.platform.engine.support.hierarchical.Node.around(Node.java:138)
	at org.junit.platform.engine.support.hierarchical.NodeTestTask.lambda$executeRecursively$0(NodeTestTask.java:164)
	at org.junit.platform.engine.support.hierarchical.ThrowableCollector.execute(ThrowableCollector.java:74)
	at org.junit.platform.engine.support.hierarchical.NodeTestTask.executeRecursively(NodeTestTask.java:163)
	at org.junit.platform.engine.support.hierarchical.NodeTestTask.execute(NodeTestTask.java:116)
	at java.base/java.util.ArrayList.forEach(ArrayList.java:1596)
	at org.junit.platform.engine.support.hierarchical.SameThreadHierarchicalTestExecutorService.invokeAll(SameThreadHierarchicalTestExecutorService.java:42)
	at org.junit.platform.engine.support.hierarchical.NodeTestTask.lambda$executeRecursively$2(NodeTestTask.java:180)
	at org.junit.platform.engine.support.hierarchical.ThrowableCollector.execute(ThrowableCollector.java:74)
	at org.junit.platform.engine.support.hierarchical.NodeTestTask.lambda$executeRecursively$1(NodeTestTask.java:166)
	at org.junit.platform.engine.support.hierarchical.Node.around(Node.java:138)
	at org.junit.platform.engine.support.hierarchical.NodeTestTask.lambda$executeRecursively$0(NodeTestTask.java:164)
	at org.junit.platform.engine.support.hierarchical.ThrowableCollector.execute(ThrowableCollector.java:74)
	at org.junit.platform.engine.support.hierarchical.NodeTestTask.executeRecursively(NodeTestTask.java:163)
	at org.junit.platform.engine.support.hierarchical.NodeTestTask.execute(NodeTestTask.java:116)
	at org.junit.platform.engine.support.hierarchical.SameThreadHierarchicalTestExecutorService.submit(SameThreadHierarchicalTestExecutorService.java:36)
	at org.junit.platform.engine.support.hierarchical.HierarchicalTestExecutor.execute(HierarchicalTestExecutor.java:52)
	at org.junit.platform.engine.support.hierarchical.HierarchicalTestEngine.execute(HierarchicalTestEngine.java:58)
	at org.junit.platform.launcher.core.EngineExecutionOrchestrator.executeEngine(EngineExecutionOrchestrator.java:246)
	at org.junit.platform.launcher.core.EngineExecutionOrchestrator.failOrExecuteEngine(EngineExecutionOrchestrator.java:218)
	at org.junit.platform.launcher.core.EngineExecutionOrchestrator.execute(EngineExecutionOrchestrator.java:179)
	at org.junit.platform.launcher.core.EngineExecutionOrchestrator.execute(EngineExecutionOrchestrator.java:108)
	at org.junit.platform.launcher.core.EngineExecutionOrchestrator.lambda$execute$0(EngineExecutionOrchestrator.java:66)
	at org.junit.platform.launcher.core.EngineExecutionOrchestrator.withInterceptedStreams(EngineExecutionOrchestrator.java:157)
	at org.junit.platform.launcher.core.EngineExecutionOrchestrator.execute(EngineExecutionOrchestrator.java:65)
	at org.junit.platform.launcher.core.DefaultLauncher.execute(DefaultLauncher.java:125)
	at org.junit.platform.launcher.core.DefaultLauncher.execute(DefaultLauncher.java:114)
	at org.junit.platform.launcher.core.DelegatingLauncher.execute(DelegatingLauncher.java:58)
	at org.junit.platform.launcher.core.InterceptingLauncher.lambda$execute$2(InterceptingLauncher.java:57)
	at org.junit.platform.launcher.core.ClasspathAlignmentCheckingLauncherInterceptor.intercept(ClasspathAlignmentCheckingLauncherInterceptor.java:25)
	at org.junit.platform.launcher.core.InterceptingLauncher.execute(InterceptingLauncher.java:56)
	at org.junit.platform.launcher.core.DelegatingLauncher.execute(DelegatingLauncher.java:58)
	at org.junit.platform.launcher.core.SessionPerRequestLauncher.execute(SessionPerRequestLauncher.java:81)
	at com.intellij.junit6.JUnit6TestRunnerHelper.execute(JUnit6TestRunnerHelper.java:69)
	at com.intellij.junit5.JUnit5IdeaTestRunner.startRunnerWithArgs(JUnit5IdeaTestRunner.java:70)
	at com.intellij.rt.junit.IdeaTestRunner$Repeater$1.execute(IdeaTestRunner.java:38)
	at com.intellij.rt.execution.junit.TestsRepeater.repeat(TestsRepeater.java:11)
	at com.intellij.rt.junit.IdeaTestRunner$Repeater.startRunnerWithArgs(IdeaTestRunner.java:35)
	at com.intellij.rt.junit.JUnitStarter.prepareStreamsAndStart(JUnitStarter.java:225)
	at com.intellij.rt.junit.JUnitStarter.main(JUnitStarter.java:61)
2026-06-24 21:36:00 WARN  o.springframework.test.context.TestContextManager - Caught exception while allowing TestExecutionListener [org.springframework.test.context.bean.override.BeanOverrideTestExecutionListener] to prepare test instance [com.example.libreriaMarketCatalogService.controllerV2.ProductoControllerV2Test@296676c4]
java.lang.IllegalStateException: ApplicationContext failure threshold (1) exceeded: skipping repeated attempt to load context for [WebMergedContextConfiguration@1edf71d9 testClass = com.example.libreriaMarketCatalogService.controllerV2.ProductoControllerV2Test, locations = [], classes = [com.example.libreriaMarketCatalogService.LibreriaMarketCatalogServiceApplication], contextInitializerClasses = [], activeProfiles = [], propertySourceDescriptors = [], propertySourceProperties = ["org.springframework.boot.webmvc.test.autoconfigure.WebMvcTestContextBootstrapper=true"], contextCustomizers = [[ImportsContextCustomizer@52d9d817 key = [org.springframework.boot.hateoas.autoconfigure.HypermediaAutoConfiguration, org.springframework.boot.jackson2.autoconfigure.Jackson2AutoConfiguration, org.springframework.boot.autoconfigure.task.TaskExecutionAutoConfiguration, org.springframework.boot.webmvc.test.autoconfigure.MockMvcWebDriverAutoConfiguration, org.springframework.boot.security.autoconfigure.SecurityAutoConfiguration, org.springframework.boot.autoconfigure.context.MessageSourceAutoConfiguration, org.springframework.boot.security.autoconfigure.web.servlet.SecurityFilterAutoConfiguration, org.springframework.boot.data.autoconfigure.web.DataWebAutoConfiguration, org.springframework.boot.webmvc.autoconfigure.error.ErrorMvcAutoConfiguration, org.springframework.boot.validation.autoconfigure.ValidationAutoConfiguration, org.springframework.boot.webmvc.autoconfigure.WebMvcAutoConfiguration, org.springframework.boot.security.test.autoconfigure.webmvc.SecurityMockMvcAutoConfiguration, org.springframework.boot.http.converter.autoconfigure.HttpMessageConvertersAutoConfiguration, org.springframework.boot.jackson.autoconfigure.JacksonAutoConfiguration, org.springframework.boot.webmvc.test.autoconfigure.MockMvcWebClientAutoConfiguration, org.springframework.boot.servlet.autoconfigure.HttpEncodingAutoConfiguration, org.springframework.boot.security.autoconfigure.UserDetailsServiceAutoConfiguration, org.springframework.boot.webmvc.test.autoconfigure.MockMvcAutoConfiguration]], org.springframework.boot.test.context.PropertyMappingContextCustomizer@2d298995, org.springframework.boot.test.context.filter.ExcludeFilterContextCustomizer@c9413d8, org.springframework.boot.test.context.filter.annotation.TypeExcludeFiltersContextCustomizer@72eb542, org.springframework.boot.test.json.DuplicateJsonObjectContextCustomizerFactory$DuplicateJsonObjectContextCustomizer@db44aa2, org.springframework.boot.test.autoconfigure.OnFailureConditionReportContextCustomizerFactory$OnFailureConditionReportContextCustomizer@61a002b1, org.springframework.boot.test.autoconfigure.OverrideAutoConfigurationContextCustomizerFactory$DisableAutoConfigurationContextCustomizer@548e76f1, org.springframework.test.context.bean.override.BeanOverrideContextCustomizer@fb46069, org.springframework.test.context.support.DynamicPropertiesContextCustomizer@0, org.springframework.boot.webmvc.test.autoconfigure.WebDriverContextCustomizer@3deb2326, org.springframework.boot.web.server.context.SpringBootTestRandomPortContextCustomizerFactory$Customizer@3aee3976, org.springframework.boot.test.context.SpringBootTestAnnotation@f7ebce6c], resourceBasePath = "src/main/webapp", contextLoader = org.springframework.boot.test.context.SpringBootContextLoader, parent = null]
	at org.springframework.test.context.cache.DefaultCacheAwareContextLoaderDelegate.loadContext(DefaultCacheAwareContextLoaderDelegate.java:157)
	at org.springframework.test.context.support.DefaultTestContext.getApplicationContext(DefaultTestContext.java:128)
	at org.springframework.test.context.bean.override.BeanOverrideTestExecutionListener.injectFields(BeanOverrideTestExecutionListener.java:107)
	at org.springframework.test.context.bean.override.BeanOverrideTestExecutionListener.prepareTestInstance(BeanOverrideTestExecutionListener.java:70)
	at org.springframework.test.context.TestContextManager.prepareTestInstance(TestContextManager.java:260)
	at org.springframework.test.context.junit.jupiter.SpringExtension.postProcessTestInstance(SpringExtension.java:203)
	at org.junit.jupiter.engine.descriptor.ClassBasedTestDescriptor.lambda$invokeTestInstancePostProcessors$1(ClassBasedTestDescriptor.java:423)
	at org.junit.jupiter.engine.descriptor.ClassBasedTestDescriptor.executeAndMaskThrowable(ClassBasedTestDescriptor.java:428)
	at org.junit.jupiter.engine.descriptor.ClassBasedTestDescriptor.lambda$invokeTestInstancePostProcessors$0(ClassBasedTestDescriptor.java:422)
	at java.base/java.util.stream.ForEachOps$ForEachOp$OfRef.accept(ForEachOps.java:184)
	at java.base/java.util.stream.ReferencePipeline$3$1.accept(ReferencePipeline.java:197)
	at java.base/java.util.stream.ReferencePipeline$2$1.accept(ReferencePipeline.java:179)
	at java.base/java.util.stream.ReferencePipeline$3$1.accept(ReferencePipeline.java:197)
	at java.base/java.util.ArrayList$ArrayListSpliterator.forEachRemaining(ArrayList.java:1708)
	at java.base/java.util.stream.AbstractPipeline.copyInto(AbstractPipeline.java:509)
	at java.base/java.util.stream.AbstractPipeline.wrapAndCopyInto(AbstractPipeline.java:499)
	at java.base/java.util.stream.ForEachOps$ForEachOp.evaluateSequential(ForEachOps.java:151)
	at java.base/java.util.stream.ForEachOps$ForEachOp$OfRef.evaluateSequential(ForEachOps.java:174)
	at java.base/java.util.stream.AbstractPipeline.evaluate(AbstractPipeline.java:234)
	at java.base/java.util.stream.ReferencePipeline.forEach(ReferencePipeline.java:596)
	at org.junit.jupiter.engine.descriptor.ClassBasedTestDescriptor.invokeTestInstancePostProcessors(ClassBasedTestDescriptor.java:422)
	at org.junit.jupiter.engine.descriptor.ClassBasedTestDescriptor.lambda$instantiateAndPostProcessTestInstance$0(ClassBasedTestDescriptor.java:334)
	at org.junit.platform.engine.support.hierarchical.ThrowableCollector.execute(ThrowableCollector.java:74)
	at org.junit.jupiter.engine.descriptor.ClassBasedTestDescriptor.instantiateAndPostProcessTestInstance(ClassBasedTestDescriptor.java:333)
	at org.junit.jupiter.engine.descriptor.ClassBasedTestDescriptor.lambda$testInstancesProvider$1(ClassBasedTestDescriptor.java:322)
	at java.base/java.util.Optional.orElseGet(Optional.java:364)
	at org.junit.jupiter.engine.descriptor.ClassBasedTestDescriptor.lambda$testInstancesProvider$0(ClassBasedTestDescriptor.java:321)
	at org.junit.jupiter.engine.execution.TestInstancesProvider.getTestInstances(TestInstancesProvider.java:27)
	at org.junit.jupiter.engine.descriptor.TestMethodTestDescriptor.lambda$prepare$0(TestMethodTestDescriptor.java:127)
	at org.junit.platform.engine.support.hierarchical.ThrowableCollector.execute(ThrowableCollector.java:74)
	at org.junit.jupiter.engine.descriptor.TestMethodTestDescriptor.prepare(TestMethodTestDescriptor.java:126)
	at org.junit.jupiter.engine.descriptor.TestMethodTestDescriptor.prepare(TestMethodTestDescriptor.java:70)
	at org.junit.platform.engine.support.hierarchical.NodeTestTask.lambda$prepare$0(NodeTestTask.java:144)
	at org.junit.platform.engine.support.hierarchical.ThrowableCollector.execute(ThrowableCollector.java:74)
	at org.junit.platform.engine.support.hierarchical.NodeTestTask.prepare(NodeTestTask.java:144)
	at org.junit.platform.engine.support.hierarchical.NodeTestTask.execute(NodeTestTask.java:110)
	at java.base/java.util.ArrayList.forEach(ArrayList.java:1596)
	at org.junit.platform.engine.support.hierarchical.SameThreadHierarchicalTestExecutorService.invokeAll(SameThreadHierarchicalTestExecutorService.java:42)
	at org.junit.platform.engine.support.hierarchical.NodeTestTask.lambda$executeRecursively$2(NodeTestTask.java:180)
	at org.junit.platform.engine.support.hierarchical.ThrowableCollector.execute(ThrowableCollector.java:74)
	at org.junit.platform.engine.support.hierarchical.NodeTestTask.lambda$executeRecursively$1(NodeTestTask.java:166)
	at org.junit.platform.engine.support.hierarchical.Node.around(Node.java:138)
	at org.junit.platform.engine.support.hierarchical.NodeTestTask.lambda$executeRecursively$0(NodeTestTask.java:164)
	at org.junit.platform.engine.support.hierarchical.ThrowableCollector.execute(ThrowableCollector.java:74)
	at org.junit.platform.engine.support.hierarchical.NodeTestTask.executeRecursively(NodeTestTask.java:163)
	at org.junit.platform.engine.support.hierarchical.NodeTestTask.execute(NodeTestTask.java:116)
	at java.base/java.util.ArrayList.forEach(ArrayList.java:1596)
	at org.junit.platform.engine.support.hierarchical.SameThreadHierarchicalTestExecutorService.invokeAll(SameThreadHierarchicalTestExecutorService.java:42)
	at org.junit.platform.engine.support.hierarchical.NodeTestTask.lambda$executeRecursively$2(NodeTestTask.java:180)
	at org.junit.platform.engine.support.hierarchical.ThrowableCollector.execute(ThrowableCollector.java:74)
	at org.junit.platform.engine.support.hierarchical.NodeTestTask.lambda$executeRecursively$1(NodeTestTask.java:166)
	at org.junit.platform.engine.support.hierarchical.Node.around(Node.java:138)
	at org.junit.platform.engine.support.hierarchical.NodeTestTask.lambda$executeRecursively$0(NodeTestTask.java:164)
	at org.junit.platform.engine.support.hierarchical.ThrowableCollector.execute(ThrowableCollector.java:74)
	at org.junit.platform.engine.support.hierarchical.NodeTestTask.executeRecursively(NodeTestTask.java:163)
	at org.junit.platform.engine.support.hierarchical.NodeTestTask.execute(NodeTestTask.java:116)
	at org.junit.platform.engine.support.hierarchical.SameThreadHierarchicalTestExecutorService.submit(SameThreadHierarchicalTestExecutorService.java:36)
	at org.junit.platform.engine.support.hierarchical.HierarchicalTestExecutor.execute(HierarchicalTestExecutor.java:52)
	at org.junit.platform.engine.support.hierarchical.HierarchicalTestEngine.execute(HierarchicalTestEngine.java:58)
	at org.junit.platform.launcher.core.EngineExecutionOrchestrator.executeEngine(EngineExecutionOrchestrator.java:246)
	at org.junit.platform.launcher.core.EngineExecutionOrchestrator.failOrExecuteEngine(EngineExecutionOrchestrator.java:218)
	at org.junit.platform.launcher.core.EngineExecutionOrchestrator.execute(EngineExecutionOrchestrator.java:179)
	at org.junit.platform.launcher.core.EngineExecutionOrchestrator.execute(EngineExecutionOrchestrator.java:108)
	at org.junit.platform.launcher.core.EngineExecutionOrchestrator.lambda$execute$0(EngineExecutionOrchestrator.java:66)
	at org.junit.platform.launcher.core.EngineExecutionOrchestrator.withInterceptedStreams(EngineExecutionOrchestrator.java:157)
	at org.junit.platform.launcher.core.EngineExecutionOrchestrator.execute(EngineExecutionOrchestrator.java:65)
	at org.junit.platform.launcher.core.DefaultLauncher.execute(DefaultLauncher.java:125)
	at org.junit.platform.launcher.core.DefaultLauncher.execute(DefaultLauncher.java:114)
	at org.junit.platform.launcher.core.DelegatingLauncher.execute(DelegatingLauncher.java:58)
	at org.junit.platform.launcher.core.InterceptingLauncher.lambda$execute$2(InterceptingLauncher.java:57)
	at org.junit.platform.launcher.core.ClasspathAlignmentCheckingLauncherInterceptor.intercept(ClasspathAlignmentCheckingLauncherInterceptor.java:25)
	at org.junit.platform.launcher.core.InterceptingLauncher.execute(InterceptingLauncher.java:56)
	at org.junit.platform.launcher.core.DelegatingLauncher.execute(DelegatingLauncher.java:58)
	at org.junit.platform.launcher.core.SessionPerRequestLauncher.execute(SessionPerRequestLauncher.java:81)
	at com.intellij.junit6.JUnit6TestRunnerHelper.execute(JUnit6TestRunnerHelper.java:69)
	at com.intellij.junit5.JUnit5IdeaTestRunner.startRunnerWithArgs(JUnit5IdeaTestRunner.java:70)
	at com.intellij.rt.junit.IdeaTestRunner$Repeater$1.execute(IdeaTestRunner.java:38)
	at com.intellij.rt.execution.junit.TestsRepeater.repeat(TestsRepeater.java:11)
	at com.intellij.rt.junit.IdeaTestRunner$Repeater.startRunnerWithArgs(IdeaTestRunner.java:35)
	at com.intellij.rt.junit.JUnitStarter.prepareStreamsAndStart(JUnitStarter.java:225)
	at com.intellij.rt.junit.JUnitStarter.main(JUnitStarter.java:61)
2026-06-24 21:37:34 INFO  c.e.l.controllerV2.ProductoControllerV2Test - Starting ProductoControllerV2Test using Java 21.0.11 with PID 42418 (started by apric in /run/media/apric/a0483016-93be-4d8d-b285-30d2ee3fccb7/GitHub/lbMarket/LibreriaMaketCatalogService/libreriaMarketCatalogService)
2026-06-24 21:37:34 DEBUG c.e.l.controllerV2.ProductoControllerV2Test - Running with Spring Boot v4.0.0, Spring v7.0.1
2026-06-24 21:37:34 INFO  c.e.l.controllerV2.ProductoControllerV2Test - The following 1 profile is active: "test"
2026-06-24 21:37:36 WARN  o.s.b.s.a.UserDetailsServiceAutoConfiguration - 

Using generated security password: 2274ea09-7fe8-4bb4-ae2f-0900425b68aa

This generated password is for development use only. Your security configuration must be updated before running your application in production.

2026-06-24 21:37:36 INFO  o.s.b.test.mock.web.SpringBootMockServletContext - Initializing Spring TestDispatcherServlet ''
2026-06-24 21:37:36 INFO  o.s.test.web.servlet.TestDispatcherServlet - Initializing Servlet ''
2026-06-24 21:37:36 INFO  o.s.test.web.servlet.TestDispatcherServlet - Completed initialization in 2 ms
2026-06-24 21:37:36 INFO  c.e.l.controllerV2.ProductoControllerV2Test - Started ProductoControllerV2Test in 1.632 seconds (process running for 2.643)
2026-06-24 21:37:36 INFO  c.e.l.controller.ProductoControllerV2 - Recibiendo solicitud para crear/guardar producto.
2026-06-24 21:37:36 INFO  c.e.l.controller.ProductoControllerV2 - Recibiendo solicitud para actualizar producto con ID: 3.
2026-06-24 21:37:36 INFO  c.e.l.controller.ProductoControllerV2 - Recibiendo solicitud para actualizar producto con ID: 3.
2026-06-24 21:37:36 INFO  c.e.l.controller.ProductoControllerV2 - Recibiendo solicitud para borrar producto con ID: 3.
2026-06-24 21:37:36 INFO  c.e.l.controller.ProductoControllerV2 - Recibiendo solicitud para buscar listado de productos.
2026-06-24 21:37:36 INFO  c.e.l.controller.ProductoControllerV2 - Solicitud para buscar listado de productos.=> encontrado(s) y enlistado(s).
2026-06-24 21:37:36 INFO  c.e.l.controller.ProductoControllerV2 - Recibiendo solicitud para buscar listado de productos.
2026-06-24 21:37:36 INFO  c.e.l.controller.ProductoControllerV2 - Solicitud para buscar listado de productos.=> sin coincidencias (vacío).
2026-06-24 21:37:36 INFO  c.e.l.controller.ProductoControllerV2 - Recibiendo solicitud para actualizar producto con ID: 3.
2026-06-24 21:37:36 INFO  c.e.l.controller.ProductoControllerV2 - Solicitud para actualizar producto con ID: 3. => actualizado.
2026-06-24 21:37:36 INFO  c.e.l.controller.ProductoControllerV2 - Recibiendo solicitud para crear/guardar producto.
2026-06-24 21:37:36 INFO  c.e.l.controller.ProductoControllerV2 - Solicitud para crear/guardar producto.=> creado con ID Producto: 3, ID Producto: Java for Dummies, Titulo: Terry A. Burd, Autor: Wiley, Editorial: Programación, Categoria: 2022, Anio Publicacion: 978-111-98-6164-5, ISBN: desc, Descripcion: 1, ID Proveedor: Distribuidora Libros, Nombre Proveedor: {}
2026-06-24 21:37:36 INFO  c.e.l.controller.ProductoControllerV2 - Recibiendo solicitud para borrar producto con ID: 3.
2026-06-24 21:37:36 INFO  c.e.l.controller.ProductoControllerV2 - Solicitud para borrar producto con ID: 3. => encontrado y borrado.
2026-06-24 21:37:36 INFO  c.e.l.controller.ProductoControllerV2 - Recibiendo solicitud para buscar producto por ID: 3.
2026-06-24 21:37:36 INFO  c.e.l.controller.ProductoControllerV2 - Recibiendo solicitud para buscar producto por ID: 3.
2026-06-24 21:37:36 INFO  c.e.l.controller.ProductoControllerV2 - Solicitud para buscar producto por ID: 3.=> encontrado.
2026-06-24 21:37:36 INFO  c.e.l.controller.ProductoControllerV2 - Recibiendo solicitud para crear/guardar producto.
2026-06-24 21:37:36 INFO  c.e.l.controller.ProductoControllerV2 - Recibiendo solicitud para actualizar producto con ID: 3.
2026-06-24 21:41:25 INFO  c.e.l.controllerV2.ProveedorControllerV2Test - Starting ProveedorControllerV2Test using Java 21.0.11 with PID 42663 (started by apric in /run/media/apric/a0483016-93be-4d8d-b285-30d2ee3fccb7/GitHub/lbMarket/LibreriaMaketCatalogService/libreriaMarketCatalogService)
2026-06-24 21:41:25 DEBUG c.e.l.controllerV2.ProveedorControllerV2Test - Running with Spring Boot v4.0.0, Spring v7.0.1
2026-06-24 21:41:25 INFO  c.e.l.controllerV2.ProveedorControllerV2Test - The following 1 profile is active: "test"
2026-06-24 21:41:26 WARN  o.s.b.s.a.UserDetailsServiceAutoConfiguration - 

Using generated security password: f8db66f7-dfce-4670-a742-f22bdc93dd7b

This generated password is for development use only. Your security configuration must be updated before running your application in production.

2026-06-24 21:41:26 INFO  o.s.b.test.mock.web.SpringBootMockServletContext - Initializing Spring TestDispatcherServlet ''
2026-06-24 21:41:26 INFO  o.s.test.web.servlet.TestDispatcherServlet - Initializing Servlet ''
2026-06-24 21:41:26 INFO  o.s.test.web.servlet.TestDispatcherServlet - Completed initialization in 1 ms
2026-06-24 21:41:26 INFO  c.e.l.controllerV2.ProveedorControllerV2Test - Started ProveedorControllerV2Test in 1.634 seconds (process running for 2.669)
2026-06-24 21:41:27 INFO  c.e.l.controller.ProveedorControllerV2 - Recibiendo solicitud para actualizar proveedor con ID: 1.
2026-06-24 21:41:27 INFO  c.e.l.controller.ProveedorControllerV2 - Recibiendo solicitud para borrar proveedor con ID: 1.
2026-06-24 21:41:27 INFO  c.e.l.controller.ProveedorControllerV2 - Recibiendo solicitud para buscar listado de proveedores.
2026-06-24 21:41:27 INFO  c.e.l.controller.ProveedorControllerV2 - Solicitud para buscar listado de proveedores-> encontrado(s) y listado(s)
2026-06-24 21:41:27 INFO  c.e.l.controller.ProveedorControllerV2 - Recibiendo solicitud para buscar listado de proveedores.
2026-06-24 21:41:27 INFO  c.e.l.controller.ProveedorControllerV2 - Solicitud para buscar listado de proveedores-> sin coincidencias
2026-06-24 21:41:27 INFO  c.e.l.controller.ProveedorControllerV2 - Recibiendo solicitud para actualizar proveedor con ID: 1.
2026-06-24 21:41:27 INFO  c.e.l.controller.ProveedorControllerV2 - Solicitud para actualizar proveedor con ID: 1.-> actualizado
2026-06-24 21:41:27 INFO  c.e.l.controller.ProveedorControllerV2 - Recibiendo solicitud para crear proveedor
2026-06-24 21:41:27 INFO  c.e.l.controller.ProveedorControllerV2 - Solicitud para crear proveedor-> creado con ID Proveedor: 1, Nombre Distribuidora Libros, Contacto libros@distro.com
2026-06-24 21:41:27 INFO  c.e.l.controller.ProveedorControllerV2 - Recibiendo solicitud para borrar proveedor con ID: 1.
2026-06-24 21:41:27 INFO  c.e.l.controller.ProveedorControllerV2 - Solicitud para borrar proveedor con iD: 1.-> borrado
2026-06-24 21:41:27 INFO  c.e.l.controller.ProveedorControllerV2 - Recibiendo solicitud para crear proveedor
2026-06-24 21:41:27 INFO  c.e.l.controller.ProveedorControllerV2 - Recibiendo solicitud para buscar proveedor por ID: 1.
2026-06-24 21:41:27 INFO  c.e.l.controller.ProveedorControllerV2 - Recibiendo solicitud para buscar proveedor por ID: 1.
2026-06-24 21:41:27 INFO  c.e.l.controller.ProveedorControllerV2 - Solicitud para buscar proveedor por ID: 1.-> encontrado
2026-06-24 21:41:27 INFO  c.e.l.controller.ProveedorControllerV2 - Recibiendo solicitud para borrar proveedor con ID: 1.
2026-06-24 21:41:58 INFO  c.e.l.service.ProveedorServiceTest - Starting ProveedorServiceTest using Java 21.0.11 with PID 42826 (started by apric in /run/media/apric/a0483016-93be-4d8d-b285-30d2ee3fccb7/GitHub/lbMarket/LibreriaMaketCatalogService/libreriaMarketCatalogService)
2026-06-24 21:41:58 DEBUG c.e.l.service.ProveedorServiceTest - Running with Spring Boot v4.0.0, Spring v7.0.1
2026-06-24 21:41:58 INFO  c.e.l.service.ProveedorServiceTest - The following 1 profile is active: "test"
2026-06-24 21:41:59 INFO  o.s.d.r.config.RepositoryConfigurationDelegate - Bootstrapping Spring Data JPA repositories in DEFAULT mode.
2026-06-24 21:41:59 INFO  o.s.d.r.config.RepositoryConfigurationDelegate - Finished Spring Data repository scanning in 136 ms. Found 2 JPA repository interfaces.
2026-06-24 21:41:59 INFO  o.springframework.cloud.context.scope.GenericScope - BeanFactory id=e80de23b-229b-306e-8490-0734d61a73db
2026-06-24 21:42:01 INFO  com.zaxxer.hikari.HikariDataSource - HikariPool-1 - Starting...
2026-06-24 21:42:01 INFO  com.zaxxer.hikari.pool.HikariPool - HikariPool-1 - Added connection com.mysql.cj.jdbc.ConnectionImpl@3e2c2452
2026-06-24 21:42:01 INFO  com.zaxxer.hikari.HikariDataSource - HikariPool-1 - Start completed.
2026-06-24 21:42:01 INFO  org.flywaydb.core.FlywayExecutor - Database: jdbc:mysql://localhost:3306/catalog_db (MySQL 12.3)
2026-06-24 21:42:02 WARN  org.flywaydb.core.internal.database.base.Database - Using MariaDB 12.3 which is newer than the version Flyway has been verified with. The latest verified version of MariaDB is 11.7.
2026-06-24 21:42:02 INFO  org.flywaydb.core.internal.command.DbValidate - Successfully validated 3 migrations (execution time 00:00.041s)
2026-06-24 21:42:02 INFO  org.flywaydb.core.internal.command.DbMigrate - Current version of schema `catalog_db`: 3
2026-06-24 21:42:02 INFO  org.flywaydb.core.internal.command.DbMigrate - Schema `catalog_db` is up to date. No migration necessary.
2026-06-24 21:42:02 INFO  o.s.o.j.persistenceunit.SpringPersistenceUnitInfo - No LoadTimeWeaver setup: ignoring JPA class transformer
2026-06-24 21:42:03 INFO  o.s.orm.jpa.LocalContainerEntityManagerFactoryBean - Initialized JPA EntityManagerFactory for persistence unit 'default'
2026-06-24 21:42:03 INFO  o.s.d.jpa.repository.query.QueryEnhancerFactories - Hibernate is in classpath; If applicable, HQL parser will be used.
2026-06-24 21:42:04 WARN  o.s.b.j.a.JpaBaseConfiguration$JpaWebConfiguration - spring.jpa.open-in-view is enabled by default. Therefore, database queries may be performed during view rendering. Explicitly configure spring.jpa.open-in-view to disable this warning
2026-06-24 21:42:04 INFO  o.s.s.c.a.a.c.InitializeUserDetailsBeanManagerConfigurer$InitializeUserDetailsManagerConfigurer - Global AuthenticationManager configured with UserDetailsService bean with name userDetailsService
2026-06-24 21:42:05 INFO  o.s.c.n.e.c.DiscoveryClientOptionalArgsConfiguration - Eureka HTTP Client uses RestClient.
2026-06-24 21:42:05 WARN  o.s.c.l.c.LoadBalancerCacheAutoConfiguration$LoadBalancerCaffeineWarnLogger - Spring Cloud LoadBalancer is currently working with the default cache. While this cache implementation is useful for development and tests, it's recommended to use Caffeine cache in production.You can switch to using Caffeine cache, by adding it and org.springframework.cache.caffeine.CaffeineCacheManager to the classpath.
2026-06-24 21:42:05 INFO  c.e.l.service.ProveedorServiceTest - Started ProveedorServiceTest in 7.483 seconds (process running for 9.048)
2026-06-24 21:42:05 INFO  o.s.t.c.support.AnnotationConfigContextLoaderUtils - Could not detect default configuration classes for test class [com.example.libreriaMarketCatalogService.service.ProductoServiceTest]: ProductoServiceTest does not declare any static, non-private, non-final, nested classes annotated with @Configuration.
2026-06-24 21:42:05 INFO  o.s.b.t.context.SpringBootTestContextBootstrapper - Found @SpringBootConfiguration com.example.libreriaMarketCatalogService.LibreriaMarketCatalogServiceApplication for test class com.example.libreriaMarketCatalogService.service.ProductoServiceTest
2026-06-24 21:42:05 INFO  c.e.l.service.ProductoServiceTest - Starting ProductoServiceTest using Java 21.0.11 with PID 42826 (started by apric in /run/media/apric/a0483016-93be-4d8d-b285-30d2ee3fccb7/GitHub/lbMarket/LibreriaMaketCatalogService/libreriaMarketCatalogService)
2026-06-24 21:42:05 DEBUG c.e.l.service.ProductoServiceTest - Running with Spring Boot v4.0.0, Spring v7.0.1
2026-06-24 21:42:05 INFO  c.e.l.service.ProductoServiceTest - The following 1 profile is active: "test"
2026-06-24 21:42:05 INFO  o.s.d.r.config.RepositoryConfigurationDelegate - Bootstrapping Spring Data JPA repositories in DEFAULT mode.
2026-06-24 21:42:05 INFO  o.s.d.r.config.RepositoryConfigurationDelegate - Finished Spring Data repository scanning in 6 ms. Found 2 JPA repository interfaces.
2026-06-24 21:42:06 INFO  o.springframework.cloud.context.scope.GenericScope - BeanFactory id=e80de23b-229b-306e-8490-0734d61a73db
2026-06-24 21:42:06 INFO  com.zaxxer.hikari.HikariDataSource - HikariPool-2 - Starting...
2026-06-24 21:42:06 INFO  com.zaxxer.hikari.pool.HikariPool - HikariPool-2 - Added connection com.mysql.cj.jdbc.ConnectionImpl@4e3cde2b
2026-06-24 21:42:06 INFO  com.zaxxer.hikari.HikariDataSource - HikariPool-2 - Start completed.
2026-06-24 21:42:06 INFO  org.flywaydb.core.FlywayExecutor - Database: jdbc:mysql://localhost:3306/catalog_db (MySQL 12.3)
2026-06-24 21:42:06 WARN  org.flywaydb.core.internal.database.base.Database - Using MariaDB 12.3 which is newer than the version Flyway has been verified with. The latest verified version of MariaDB is 11.7.
2026-06-24 21:42:06 INFO  org.flywaydb.core.internal.command.DbValidate - Successfully validated 3 migrations (execution time 00:00.005s)
2026-06-24 21:42:06 INFO  org.flywaydb.core.internal.command.DbMigrate - Current version of schema `catalog_db`: 3
2026-06-24 21:42:06 INFO  org.flywaydb.core.internal.command.DbMigrate - Schema `catalog_db` is up to date. No migration necessary.
2026-06-24 21:42:06 INFO  o.s.o.j.persistenceunit.SpringPersistenceUnitInfo - No LoadTimeWeaver setup: ignoring JPA class transformer
2026-06-24 21:42:06 INFO  o.s.orm.jpa.LocalContainerEntityManagerFactoryBean - Initialized JPA EntityManagerFactory for persistence unit 'default'
2026-06-24 21:42:06 WARN  o.s.b.j.a.JpaBaseConfiguration$JpaWebConfiguration - spring.jpa.open-in-view is enabled by default. Therefore, database queries may be performed during view rendering. Explicitly configure spring.jpa.open-in-view to disable this warning
2026-06-24 21:42:06 INFO  o.s.s.c.a.a.c.InitializeUserDetailsBeanManagerConfigurer$InitializeUserDetailsManagerConfigurer - Global AuthenticationManager configured with UserDetailsService bean with name userDetailsService
2026-06-24 21:42:06 INFO  o.s.c.n.e.c.DiscoveryClientOptionalArgsConfiguration - Eureka HTTP Client uses RestClient.
2026-06-24 21:42:06 WARN  o.s.c.l.c.LoadBalancerCacheAutoConfiguration$LoadBalancerCaffeineWarnLogger - Spring Cloud LoadBalancer is currently working with the default cache. While this cache implementation is useful for development and tests, it's recommended to use Caffeine cache in production.You can switch to using Caffeine cache, by adding it and org.springframework.cache.caffeine.CaffeineCacheManager to the classpath.
2026-06-24 21:42:06 INFO  c.e.l.service.ProductoServiceTest - Started ProductoServiceTest in 0.991 seconds (process running for 10.206)
2026-06-24 21:42:06 INFO  o.s.t.c.support.AnnotationConfigContextLoaderUtils - Could not detect default configuration classes for test class [com.example.libreriaMarketCatalogService.controller.ProveedorControllerTest]: ProveedorControllerTest does not declare any static, non-private, non-final, nested classes annotated with @Configuration.
2026-06-24 21:42:06 INFO  o.s.b.t.context.SpringBootTestContextBootstrapper - Found @SpringBootConfiguration com.example.libreriaMarketCatalogService.LibreriaMarketCatalogServiceApplication for test class com.example.libreriaMarketCatalogService.controller.ProveedorControllerTest
2026-06-24 21:42:06 INFO  c.e.l.controller.ProveedorControllerTest - Starting ProveedorControllerTest using Java 21.0.11 with PID 42826 (started by apric in /run/media/apric/a0483016-93be-4d8d-b285-30d2ee3fccb7/GitHub/lbMarket/LibreriaMaketCatalogService/libreriaMarketCatalogService)
2026-06-24 21:42:06 DEBUG c.e.l.controller.ProveedorControllerTest - Running with Spring Boot v4.0.0, Spring v7.0.1
2026-06-24 21:42:06 INFO  c.e.l.controller.ProveedorControllerTest - The following 1 profile is active: "test"
2026-06-24 21:42:07 WARN  o.s.b.s.a.UserDetailsServiceAutoConfiguration - 

Using generated security password: f26e323c-298e-4285-b1fe-387913c405f4

This generated password is for development use only. Your security configuration must be updated before running your application in production.

2026-06-24 21:42:07 INFO  o.s.b.test.mock.web.SpringBootMockServletContext - Initializing Spring TestDispatcherServlet ''
2026-06-24 21:42:07 INFO  o.s.test.web.servlet.TestDispatcherServlet - Initializing Servlet ''
2026-06-24 21:42:07 INFO  o.s.test.web.servlet.TestDispatcherServlet - Completed initialization in 1 ms
2026-06-24 21:42:07 INFO  c.e.l.controller.ProveedorControllerTest - Started ProveedorControllerTest in 0.371 seconds (process running for 10.697)
2026-06-24 21:42:07 INFO  c.e.l.controller.ProductoController - Recibiendo solicitud para actualizar proveedor con ID: 1.
2026-06-24 21:42:07 INFO  c.e.l.controller.ProductoController - Recibiendo solicitud para borrar proveedor con ID: 1.
2026-06-24 21:42:07 INFO  c.e.l.controller.ProductoController - Recibiendo solicitud para buscar listado de proveedores.
2026-06-24 21:42:07 INFO  c.e.l.controller.ProductoController - Solicitud para buscar listado de proveedores-> encontrado(s) y listado(s)
2026-06-24 21:42:07 INFO  c.e.l.controller.ProductoController - Recibiendo solicitud para buscar listado de proveedores.
2026-06-24 21:42:07 INFO  c.e.l.controller.ProductoController - Solicitud para buscar listado de proveedores-> sin coincidencias
2026-06-24 21:42:07 INFO  c.e.l.controller.ProductoController - Recibiendo solicitud para actualizar proveedor con ID: 1.
2026-06-24 21:42:07 INFO  c.e.l.controller.ProductoController - Solicitud para actualizar proveedor con ID: 1.-> actualizado
2026-06-24 21:42:07 INFO  c.e.l.controller.ProductoController - Recibiendo solicitud para crear proveedor
2026-06-24 21:42:07 INFO  c.e.l.controller.ProductoController - Solicitud para crear proveedor-> creado con ID Proveedor: 1, Nombre Distribuidora Libros, Contacto libros@distro.com
2026-06-24 21:42:07 INFO  c.e.l.controller.ProductoController - Recibiendo solicitud para borrar proveedor con ID: 1.
2026-06-24 21:42:07 INFO  c.e.l.controller.ProductoController - Solicitud para borrar proveedor con iD: 1.-> borrado
2026-06-24 21:42:07 INFO  c.e.l.controller.ProductoController - Recibiendo solicitud para crear proveedor
2026-06-24 21:42:07 INFO  c.e.l.controller.ProductoController - Recibiendo solicitud para buscar proveedor por ID: 1.
2026-06-24 21:42:07 INFO  c.e.l.controller.ProductoController - Recibiendo solicitud para buscar proveedor por ID: 1.
2026-06-24 21:42:07 INFO  c.e.l.controller.ProductoController - Solicitud para buscar proveedor por ID: 1.-> encontrado
2026-06-24 21:42:07 INFO  c.e.l.controller.ProductoController - Recibiendo solicitud para borrar proveedor con ID: 1.
2026-06-24 21:42:07 INFO  o.s.t.c.support.AnnotationConfigContextLoaderUtils - Could not detect default configuration classes for test class [com.example.libreriaMarketCatalogService.controller.ProductoControllerTest]: ProductoControllerTest does not declare any static, non-private, non-final, nested classes annotated with @Configuration.
2026-06-24 21:42:07 INFO  o.s.b.t.context.SpringBootTestContextBootstrapper - Found @SpringBootConfiguration com.example.libreriaMarketCatalogService.LibreriaMarketCatalogServiceApplication for test class com.example.libreriaMarketCatalogService.controller.ProductoControllerTest
2026-06-24 21:42:07 INFO  c.e.l.controller.ProductoControllerTest - Starting ProductoControllerTest using Java 21.0.11 with PID 42826 (started by apric in /run/media/apric/a0483016-93be-4d8d-b285-30d2ee3fccb7/GitHub/lbMarket/LibreriaMaketCatalogService/libreriaMarketCatalogService)
2026-06-24 21:42:07 DEBUG c.e.l.controller.ProductoControllerTest - Running with Spring Boot v4.0.0, Spring v7.0.1
2026-06-24 21:42:07 INFO  c.e.l.controller.ProductoControllerTest - The following 1 profile is active: "test"
2026-06-24 21:42:08 WARN  o.s.b.s.a.UserDetailsServiceAutoConfiguration - 

Using generated security password: 06f294ee-1a69-4210-acea-27115ce04419

This generated password is for development use only. Your security configuration must be updated before running your application in production.

2026-06-24 21:42:08 INFO  o.s.b.test.mock.web.SpringBootMockServletContext - Initializing Spring TestDispatcherServlet ''
2026-06-24 21:42:08 INFO  o.s.test.web.servlet.TestDispatcherServlet - Initializing Servlet ''
2026-06-24 21:42:08 INFO  o.s.test.web.servlet.TestDispatcherServlet - Completed initialization in 1 ms
2026-06-24 21:42:08 INFO  c.e.l.controller.ProductoControllerTest - Started ProductoControllerTest in 0.281 seconds (process running for 11.512)
2026-06-24 21:42:08 INFO  c.e.l.controller.ProductoController - Recibiendo solicitud para crear/guardar producto.
2026-06-24 21:42:08 INFO  c.e.l.controller.ProductoController - Recibiendo solicitud para actualizar producto con ID: 3.
2026-06-24 21:42:08 INFO  c.e.l.controller.ProductoController - Recibiendo solicitud para actualizar producto con ID: 3.
2026-06-24 21:42:08 INFO  c.e.l.controller.ProductoController - Recibiendo solicitud para borrar producto con ID: 3.
2026-06-24 21:42:08 INFO  c.e.l.controller.ProductoController - Recibiendo solicitud para buscar listado de productos.
2026-06-24 21:42:08 INFO  c.e.l.controller.ProductoController - Solicitud para buscar listado de productos.=> encontrado(s) y enlistado(s).
2026-06-24 21:42:08 INFO  c.e.l.controller.ProductoController - Recibiendo solicitud para buscar listado de productos.
2026-06-24 21:42:08 INFO  c.e.l.controller.ProductoController - Solicitud para buscar listado de productos.=> sin coincidencias (vacío).
2026-06-24 21:42:08 INFO  c.e.l.controller.ProductoController - Recibiendo solicitud para actualizar producto con ID: 3.
2026-06-24 21:42:08 INFO  c.e.l.controller.ProductoController - Solicitud para actualizar producto con ID: 3. => actualizado.
2026-06-24 21:42:08 INFO  c.e.l.controller.ProductoController - Recibiendo solicitud para crear/guardar producto.
2026-06-24 21:42:08 INFO  c.e.l.controller.ProductoController - Solicitud para crear/guardar producto.=> creado con ID Producto: 3, ID Producto: Java for Dummies, Titulo: Terry A. Burd, Autor: Wiley, Editorial: Programación, Categoria: 2022, Anio Publicacion: 978-111-98-6164-5, ISBN: desc, Descripcion: 1, ID Proveedor: Distribuidora Libros, Nombre Proveedor: {}
2026-06-24 21:42:08 INFO  c.e.l.controller.ProductoController - Recibiendo solicitud para borrar producto con ID: 3.
2026-06-24 21:42:08 INFO  c.e.l.controller.ProductoController - Solicitud para borrar producto con ID: 3. => encontrado y borrado.
2026-06-24 21:42:08 INFO  c.e.l.controller.ProductoController - Recibiendo solicitud para buscar producto por ID: 3.
2026-06-24 21:42:08 INFO  c.e.l.controller.ProductoController - Recibiendo solicitud para buscar producto por ID: 3.
2026-06-24 21:42:08 INFO  c.e.l.controller.ProductoController - Solicitud para buscar producto por ID: 3.=> encontrado.
2026-06-24 21:42:08 INFO  c.e.l.controller.ProductoController - Recibiendo solicitud para crear/guardar producto.
2026-06-24 21:42:08 INFO  c.e.l.controller.ProductoController - Recibiendo solicitud para actualizar producto con ID: 3.
2026-06-24 21:42:08 INFO  o.s.t.c.support.AnnotationConfigContextLoaderUtils - Could not detect default configuration classes for test class [com.example.libreriaMarketCatalogService.controllerV2.ProductoControllerV2Test]: ProductoControllerV2Test does not declare any static, non-private, non-final, nested classes annotated with @Configuration.
2026-06-24 21:42:08 INFO  o.s.b.t.context.SpringBootTestContextBootstrapper - Found @SpringBootConfiguration com.example.libreriaMarketCatalogService.LibreriaMarketCatalogServiceApplication for test class com.example.libreriaMarketCatalogService.controllerV2.ProductoControllerV2Test
2026-06-24 21:42:08 INFO  c.e.l.controllerV2.ProductoControllerV2Test - Starting ProductoControllerV2Test using Java 21.0.11 with PID 42826 (started by apric in /run/media/apric/a0483016-93be-4d8d-b285-30d2ee3fccb7/GitHub/lbMarket/LibreriaMaketCatalogService/libreriaMarketCatalogService)
2026-06-24 21:42:08 DEBUG c.e.l.controllerV2.ProductoControllerV2Test - Running with Spring Boot v4.0.0, Spring v7.0.1
2026-06-24 21:42:08 INFO  c.e.l.controllerV2.ProductoControllerV2Test - The following 1 profile is active: "test"
2026-06-24 21:42:08 WARN  o.s.b.s.a.UserDetailsServiceAutoConfiguration - 

Using generated security password: 58e5ecda-5afb-4dc6-8a78-ad8e11ddca74

This generated password is for development use only. Your security configuration must be updated before running your application in production.

2026-06-24 21:42:08 INFO  o.s.b.test.mock.web.SpringBootMockServletContext - Initializing Spring TestDispatcherServlet ''
2026-06-24 21:42:08 INFO  o.s.test.web.servlet.TestDispatcherServlet - Initializing Servlet ''
2026-06-24 21:42:08 INFO  o.s.test.web.servlet.TestDispatcherServlet - Completed initialization in 1 ms
2026-06-24 21:42:08 INFO  c.e.l.controllerV2.ProductoControllerV2Test - Started ProductoControllerV2Test in 0.221 seconds (process running for 11.942)
2026-06-24 21:42:08 INFO  c.e.l.controller.ProductoControllerV2 - Recibiendo solicitud para crear/guardar producto.
2026-06-24 21:42:08 INFO  c.e.l.controller.ProductoControllerV2 - Recibiendo solicitud para actualizar producto con ID: 3.
2026-06-24 21:42:08 INFO  c.e.l.controller.ProductoControllerV2 - Recibiendo solicitud para actualizar producto con ID: 3.
2026-06-24 21:42:08 INFO  c.e.l.controller.ProductoControllerV2 - Recibiendo solicitud para borrar producto con ID: 3.
2026-06-24 21:42:08 INFO  c.e.l.controller.ProductoControllerV2 - Recibiendo solicitud para buscar listado de productos.
2026-06-24 21:42:08 INFO  c.e.l.controller.ProductoControllerV2 - Solicitud para buscar listado de productos.=> encontrado(s) y enlistado(s).
2026-06-24 21:42:08 INFO  c.e.l.controller.ProductoControllerV2 - Recibiendo solicitud para buscar listado de productos.
2026-06-24 21:42:08 INFO  c.e.l.controller.ProductoControllerV2 - Solicitud para buscar listado de productos.=> sin coincidencias (vacío).
2026-06-24 21:42:08 INFO  c.e.l.controller.ProductoControllerV2 - Recibiendo solicitud para actualizar producto con ID: 3.
2026-06-24 21:42:08 INFO  c.e.l.controller.ProductoControllerV2 - Solicitud para actualizar producto con ID: 3. => actualizado.
2026-06-24 21:42:08 INFO  c.e.l.controller.ProductoControllerV2 - Recibiendo solicitud para crear/guardar producto.
2026-06-24 21:42:08 INFO  c.e.l.controller.ProductoControllerV2 - Solicitud para crear/guardar producto.=> creado con ID Producto: 3, ID Producto: Java for Dummies, Titulo: Terry A. Burd, Autor: Wiley, Editorial: Programación, Categoria: 2022, Anio Publicacion: 978-111-98-6164-5, ISBN: desc, Descripcion: 1, ID Proveedor: Distribuidora Libros, Nombre Proveedor: {}
2026-06-24 21:42:08 INFO  c.e.l.controller.ProductoControllerV2 - Recibiendo solicitud para borrar producto con ID: 3.
2026-06-24 21:42:08 INFO  c.e.l.controller.ProductoControllerV2 - Solicitud para borrar producto con ID: 3. => encontrado y borrado.
2026-06-24 21:42:08 INFO  c.e.l.controller.ProductoControllerV2 - Recibiendo solicitud para buscar producto por ID: 3.
2026-06-24 21:42:08 INFO  c.e.l.controller.ProductoControllerV2 - Recibiendo solicitud para buscar producto por ID: 3.
2026-06-24 21:42:08 INFO  c.e.l.controller.ProductoControllerV2 - Solicitud para buscar producto por ID: 3.=> encontrado.
2026-06-24 21:42:08 INFO  c.e.l.controller.ProductoControllerV2 - Recibiendo solicitud para crear/guardar producto.
2026-06-24 21:42:08 INFO  c.e.l.controller.ProductoControllerV2 - Recibiendo solicitud para actualizar producto con ID: 3.
2026-06-24 21:42:08 INFO  o.s.t.c.support.AnnotationConfigContextLoaderUtils - Could not detect default configuration classes for test class [com.example.libreriaMarketCatalogService.controllerV2.ProveedorControllerV2Test]: ProveedorControllerV2Test does not declare any static, non-private, non-final, nested classes annotated with @Configuration.
2026-06-24 21:42:08 INFO  o.s.b.t.context.SpringBootTestContextBootstrapper - Found @SpringBootConfiguration com.example.libreriaMarketCatalogService.LibreriaMarketCatalogServiceApplication for test class com.example.libreriaMarketCatalogService.controllerV2.ProveedorControllerV2Test
2026-06-24 21:42:08 INFO  c.e.l.controllerV2.ProveedorControllerV2Test - Starting ProveedorControllerV2Test using Java 21.0.11 with PID 42826 (started by apric in /run/media/apric/a0483016-93be-4d8d-b285-30d2ee3fccb7/GitHub/lbMarket/LibreriaMaketCatalogService/libreriaMarketCatalogService)
2026-06-24 21:42:08 DEBUG c.e.l.controllerV2.ProveedorControllerV2Test - Running with Spring Boot v4.0.0, Spring v7.0.1
2026-06-24 21:42:08 INFO  c.e.l.controllerV2.ProveedorControllerV2Test - The following 1 profile is active: "test"
2026-06-24 21:42:08 WARN  o.s.b.s.a.UserDetailsServiceAutoConfiguration - 

Using generated security password: bb53868b-dc18-496c-ad76-11cb706497fc

This generated password is for development use only. Your security configuration must be updated before running your application in production.

2026-06-24 21:42:08 INFO  o.s.b.test.mock.web.SpringBootMockServletContext - Initializing Spring TestDispatcherServlet ''
2026-06-24 21:42:08 INFO  o.s.test.web.servlet.TestDispatcherServlet - Initializing Servlet ''
2026-06-24 21:42:08 INFO  o.s.test.web.servlet.TestDispatcherServlet - Completed initialization in 1 ms
2026-06-24 21:42:08 INFO  c.e.l.controllerV2.ProveedorControllerV2Test - Started ProveedorControllerV2Test in 0.202 seconds (process running for 12.446)
2026-06-24 21:42:08 INFO  c.e.l.controller.ProveedorControllerV2 - Recibiendo solicitud para actualizar proveedor con ID: 1.
2026-06-24 21:42:08 INFO  c.e.l.controller.ProveedorControllerV2 - Recibiendo solicitud para borrar proveedor con ID: 1.
2026-06-24 21:42:09 INFO  c.e.l.controller.ProveedorControllerV2 - Recibiendo solicitud para buscar listado de proveedores.
2026-06-24 21:42:09 INFO  c.e.l.controller.ProveedorControllerV2 - Solicitud para buscar listado de proveedores-> encontrado(s) y listado(s)
2026-06-24 21:42:09 INFO  c.e.l.controller.ProveedorControllerV2 - Recibiendo solicitud para buscar listado de proveedores.
2026-06-24 21:42:09 INFO  c.e.l.controller.ProveedorControllerV2 - Solicitud para buscar listado de proveedores-> sin coincidencias
2026-06-24 21:42:09 INFO  c.e.l.controller.ProveedorControllerV2 - Recibiendo solicitud para actualizar proveedor con ID: 1.
2026-06-24 21:42:09 INFO  c.e.l.controller.ProveedorControllerV2 - Solicitud para actualizar proveedor con ID: 1.-> actualizado
2026-06-24 21:42:09 INFO  c.e.l.controller.ProveedorControllerV2 - Recibiendo solicitud para crear proveedor
2026-06-24 21:42:09 INFO  c.e.l.controller.ProveedorControllerV2 - Solicitud para crear proveedor-> creado con ID Proveedor: 1, Nombre Distribuidora Libros, Contacto libros@distro.com
2026-06-24 21:42:09 INFO  c.e.l.controller.ProveedorControllerV2 - Recibiendo solicitud para borrar proveedor con ID: 1.
2026-06-24 21:42:09 INFO  c.e.l.controller.ProveedorControllerV2 - Solicitud para borrar proveedor con iD: 1.-> borrado
2026-06-24 21:42:09 INFO  c.e.l.controller.ProveedorControllerV2 - Recibiendo solicitud para crear proveedor
2026-06-24 21:42:09 INFO  c.e.l.controller.ProveedorControllerV2 - Recibiendo solicitud para buscar proveedor por ID: 1.
2026-06-24 21:42:09 INFO  c.e.l.controller.ProveedorControllerV2 - Recibiendo solicitud para buscar proveedor por ID: 1.
2026-06-24 21:42:09 INFO  c.e.l.controller.ProveedorControllerV2 - Solicitud para buscar proveedor por ID: 1.-> encontrado
2026-06-24 21:42:09 INFO  c.e.l.controller.ProveedorControllerV2 - Recibiendo solicitud para borrar proveedor con ID: 1.
2026-06-24 21:42:09 INFO  o.s.cloud.netflix.eureka.InstanceInfoFactory - Setting initial instance status as: STARTING
2026-06-24 21:42:09 INFO  o.s.c.n.e.serviceregistry.EurekaServiceRegistry - Unregistering application LMCATALOGMS with eureka with status DOWN
2026-06-24 21:42:09 INFO  o.s.orm.jpa.LocalContainerEntityManagerFactoryBean - Closing JPA EntityManagerFactory for persistence unit 'default'
2026-06-24 21:42:09 INFO  com.zaxxer.hikari.HikariDataSource - HikariPool-1 - Shutdown initiated...
2026-06-24 21:42:09 INFO  com.zaxxer.hikari.HikariDataSource - HikariPool-1 - Shutdown completed.
2026-06-24 21:42:09 INFO  o.s.cloud.netflix.eureka.InstanceInfoFactory - Setting initial instance status as: STARTING
2026-06-24 21:42:09 INFO  o.s.c.n.e.serviceregistry.EurekaServiceRegistry - Unregistering application LMCATALOGMS with eureka with status DOWN
2026-06-24 21:42:09 INFO  o.s.orm.jpa.LocalContainerEntityManagerFactoryBean - Closing JPA EntityManagerFactory for persistence unit 'default'
2026-06-24 21:42:09 INFO  com.zaxxer.hikari.HikariDataSource - HikariPool-2 - Shutdown initiated...
2026-06-24 21:42:09 INFO  com.zaxxer.hikari.HikariDataSource - HikariPool-2 - Shutdown completed.
2026-06-24 21:42:47 INFO  c.e.l.service.ProveedorServiceTest - Starting ProveedorServiceTest using Java 21.0.11 with PID 43042 (started by apric in /run/media/apric/a0483016-93be-4d8d-b285-30d2ee3fccb7/GitHub/lbMarket/LibreriaMaketCatalogService/libreriaMarketCatalogService)
2026-06-24 21:42:47 DEBUG c.e.l.service.ProveedorServiceTest - Running with Spring Boot v4.0.0, Spring v7.0.1
2026-06-24 21:42:47 INFO  c.e.l.service.ProveedorServiceTest - The following 1 profile is active: "test"
2026-06-24 21:42:48 INFO  o.s.d.r.config.RepositoryConfigurationDelegate - Bootstrapping Spring Data JPA repositories in DEFAULT mode.
2026-06-24 21:42:48 INFO  o.s.d.r.config.RepositoryConfigurationDelegate - Finished Spring Data repository scanning in 156 ms. Found 2 JPA repository interfaces.
2026-06-24 21:42:48 INFO  o.springframework.cloud.context.scope.GenericScope - BeanFactory id=e80de23b-229b-306e-8490-0734d61a73db
2026-06-24 21:42:50 INFO  com.zaxxer.hikari.HikariDataSource - HikariPool-1 - Starting...
2026-06-24 21:42:50 INFO  com.zaxxer.hikari.pool.HikariPool - HikariPool-1 - Added connection com.mysql.cj.jdbc.ConnectionImpl@3e2c2452
2026-06-24 21:42:50 INFO  com.zaxxer.hikari.HikariDataSource - HikariPool-1 - Start completed.
2026-06-24 21:42:50 INFO  org.flywaydb.core.FlywayExecutor - Database: jdbc:mysql://localhost:3306/catalog_db (MySQL 12.3)
2026-06-24 21:42:50 WARN  org.flywaydb.core.internal.database.base.Database - Using MariaDB 12.3 which is newer than the version Flyway has been verified with. The latest verified version of MariaDB is 11.7.
2026-06-24 21:42:51 INFO  org.flywaydb.core.internal.command.DbValidate - Successfully validated 3 migrations (execution time 00:00.043s)
2026-06-24 21:42:51 INFO  org.flywaydb.core.internal.command.DbMigrate - Current version of schema `catalog_db`: 3
2026-06-24 21:42:51 INFO  org.flywaydb.core.internal.command.DbMigrate - Schema `catalog_db` is up to date. No migration necessary.
2026-06-24 21:42:51 INFO  o.s.o.j.persistenceunit.SpringPersistenceUnitInfo - No LoadTimeWeaver setup: ignoring JPA class transformer
2026-06-24 21:42:52 INFO  o.s.orm.jpa.LocalContainerEntityManagerFactoryBean - Initialized JPA EntityManagerFactory for persistence unit 'default'
2026-06-24 21:42:52 INFO  o.s.d.jpa.repository.query.QueryEnhancerFactories - Hibernate is in classpath; If applicable, HQL parser will be used.
2026-06-24 21:42:53 WARN  o.s.b.j.a.JpaBaseConfiguration$JpaWebConfiguration - spring.jpa.open-in-view is enabled by default. Therefore, database queries may be performed during view rendering. Explicitly configure spring.jpa.open-in-view to disable this warning
2026-06-24 21:42:53 INFO  o.s.s.c.a.a.c.InitializeUserDetailsBeanManagerConfigurer$InitializeUserDetailsManagerConfigurer - Global AuthenticationManager configured with UserDetailsService bean with name userDetailsService
2026-06-24 21:42:54 INFO  o.s.c.n.e.c.DiscoveryClientOptionalArgsConfiguration - Eureka HTTP Client uses RestClient.
2026-06-24 21:42:54 WARN  o.s.c.l.c.LoadBalancerCacheAutoConfiguration$LoadBalancerCaffeineWarnLogger - Spring Cloud LoadBalancer is currently working with the default cache. While this cache implementation is useful for development and tests, it's recommended to use Caffeine cache in production.You can switch to using Caffeine cache, by adding it and org.springframework.cache.caffeine.CaffeineCacheManager to the classpath.
2026-06-24 21:42:54 INFO  c.e.l.service.ProveedorServiceTest - Started ProveedorServiceTest in 7.977 seconds (process running for 9.512)
2026-06-24 21:42:54 INFO  o.s.t.c.support.AnnotationConfigContextLoaderUtils - Could not detect default configuration classes for test class [com.example.libreriaMarketCatalogService.service.ProductoServiceTest]: ProductoServiceTest does not declare any static, non-private, non-final, nested classes annotated with @Configuration.
2026-06-24 21:42:54 INFO  o.s.b.t.context.SpringBootTestContextBootstrapper - Found @SpringBootConfiguration com.example.libreriaMarketCatalogService.LibreriaMarketCatalogServiceApplication for test class com.example.libreriaMarketCatalogService.service.ProductoServiceTest
2026-06-24 21:42:54 INFO  c.e.l.service.ProductoServiceTest - Starting ProductoServiceTest using Java 21.0.11 with PID 43042 (started by apric in /run/media/apric/a0483016-93be-4d8d-b285-30d2ee3fccb7/GitHub/lbMarket/LibreriaMaketCatalogService/libreriaMarketCatalogService)
2026-06-24 21:42:54 DEBUG c.e.l.service.ProductoServiceTest - Running with Spring Boot v4.0.0, Spring v7.0.1
2026-06-24 21:42:54 INFO  c.e.l.service.ProductoServiceTest - The following 1 profile is active: "test"
2026-06-24 21:42:55 INFO  o.s.d.r.config.RepositoryConfigurationDelegate - Bootstrapping Spring Data JPA repositories in DEFAULT mode.
2026-06-24 21:42:55 INFO  o.s.d.r.config.RepositoryConfigurationDelegate - Finished Spring Data repository scanning in 6 ms. Found 2 JPA repository interfaces.
2026-06-24 21:42:55 INFO  o.springframework.cloud.context.scope.GenericScope - BeanFactory id=e80de23b-229b-306e-8490-0734d61a73db
2026-06-24 21:42:55 INFO  com.zaxxer.hikari.HikariDataSource - HikariPool-2 - Starting...
2026-06-24 21:42:55 INFO  com.zaxxer.hikari.pool.HikariPool - HikariPool-2 - Added connection com.mysql.cj.jdbc.ConnectionImpl@4e3cde2b
2026-06-24 21:42:55 INFO  com.zaxxer.hikari.HikariDataSource - HikariPool-2 - Start completed.
2026-06-24 21:42:55 INFO  org.flywaydb.core.FlywayExecutor - Database: jdbc:mysql://localhost:3306/catalog_db (MySQL 12.3)
2026-06-24 21:42:55 WARN  org.flywaydb.core.internal.database.base.Database - Using MariaDB 12.3 which is newer than the version Flyway has been verified with. The latest verified version of MariaDB is 11.7.
2026-06-24 21:42:55 INFO  org.flywaydb.core.internal.command.DbValidate - Successfully validated 3 migrations (execution time 00:00.005s)
2026-06-24 21:42:55 INFO  org.flywaydb.core.internal.command.DbMigrate - Current version of schema `catalog_db`: 3
2026-06-24 21:42:55 INFO  org.flywaydb.core.internal.command.DbMigrate - Schema `catalog_db` is up to date. No migration necessary.
2026-06-24 21:42:55 INFO  o.s.o.j.persistenceunit.SpringPersistenceUnitInfo - No LoadTimeWeaver setup: ignoring JPA class transformer
2026-06-24 21:42:55 INFO  o.s.orm.jpa.LocalContainerEntityManagerFactoryBean - Initialized JPA EntityManagerFactory for persistence unit 'default'
2026-06-24 21:42:55 WARN  o.s.b.j.a.JpaBaseConfiguration$JpaWebConfiguration - spring.jpa.open-in-view is enabled by default. Therefore, database queries may be performed during view rendering. Explicitly configure spring.jpa.open-in-view to disable this warning
2026-06-24 21:42:55 INFO  o.s.s.c.a.a.c.InitializeUserDetailsBeanManagerConfigurer$InitializeUserDetailsManagerConfigurer - Global AuthenticationManager configured with UserDetailsService bean with name userDetailsService
2026-06-24 21:42:55 INFO  o.s.c.n.e.c.DiscoveryClientOptionalArgsConfiguration - Eureka HTTP Client uses RestClient.
2026-06-24 21:42:55 WARN  o.s.c.l.c.LoadBalancerCacheAutoConfiguration$LoadBalancerCaffeineWarnLogger - Spring Cloud LoadBalancer is currently working with the default cache. While this cache implementation is useful for development and tests, it's recommended to use Caffeine cache in production.You can switch to using Caffeine cache, by adding it and org.springframework.cache.caffeine.CaffeineCacheManager to the classpath.
2026-06-24 21:42:55 INFO  c.e.l.service.ProductoServiceTest - Started ProductoServiceTest in 1.107 seconds (process running for 10.784)
2026-06-24 21:42:56 INFO  o.s.t.c.support.AnnotationConfigContextLoaderUtils - Could not detect default configuration classes for test class [com.example.libreriaMarketCatalogService.controller.ProveedorControllerTest]: ProveedorControllerTest does not declare any static, non-private, non-final, nested classes annotated with @Configuration.
2026-06-24 21:42:56 INFO  o.s.b.t.context.SpringBootTestContextBootstrapper - Found @SpringBootConfiguration com.example.libreriaMarketCatalogService.LibreriaMarketCatalogServiceApplication for test class com.example.libreriaMarketCatalogService.controller.ProveedorControllerTest
2026-06-24 21:42:56 INFO  c.e.l.controller.ProveedorControllerTest - Starting ProveedorControllerTest using Java 21.0.11 with PID 43042 (started by apric in /run/media/apric/a0483016-93be-4d8d-b285-30d2ee3fccb7/GitHub/lbMarket/LibreriaMaketCatalogService/libreriaMarketCatalogService)
2026-06-24 21:42:56 DEBUG c.e.l.controller.ProveedorControllerTest - Running with Spring Boot v4.0.0, Spring v7.0.1
2026-06-24 21:42:56 INFO  c.e.l.controller.ProveedorControllerTest - The following 1 profile is active: "test"
2026-06-24 21:42:56 WARN  o.s.b.s.a.UserDetailsServiceAutoConfiguration - 

Using generated security password: 75c2c6de-bbd9-436b-a697-5eca09025d40

This generated password is for development use only. Your security configuration must be updated before running your application in production.

2026-06-24 21:42:56 INFO  o.s.b.test.mock.web.SpringBootMockServletContext - Initializing Spring TestDispatcherServlet ''
2026-06-24 21:42:56 INFO  o.s.test.web.servlet.TestDispatcherServlet - Initializing Servlet ''
2026-06-24 21:42:56 INFO  o.s.test.web.servlet.TestDispatcherServlet - Completed initialization in 1 ms
2026-06-24 21:42:56 INFO  c.e.l.controller.ProveedorControllerTest - Started ProveedorControllerTest in 0.384 seconds (process running for 11.281)
2026-06-24 21:42:56 INFO  c.e.l.controller.ProductoController - Recibiendo solicitud para actualizar proveedor con ID: 1.
2026-06-24 21:42:56 INFO  c.e.l.controller.ProductoController - Recibiendo solicitud para borrar proveedor con ID: 1.
2026-06-24 21:42:56 INFO  c.e.l.controller.ProductoController - Recibiendo solicitud para buscar listado de proveedores.
2026-06-24 21:42:56 INFO  c.e.l.controller.ProductoController - Solicitud para buscar listado de proveedores-> encontrado(s) y listado(s)
2026-06-24 21:42:56 INFO  c.e.l.controller.ProductoController - Recibiendo solicitud para buscar listado de proveedores.
2026-06-24 21:42:56 INFO  c.e.l.controller.ProductoController - Solicitud para buscar listado de proveedores-> sin coincidencias
2026-06-24 21:42:56 INFO  c.e.l.controller.ProductoController - Recibiendo solicitud para actualizar proveedor con ID: 1.
2026-06-24 21:42:56 INFO  c.e.l.controller.ProductoController - Solicitud para actualizar proveedor con ID: 1.-> actualizado
2026-06-24 21:42:56 INFO  c.e.l.controller.ProductoController - Recibiendo solicitud para crear proveedor
2026-06-24 21:42:56 INFO  c.e.l.controller.ProductoController - Solicitud para crear proveedor-> creado con ID Proveedor: 1, Nombre Distribuidora Libros, Contacto libros@distro.com
2026-06-24 21:42:56 INFO  c.e.l.controller.ProductoController - Recibiendo solicitud para borrar proveedor con ID: 1.
2026-06-24 21:42:56 INFO  c.e.l.controller.ProductoController - Solicitud para borrar proveedor con iD: 1.-> borrado
2026-06-24 21:42:56 INFO  c.e.l.controller.ProductoController - Recibiendo solicitud para crear proveedor
2026-06-24 21:42:56 INFO  c.e.l.controller.ProductoController - Recibiendo solicitud para buscar proveedor por ID: 1.
2026-06-24 21:42:56 INFO  c.e.l.controller.ProductoController - Recibiendo solicitud para buscar proveedor por ID: 1.
2026-06-24 21:42:56 INFO  c.e.l.controller.ProductoController - Solicitud para buscar proveedor por ID: 1.-> encontrado
2026-06-24 21:42:56 INFO  c.e.l.controller.ProductoController - Recibiendo solicitud para borrar proveedor con ID: 1.
2026-06-24 21:42:56 INFO  o.s.t.c.support.AnnotationConfigContextLoaderUtils - Could not detect default configuration classes for test class [com.example.libreriaMarketCatalogService.controller.ProductoControllerTest]: ProductoControllerTest does not declare any static, non-private, non-final, nested classes annotated with @Configuration.
2026-06-24 21:42:56 INFO  o.s.b.t.context.SpringBootTestContextBootstrapper - Found @SpringBootConfiguration com.example.libreriaMarketCatalogService.LibreriaMarketCatalogServiceApplication for test class com.example.libreriaMarketCatalogService.controller.ProductoControllerTest
2026-06-24 21:42:56 INFO  c.e.l.controller.ProductoControllerTest - Starting ProductoControllerTest using Java 21.0.11 with PID 43042 (started by apric in /run/media/apric/a0483016-93be-4d8d-b285-30d2ee3fccb7/GitHub/lbMarket/LibreriaMaketCatalogService/libreriaMarketCatalogService)
2026-06-24 21:42:56 DEBUG c.e.l.controller.ProductoControllerTest - Running with Spring Boot v4.0.0, Spring v7.0.1
2026-06-24 21:42:56 INFO  c.e.l.controller.ProductoControllerTest - The following 1 profile is active: "test"
2026-06-24 21:42:57 WARN  o.s.b.s.a.UserDetailsServiceAutoConfiguration - 

Using generated security password: 9e248769-9169-46cd-b63c-60952e310edf

This generated password is for development use only. Your security configuration must be updated before running your application in production.

2026-06-24 21:42:57 INFO  o.s.b.test.mock.web.SpringBootMockServletContext - Initializing Spring TestDispatcherServlet ''
2026-06-24 21:42:57 INFO  o.s.test.web.servlet.TestDispatcherServlet - Initializing Servlet ''
2026-06-24 21:42:57 INFO  o.s.test.web.servlet.TestDispatcherServlet - Completed initialization in 1 ms
2026-06-24 21:42:57 INFO  c.e.l.controller.ProductoControllerTest - Started ProductoControllerTest in 0.298 seconds (process running for 12.07)
2026-06-24 21:42:57 INFO  c.e.l.controller.ProductoController - Recibiendo solicitud para crear/guardar producto.
2026-06-24 21:42:57 INFO  c.e.l.controller.ProductoController - Recibiendo solicitud para actualizar producto con ID: 3.
2026-06-24 21:42:57 INFO  c.e.l.controller.ProductoController - Recibiendo solicitud para actualizar producto con ID: 3.
2026-06-24 21:42:57 INFO  c.e.l.controller.ProductoController - Recibiendo solicitud para borrar producto con ID: 3.
2026-06-24 21:42:57 INFO  c.e.l.controller.ProductoController - Recibiendo solicitud para buscar listado de productos.
2026-06-24 21:42:57 INFO  c.e.l.controller.ProductoController - Solicitud para buscar listado de productos.=> encontrado(s) y enlistado(s).
2026-06-24 21:42:57 INFO  c.e.l.controller.ProductoController - Recibiendo solicitud para buscar listado de productos.
2026-06-24 21:42:57 INFO  c.e.l.controller.ProductoController - Solicitud para buscar listado de productos.=> sin coincidencias (vacío).
2026-06-24 21:42:57 INFO  c.e.l.controller.ProductoController - Recibiendo solicitud para actualizar producto con ID: 3.
2026-06-24 21:42:57 INFO  c.e.l.controller.ProductoController - Solicitud para actualizar producto con ID: 3. => actualizado.
2026-06-24 21:42:57 INFO  c.e.l.controller.ProductoController - Recibiendo solicitud para crear/guardar producto.
2026-06-24 21:42:57 INFO  c.e.l.controller.ProductoController - Solicitud para crear/guardar producto.=> creado con ID Producto: 3, ID Producto: Java for Dummies, Titulo: Terry A. Burd, Autor: Wiley, Editorial: Programación, Categoria: 2022, Anio Publicacion: 978-111-98-6164-5, ISBN: desc, Descripcion: 1, ID Proveedor: Distribuidora Libros, Nombre Proveedor: {}
2026-06-24 21:42:57 INFO  c.e.l.controller.ProductoController - Recibiendo solicitud para borrar producto con ID: 3.
2026-06-24 21:42:57 INFO  c.e.l.controller.ProductoController - Solicitud para borrar producto con ID: 3. => encontrado y borrado.
2026-06-24 21:42:57 INFO  c.e.l.controller.ProductoController - Recibiendo solicitud para buscar producto por ID: 3.
2026-06-24 21:42:57 INFO  c.e.l.controller.ProductoController - Recibiendo solicitud para buscar producto por ID: 3.
2026-06-24 21:42:57 INFO  c.e.l.controller.ProductoController - Solicitud para buscar producto por ID: 3.=> encontrado.
2026-06-24 21:42:57 INFO  c.e.l.controller.ProductoController - Recibiendo solicitud para crear/guardar producto.
2026-06-24 21:42:57 INFO  c.e.l.controller.ProductoController - Recibiendo solicitud para actualizar producto con ID: 3.
2026-06-24 21:42:57 INFO  o.s.t.c.support.AnnotationConfigContextLoaderUtils - Could not detect default configuration classes for test class [com.example.libreriaMarketCatalogService.controllerV2.ProductoControllerV2Test]: ProductoControllerV2Test does not declare any static, non-private, non-final, nested classes annotated with @Configuration.
2026-06-24 21:42:57 INFO  o.s.b.t.context.SpringBootTestContextBootstrapper - Found @SpringBootConfiguration com.example.libreriaMarketCatalogService.LibreriaMarketCatalogServiceApplication for test class com.example.libreriaMarketCatalogService.controllerV2.ProductoControllerV2Test
2026-06-24 21:42:57 INFO  c.e.l.controllerV2.ProductoControllerV2Test - Starting ProductoControllerV2Test using Java 21.0.11 with PID 43042 (started by apric in /run/media/apric/a0483016-93be-4d8d-b285-30d2ee3fccb7/GitHub/lbMarket/LibreriaMaketCatalogService/libreriaMarketCatalogService)
2026-06-24 21:42:57 DEBUG c.e.l.controllerV2.ProductoControllerV2Test - Running with Spring Boot v4.0.0, Spring v7.0.1
2026-06-24 21:42:57 INFO  c.e.l.controllerV2.ProductoControllerV2Test - The following 1 profile is active: "test"
2026-06-24 21:42:57 WARN  o.s.b.s.a.UserDetailsServiceAutoConfiguration - 

Using generated security password: 683d54dc-c99f-4167-a214-de8bea8aa2a4

This generated password is for development use only. Your security configuration must be updated before running your application in production.

2026-06-24 21:42:57 INFO  o.s.b.test.mock.web.SpringBootMockServletContext - Initializing Spring TestDispatcherServlet ''
2026-06-24 21:42:57 INFO  o.s.test.web.servlet.TestDispatcherServlet - Initializing Servlet ''
2026-06-24 21:42:57 INFO  o.s.test.web.servlet.TestDispatcherServlet - Completed initialization in 1 ms
2026-06-24 21:42:57 INFO  c.e.l.controllerV2.ProductoControllerV2Test - Started ProductoControllerV2Test in 0.224 seconds (process running for 12.496)
2026-06-24 21:42:57 INFO  c.e.l.controller.ProductoControllerV2 - Recibiendo solicitud para crear/guardar producto.
2026-06-24 21:42:57 INFO  c.e.l.controller.ProductoControllerV2 - Recibiendo solicitud para actualizar producto con ID: 3.
2026-06-24 21:42:57 INFO  c.e.l.controller.ProductoControllerV2 - Recibiendo solicitud para actualizar producto con ID: 3.
2026-06-24 21:42:57 INFO  c.e.l.controller.ProductoControllerV2 - Recibiendo solicitud para borrar producto con ID: 3.
2026-06-24 21:42:57 INFO  c.e.l.controller.ProductoControllerV2 - Recibiendo solicitud para buscar listado de productos.
2026-06-24 21:42:57 INFO  c.e.l.controller.ProductoControllerV2 - Solicitud para buscar listado de productos.=> encontrado(s) y enlistado(s).
2026-06-24 21:42:57 INFO  c.e.l.controller.ProductoControllerV2 - Recibiendo solicitud para buscar listado de productos.
2026-06-24 21:42:57 INFO  c.e.l.controller.ProductoControllerV2 - Solicitud para buscar listado de productos.=> sin coincidencias (vacío).
2026-06-24 21:42:57 INFO  c.e.l.controller.ProductoControllerV2 - Recibiendo solicitud para actualizar producto con ID: 3.
2026-06-24 21:42:57 INFO  c.e.l.controller.ProductoControllerV2 - Solicitud para actualizar producto con ID: 3. => actualizado.
2026-06-24 21:42:57 INFO  c.e.l.controller.ProductoControllerV2 - Recibiendo solicitud para crear/guardar producto.
2026-06-24 21:42:57 INFO  c.e.l.controller.ProductoControllerV2 - Solicitud para crear/guardar producto.=> creado con ID Producto: 3, ID Producto: Java for Dummies, Titulo: Terry A. Burd, Autor: Wiley, Editorial: Programación, Categoria: 2022, Anio Publicacion: 978-111-98-6164-5, ISBN: desc, Descripcion: 1, ID Proveedor: Distribuidora Libros, Nombre Proveedor: {}
2026-06-24 21:42:57 INFO  c.e.l.controller.ProductoControllerV2 - Recibiendo solicitud para borrar producto con ID: 3.
2026-06-24 21:42:57 INFO  c.e.l.controller.ProductoControllerV2 - Solicitud para borrar producto con ID: 3. => encontrado y borrado.
2026-06-24 21:42:57 INFO  c.e.l.controller.ProductoControllerV2 - Recibiendo solicitud para buscar producto por ID: 3.
2026-06-24 21:42:57 INFO  c.e.l.controller.ProductoControllerV2 - Recibiendo solicitud para buscar producto por ID: 3.
2026-06-24 21:42:57 INFO  c.e.l.controller.ProductoControllerV2 - Solicitud para buscar producto por ID: 3.=> encontrado.
2026-06-24 21:42:57 INFO  c.e.l.controller.ProductoControllerV2 - Recibiendo solicitud para crear/guardar producto.
2026-06-24 21:42:57 INFO  c.e.l.controller.ProductoControllerV2 - Recibiendo solicitud para actualizar producto con ID: 3.
2026-06-24 21:42:57 INFO  o.s.t.c.support.AnnotationConfigContextLoaderUtils - Could not detect default configuration classes for test class [com.example.libreriaMarketCatalogService.controllerV2.ProveedorControllerV2Test]: ProveedorControllerV2Test does not declare any static, non-private, non-final, nested classes annotated with @Configuration.
2026-06-24 21:42:57 INFO  o.s.b.t.context.SpringBootTestContextBootstrapper - Found @SpringBootConfiguration com.example.libreriaMarketCatalogService.LibreriaMarketCatalogServiceApplication for test class com.example.libreriaMarketCatalogService.controllerV2.ProveedorControllerV2Test
2026-06-24 21:42:57 INFO  c.e.l.controllerV2.ProveedorControllerV2Test - Starting ProveedorControllerV2Test using Java 21.0.11 with PID 43042 (started by apric in /run/media/apric/a0483016-93be-4d8d-b285-30d2ee3fccb7/GitHub/lbMarket/LibreriaMaketCatalogService/libreriaMarketCatalogService)
2026-06-24 21:42:57 DEBUG c.e.l.controllerV2.ProveedorControllerV2Test - Running with Spring Boot v4.0.0, Spring v7.0.1
2026-06-24 21:42:57 INFO  c.e.l.controllerV2.ProveedorControllerV2Test - The following 1 profile is active: "test"
2026-06-24 21:42:58 WARN  o.s.b.s.a.UserDetailsServiceAutoConfiguration - 

Using generated security password: 462e7c55-e0e0-43ad-ac43-100ff9809c63

This generated password is for development use only. Your security configuration must be updated before running your application in production.

2026-06-24 21:42:58 INFO  o.s.b.test.mock.web.SpringBootMockServletContext - Initializing Spring TestDispatcherServlet ''
2026-06-24 21:42:58 INFO  o.s.test.web.servlet.TestDispatcherServlet - Initializing Servlet ''
2026-06-24 21:42:58 INFO  o.s.test.web.servlet.TestDispatcherServlet - Completed initialization in 1 ms
2026-06-24 21:42:58 INFO  c.e.l.controllerV2.ProveedorControllerV2Test - Started ProveedorControllerV2Test in 0.239 seconds (process running for 13.043)
2026-06-24 21:42:58 INFO  c.e.l.controller.ProveedorControllerV2 - Recibiendo solicitud para actualizar proveedor con ID: 1.
2026-06-24 21:42:58 INFO  c.e.l.controller.ProveedorControllerV2 - Recibiendo solicitud para borrar proveedor con ID: 1.
2026-06-24 21:42:58 INFO  c.e.l.controller.ProveedorControllerV2 - Recibiendo solicitud para buscar listado de proveedores.
2026-06-24 21:42:58 INFO  c.e.l.controller.ProveedorControllerV2 - Solicitud para buscar listado de proveedores-> encontrado(s) y listado(s)
2026-06-24 21:42:58 INFO  c.e.l.controller.ProveedorControllerV2 - Recibiendo solicitud para buscar listado de proveedores.
2026-06-24 21:42:58 INFO  c.e.l.controller.ProveedorControllerV2 - Solicitud para buscar listado de proveedores-> sin coincidencias
2026-06-24 21:42:58 INFO  c.e.l.controller.ProveedorControllerV2 - Recibiendo solicitud para actualizar proveedor con ID: 1.
2026-06-24 21:42:58 INFO  c.e.l.controller.ProveedorControllerV2 - Solicitud para actualizar proveedor con ID: 1.-> actualizado
2026-06-24 21:42:58 INFO  c.e.l.controller.ProveedorControllerV2 - Recibiendo solicitud para crear proveedor
2026-06-24 21:42:58 INFO  c.e.l.controller.ProveedorControllerV2 - Solicitud para crear proveedor-> creado con ID Proveedor: 1, Nombre Distribuidora Libros, Contacto libros@distro.com
2026-06-24 21:42:58 INFO  c.e.l.controller.ProveedorControllerV2 - Recibiendo solicitud para borrar proveedor con ID: 1.
2026-06-24 21:42:58 INFO  c.e.l.controller.ProveedorControllerV2 - Solicitud para borrar proveedor con iD: 1.-> borrado
2026-06-24 21:42:58 INFO  c.e.l.controller.ProveedorControllerV2 - Recibiendo solicitud para crear proveedor
2026-06-24 21:42:58 INFO  c.e.l.controller.ProveedorControllerV2 - Recibiendo solicitud para buscar proveedor por ID: 1.
2026-06-24 21:42:58 INFO  c.e.l.controller.ProveedorControllerV2 - Recibiendo solicitud para buscar proveedor por ID: 1.
2026-06-24 21:42:58 INFO  c.e.l.controller.ProveedorControllerV2 - Solicitud para buscar proveedor por ID: 1.-> encontrado
2026-06-24 21:42:58 INFO  c.e.l.controller.ProveedorControllerV2 - Recibiendo solicitud para borrar proveedor con ID: 1.
2026-06-24 21:42:58 INFO  o.s.cloud.netflix.eureka.InstanceInfoFactory - Setting initial instance status as: STARTING
2026-06-24 21:42:58 INFO  o.s.c.n.e.serviceregistry.EurekaServiceRegistry - Unregistering application LMCATALOGMS with eureka with status DOWN
2026-06-24 21:42:58 INFO  o.s.orm.jpa.LocalContainerEntityManagerFactoryBean - Closing JPA EntityManagerFactory for persistence unit 'default'
2026-06-24 21:42:58 INFO  com.zaxxer.hikari.HikariDataSource - HikariPool-1 - Shutdown initiated...
2026-06-24 21:42:58 INFO  com.zaxxer.hikari.HikariDataSource - HikariPool-1 - Shutdown completed.
2026-06-24 21:42:58 INFO  o.s.cloud.netflix.eureka.InstanceInfoFactory - Setting initial instance status as: STARTING
2026-06-24 21:42:58 INFO  o.s.c.n.e.serviceregistry.EurekaServiceRegistry - Unregistering application LMCATALOGMS with eureka with status DOWN
2026-06-24 21:42:58 INFO  o.s.orm.jpa.LocalContainerEntityManagerFactoryBean - Closing JPA EntityManagerFactory for persistence unit 'default'
2026-06-24 21:42:58 INFO  com.zaxxer.hikari.HikariDataSource - HikariPool-2 - Shutdown initiated...
2026-06-24 21:42:58 INFO  com.zaxxer.hikari.HikariDataSource - HikariPool-2 - Shutdown completed.
